/* Auto-generated by scripts/compile_shaders.sh — do not edit by hand */

/* hybrid1_shadow_rgen_spv.spv 11124 bytes */
static const uint8_t vk_hybrid1_shadow_rgen_spv[] = {
	0x03, 0x02, 0x23, 0x07, 0x00, 0x05, 0x01, 0x00, 0x0B, 0x00, 0x08, 0x00, 0xAC, 0x01, 0x00, 0x00,
	0x00, 0x00, 0x00, 0x00, 0x11, 0x00, 0x02, 0x00, 0x7F, 0x11, 0x00, 0x00, 0x0A, 0x00, 0x06, 0x00,
	0x53, 0x50, 0x56, 0x5F, 0x4B, 0x48, 0x52, 0x5F, 0x72, 0x61, 0x79, 0x5F, 0x74, 0x72, 0x61, 0x63,
	0x69, 0x6E, 0x67, 0x00, 0x0B, 0x00, 0x06, 0x00, 0x01, 0x00, 0x00, 0x00, 0x47, 0x4C, 0x53, 0x4C,
	0x2E, 0x73, 0x74, 0x64, 0x2E, 0x34, 0x35, 0x30, 0x00, 0x00, 0x00, 0x00, 0x0E, 0x00, 0x03, 0x00,
	0x00, 0x00, 0x00, 0x00, 0x01, 0x00, 0x00, 0x00, 0x0F, 0x00, 0x0E, 0x00, 0xC1, 0x14, 0x00, 0x00,
	0x04, 0x00, 0x00, 0x00, 0x6D, 0x61, 0x69, 0x6E, 0x00, 0x00, 0x00, 0x00, 0x6F, 0x00, 0x00, 0x00,
	0x7B, 0x00, 0x00, 0x00, 0x89, 0x00, 0x00, 0x00, 0x98, 0x00, 0x00, 0x00, 0xC6, 0x00, 0x00, 0x00,
	0x15, 0x01, 0x00, 0x00, 0x18, 0x01, 0x00, 0x00, 0x37, 0x01, 0x00, 0x00, 0xAB, 0x01, 0x00, 0x00,
	0x03, 0x00, 0x03, 0x00, 0x02, 0x00, 0x00, 0x00, 0xCC, 0x01, 0x00, 0x00, 0x04, 0x00, 0x06, 0x00,
	0x47, 0x4C, 0x5F, 0x45, 0x58, 0x54, 0x5F, 0x72, 0x61, 0x79, 0x5F, 0x74, 0x72, 0x61, 0x63, 0x69,
	0x6E, 0x67, 0x00, 0x00, 0x04, 0x00, 0x0A, 0x00, 0x47, 0x4C, 0x5F, 0x47, 0x4F, 0x4F, 0x47, 0x4C,
	0x45, 0x5F, 0x63, 0x70, 0x70, 0x5F, 0x73, 0x74, 0x79, 0x6C, 0x65, 0x5F, 0x6C, 0x69, 0x6E, 0x65,
	0x5F, 0x64, 0x69, 0x72, 0x65, 0x63, 0x74, 0x69, 0x76, 0x65, 0x00, 0x00, 0x04, 0x00, 0x08, 0x00,
	0x47, 0x4C, 0x5F, 0x47, 0x4F, 0x4F, 0x47, 0x4C, 0x45, 0x5F, 0x69, 0x6E, 0x63, 0x6C, 0x75, 0x64,
	0x65, 0x5F, 0x64, 0x69, 0x72, 0x65, 0x63, 0x74, 0x69, 0x76, 0x65, 0x00, 0x05, 0x00, 0x04, 0x00,
	0x04, 0x00, 0x00, 0x00, 0x6D, 0x61, 0x69, 0x6E, 0x00, 0x00, 0x00, 0x00, 0x05, 0x00, 0x0B, 0x00,
	0x11, 0x00, 0x00, 0x00, 0x68, 0x79, 0x62, 0x72, 0x69, 0x64, 0x31, 0x5F, 0x73, 0x6F, 0x66, 0x74,
	0x53, 0x75, 0x6E, 0x44, 0x69, 0x72, 0x28, 0x76, 0x66, 0x33, 0x3B, 0x76, 0x66, 0x32, 0x3B, 0x66,
	0x31, 0x3B, 0x66, 0x31, 0x3B, 0x00, 0x00, 0x00, 0x05, 0x00, 0x03, 0x00, 0x0D, 0x00, 0x00, 0x00,
	0x4C, 0x00, 0x00, 0x00, 0x05, 0x00, 0x03, 0x00, 0x0E, 0x00, 0x00, 0x00, 0x75, 0x76, 0x00, 0x00,
	0x05, 0x00, 0x05, 0x00, 0x0F, 0x00, 0x00, 0x00, 0x66, 0x72, 0x61, 0x6D, 0x65, 0x53, 0x65, 0x65,
	0x64, 0x00, 0x00, 0x00, 0x05, 0x00, 0x05, 0x00, 0x10, 0x00, 0x00, 0x00, 0x72, 0x61, 0x64, 0x69,
	0x75, 0x73, 0x44, 0x65, 0x67, 0x00, 0x00, 0x00, 0x05, 0x00, 0x03, 0x00, 0x1B, 0x00, 0x00, 0x00,
	0x72, 0x30, 0x00, 0x00, 0x05, 0x00, 0x03, 0x00, 0x27, 0x00, 0x00, 0x00, 0x72, 0x31, 0x00, 0x00,
	0x05, 0x00, 0x03, 0x00, 0x35, 0x00, 0x00, 0x00, 0x75, 0x70, 0x00, 0x00, 0x05, 0x00, 0x03, 0x00,
	0x42, 0x00, 0x00, 0x00, 0x54, 0x00, 0x00, 0x00, 0x05, 0x00, 0x03, 0x00, 0x47, 0x00, 0x00, 0x00,
	0x42, 0x00, 0x00, 0x00, 0x05, 0x00, 0x03, 0x00, 0x4B, 0x00, 0x00, 0x00, 0x61, 0x6E, 0x67, 0x00,
	0x05, 0x00, 0x03, 0x00, 0x4E, 0x00, 0x00, 0x00, 0x72, 0x00, 0x00, 0x00, 0x05, 0x00, 0x03, 0x00,
	0x54, 0x00, 0x00, 0x00, 0x70, 0x68, 0x69, 0x00, 0x05, 0x00, 0x04, 0x00, 0x6A, 0x00, 0x00, 0x00,
	0x65, 0x78, 0x74, 0x65, 0x6E, 0x74, 0x00, 0x00, 0x05, 0x00, 0x06, 0x00, 0x6D, 0x00, 0x00, 0x00,
	0x48, 0x79, 0x62, 0x72, 0x69, 0x64, 0x31, 0x46, 0x72, 0x61, 0x6D, 0x65, 0x00, 0x00, 0x00, 0x00,
	0x06, 0x00, 0x06, 0x00, 0x6D, 0x00, 0x00, 0x00, 0x00, 0x00, 0x00, 0x00, 0x69, 0x6E, 0x76, 0x56,
	0x69, 0x65, 0x77, 0x50, 0x72, 0x6F, 0x6A, 0x00, 0x06, 0x00, 0x07, 0x00, 0x6D, 0x00, 0x00, 0x00,
	0x01, 0x00, 0x00, 0x00, 0x70, 0x72, 0x65, 0x76, 0x56, 0x69, 0x65, 0x77, 0x50, 0x72, 0x6F, 0x6A,
	0x00, 0x00, 0x00, 0x00, 0x06, 0x00, 0x06, 0x00, 0x6D, 0x00, 0x00, 0x00, 0x02, 0x00, 0x00, 0x00,
	0x76, 0x69, 0x65, 0x77, 0x50, 0x72, 0x6F, 0x6A, 0x00, 0x00, 0x00, 0x00, 0x06, 0x00, 0x06, 0x00,
	0x6D, 0x00, 0x00, 0x00, 0x03, 0x00, 0x00, 0x00, 0x76, 0x69, 0x65, 0x77, 0x4F, 0x72, 0x69, 0x67,
	0x69, 0x6E, 0x00, 0x00, 0x06, 0x00, 0x07, 0x00, 0x6D, 0x00, 0x00, 0x00, 0x04, 0x00, 0x00, 0x00,
	0x73, 0x75, 0x6E, 0x44, 0x69, 0x72, 0x65, 0x63, 0x74, 0x69, 0x6F, 0x6E, 0x00, 0x00, 0x00, 0x00,
	0x06, 0x00, 0x06, 0x00, 0x6D, 0x00, 0x00, 0x00, 0x05, 0x00, 0x00, 0x00, 0x6F, 0x75, 0x74, 0x70,
	0x75, 0x74, 0x53, 0x69, 0x7A, 0x65, 0x00, 0x00, 0x06, 0x00, 0x05, 0x00, 0x6D, 0x00, 0x00, 0x00,
	0x06, 0x00, 0x00, 0x00, 0x70, 0x61, 0x72, 0x61, 0x6D, 0x73, 0x30, 0x00, 0x06, 0x00, 0x05, 0x00,
	0x6D, 0x00, 0x00, 0x00, 0x07, 0x00, 0x00, 0x00, 0x70, 0x61, 0x72, 0x61, 0x6D, 0x73, 0x31, 0x00,
	0x06, 0x00, 0x05, 0x00, 0x6D, 0x00, 0x00, 0x00, 0x08, 0x00, 0x00, 0x00, 0x70, 0x61, 0x72, 0x61,
	0x6D, 0x73, 0x32, 0x00, 0x06, 0x00, 0x05, 0x00, 0x6D, 0x00, 0x00, 0x00, 0x09, 0x00, 0x00, 0x00,
	0x70, 0x61, 0x72, 0x61, 0x6D, 0x73, 0x33, 0x00, 0x06, 0x00, 0x05, 0x00, 0x6D, 0x00, 0x00, 0x00,
	0x0A, 0x00, 0x00, 0x00, 0x70, 0x61, 0x72, 0x61, 0x6D, 0x73, 0x34, 0x00, 0x06, 0x00, 0x05, 0x00,
	0x6D, 0x00, 0x00, 0x00, 0x0B, 0x00, 0x00, 0x00, 0x70, 0x61, 0x72, 0x61, 0x6D, 0x73, 0x35, 0x00,
	0x06, 0x00, 0x06, 0x00, 0x6D, 0x00, 0x00, 0x00, 0x0C, 0x00, 0x00, 0x00, 0x64, 0x6C, 0x69, 0x67,
	0x68, 0x74, 0x44, 0x69, 0x72, 0x00, 0x00, 0x00, 0x05, 0x00, 0x03, 0x00, 0x6F, 0x00, 0x00, 0x00,
	0x68, 0x31, 0x00, 0x00, 0x05, 0x00, 0x03, 0x00, 0x78, 0x00, 0x00, 0x00, 0x75, 0x76, 0x00, 0x00,
	0x05, 0x00, 0x06, 0x00, 0x7B, 0x00, 0x00, 0x00, 0x67, 0x6C, 0x5F, 0x4C, 0x61, 0x75, 0x6E, 0x63,
	0x68, 0x49, 0x44, 0x45, 0x58, 0x54, 0x00, 0x00, 0x05, 0x00, 0x04, 0x00, 0x85, 0x00, 0x00, 0x00,
	0x64, 0x65, 0x70, 0x74, 0x68, 0x00, 0x00, 0x00, 0x05, 0x00, 0x05, 0x00, 0x89, 0x00, 0x00, 0x00,
	0x64, 0x65, 0x70, 0x74, 0x68, 0x54, 0x65, 0x78, 0x00, 0x00, 0x00, 0x00, 0x05, 0x00, 0x05, 0x00,
	0x98, 0x00, 0x00, 0x00, 0x73, 0x68, 0x61, 0x64, 0x6F, 0x77, 0x4F, 0x75, 0x74, 0x00, 0x00, 0x00,
	0x05, 0x00, 0x04, 0x00, 0xA1, 0x00, 0x00, 0x00, 0x63, 0x6C, 0x69, 0x70, 0x00, 0x00, 0x00, 0x00,
	0x05, 0x00, 0x05, 0x00, 0xAB, 0x00, 0x00, 0x00, 0x77, 0x6F, 0x72, 0x6C, 0x64, 0x50, 0x6F, 0x73,
	0x34, 0x00, 0x00, 0x00, 0x05, 0x00, 0x05, 0x00, 0xBB, 0x00, 0x00, 0x00, 0x77, 0x6F, 0x72, 0x6C,
	0x64, 0x50, 0x6F, 0x73, 0x00, 0x00, 0x00, 0x00, 0x05, 0x00, 0x03, 0x00, 0xBE, 0x00, 0x00, 0x00,
	0x4E, 0x00, 0x00, 0x00, 0x05, 0x00, 0x05, 0x00, 0xC6, 0x00, 0x00, 0x00, 0x6E, 0x6F, 0x72, 0x6D,
	0x61, 0x6C, 0x54, 0x65, 0x78, 0x00, 0x00, 0x00, 0x05, 0x00, 0x04, 0x00, 0xCE, 0x00, 0x00, 0x00,
	0x6E, 0x4C, 0x65, 0x6E, 0x00, 0x00, 0x00, 0x00, 0x05, 0x00, 0x03, 0x00, 0xDA, 0x00, 0x00, 0x00,
	0x4C, 0x00, 0x00, 0x00, 0x05, 0x00, 0x05, 0x00, 0xE0, 0x00, 0x00, 0x00, 0x73, 0x68, 0x61, 0x64,
	0x6F, 0x77, 0x41, 0x6E, 0x67, 0x6C, 0x65, 0x00, 0x05, 0x00, 0x05, 0x00, 0xE8, 0x00, 0x00, 0x00,
	0x72, 0x61, 0x64, 0x69, 0x75, 0x73, 0x44, 0x65, 0x67, 0x00, 0x00, 0x00, 0x05, 0x00, 0x03, 0x00,
	0xF5, 0x00, 0x00, 0x00, 0x6E, 0x64, 0x6C, 0x00, 0x05, 0x00, 0x03, 0x00, 0xFF, 0x00, 0x00, 0x00,
	0x72, 0x64, 0x00, 0x00, 0x05, 0x00, 0x04, 0x00, 0x01, 0x01, 0x00, 0x00, 0x70, 0x61, 0x72, 0x61,
	0x6D, 0x00, 0x00, 0x00, 0x05, 0x00, 0x04, 0x00, 0x03, 0x01, 0x00, 0x00, 0x70, 0x61, 0x72, 0x61,
	0x6D, 0x00, 0x00, 0x00, 0x05, 0x00, 0x04, 0x00, 0x05, 0x01, 0x00, 0x00, 0x70, 0x61, 0x72, 0x61,
	0x6D, 0x00, 0x00, 0x00, 0x05, 0x00, 0x04, 0x00, 0x08, 0x01, 0x00, 0x00, 0x70, 0x61, 0x72, 0x61,
	0x6D, 0x00, 0x00, 0x00, 0x05, 0x00, 0x03, 0x00, 0x0B, 0x01, 0x00, 0x00, 0x72, 0x6F, 0x00, 0x00,
	0x05, 0x00, 0x04, 0x00, 0x13, 0x01, 0x00, 0x00, 0x73, 0x75, 0x6E, 0x56, 0x69, 0x73, 0x00, 0x00,
	0x05, 0x00, 0x05, 0x00, 0x15, 0x01, 0x00, 0x00, 0x73, 0x68, 0x61, 0x64, 0x6F, 0x77, 0x56, 0x69,
	0x73, 0x00, 0x00, 0x00, 0x05, 0x00, 0x05, 0x00, 0x18, 0x01, 0x00, 0x00, 0x74, 0x6F, 0x70, 0x4C,
	0x65, 0x76, 0x65, 0x6C, 0x41, 0x53, 0x00, 0x00, 0x05, 0x00, 0x04, 0x00, 0x23, 0x01, 0x00, 0x00,
	0x6F, 0x75, 0x74, 0x56, 0x69, 0x73, 0x00, 0x00, 0x05, 0x00, 0x06, 0x00, 0x25, 0x01, 0x00, 0x00,
	0x64, 0x6C, 0x69, 0x67, 0x68, 0x74, 0x42, 0x75, 0x64, 0x67, 0x65, 0x74, 0x00, 0x00, 0x00, 0x00,
	0x05, 0x00, 0x04, 0x00, 0x2D, 0x01, 0x00, 0x00, 0x77, 0x61, 0x6E, 0x74, 0x00, 0x00, 0x00, 0x00,
	0x05, 0x00, 0x04, 0x00, 0x33, 0x01, 0x00, 0x00, 0x70, 0x61, 0x63, 0x6B, 0x65, 0x64, 0x00, 0x00,
	0x05, 0x00, 0x06, 0x00, 0x35, 0x01, 0x00, 0x00, 0x48, 0x79, 0x62, 0x72, 0x69, 0x64, 0x31, 0x46,
	0x70, 0x4C, 0x69, 0x67, 0x68, 0x74, 0x73, 0x00, 0x06, 0x00, 0x07, 0x00, 0x35, 0x01, 0x00, 0x00,
	0x00, 0x00, 0x00, 0x00, 0x66, 0x70, 0x5F, 0x6C, 0x69, 0x67, 0x68, 0x74, 0x5F, 0x64, 0x61, 0x74,
	0x61, 0x00, 0x00, 0x00, 0x05, 0x00, 0x03, 0x00, 0x37, 0x01, 0x00, 0x00, 0x00, 0x00, 0x00, 0x00,
	0x05, 0x00, 0x03, 0x00, 0x3D, 0x01, 0x00, 0x00, 0x6E, 0x00, 0x00, 0x00, 0x05, 0x00, 0x04, 0x00,
	0x47, 0x01, 0x00, 0x00, 0x64, 0x6C, 0x56, 0x69, 0x73, 0x00, 0x00, 0x00, 0x05, 0x00, 0x03, 0x00,
	0x48, 0x01, 0x00, 0x00, 0x69, 0x00, 0x00, 0x00, 0x05, 0x00, 0x03, 0x00, 0x51, 0x01, 0x00, 0x00,
	0x62, 0x30, 0x00, 0x00, 0x05, 0x00, 0x04, 0x00, 0x55, 0x01, 0x00, 0x00, 0x6C, 0x70, 0x6F, 0x73,
	0x00, 0x00, 0x00, 0x00, 0x05, 0x00, 0x03, 0x00, 0x5B, 0x01, 0x00, 0x00, 0x72, 0x61, 0x64, 0x00,
	0x05, 0x00, 0x03, 0x00, 0x60, 0x01, 0x00, 0x00, 0x74, 0x6F, 0x4C, 0x00, 0x05, 0x00, 0x04, 0x00,
	0x64, 0x01, 0x00, 0x00, 0x64, 0x69, 0x73, 0x74, 0x00, 0x00, 0x00, 0x00, 0x05, 0x00, 0x03, 0x00,
	0x71, 0x01, 0x00, 0x00, 0x64, 0x52, 0x64, 0x00, 0x05, 0x00, 0x03, 0x00, 0x8F, 0x01, 0x00, 0x00,
	0x64, 0x52, 0x64, 0x00, 0x05, 0x00, 0x05, 0x00, 0xAB, 0x01, 0x00, 0x00, 0x6D, 0x61, 0x74, 0x65,
	0x72, 0x69, 0x61, 0x6C, 0x54, 0x65, 0x78, 0x00, 0x47, 0x00, 0x03, 0x00, 0x6D, 0x00, 0x00, 0x00,
	0x02, 0x00, 0x00, 0x00, 0x48, 0x00, 0x04, 0x00, 0x6D, 0x00, 0x00, 0x00, 0x00, 0x00, 0x00, 0x00,
	0x05, 0x00, 0x00, 0x00, 0x48, 0x00, 0x05, 0x00, 0x6D, 0x00, 0x00, 0x00, 0x00, 0x00, 0x00, 0x00,
	0x07, 0x00, 0x00, 0x00, 0x10, 0x00, 0x00, 0x00, 0x48, 0x00, 0x05, 0x00, 0x6D, 0x00, 0x00, 0x00,
	0x00, 0x00, 0x00, 0x00, 0x23, 0x00, 0x00, 0x00, 0x00, 0x00, 0x00, 0x00, 0x48, 0x00, 0x04, 0x00,
	0x6D, 0x00, 0x00, 0x00, 0x01, 0x00, 0x00, 0x00, 0x05, 0x00, 0x00, 0x00, 0x48, 0x00, 0x05, 0x00,
	0x6D, 0x00, 0x00, 0x00, 0x01, 0x00, 0x00, 0x00, 0x07, 0x00, 0x00, 0x00, 0x10, 0x00, 0x00, 0x00,
	0x48, 0x00, 0x05, 0x00, 0x6D, 0x00, 0x00, 0x00, 0x01, 0x00, 0x00, 0x00, 0x23, 0x00, 0x00, 0x00,
	0x40, 0x00, 0x00, 0x00, 0x48, 0x00, 0x04, 0x00, 0x6D, 0x00, 0x00, 0x00, 0x02, 0x00, 0x00, 0x00,
	0x05, 0x00, 0x00, 0x00, 0x48, 0x00, 0x05, 0x00, 0x6D, 0x00, 0x00, 0x00, 0x02, 0x00, 0x00, 0x00,
	0x07, 0x00, 0x00, 0x00, 0x10, 0x00, 0x00, 0x00, 0x48, 0x00, 0x05, 0x00, 0x6D, 0x00, 0x00, 0x00,
	0x02, 0x00, 0x00, 0x00, 0x23, 0x00, 0x00, 0x00, 0x80, 0x00, 0x00, 0x00, 0x48, 0x00, 0x05, 0x00,
	0x6D, 0x00, 0x00, 0x00, 0x03, 0x00, 0x00, 0x00, 0x23, 0x00, 0x00, 0x00, 0xC0, 0x00, 0x00, 0x00,
	0x48, 0x00, 0x05, 0x00, 0x6D, 0x00, 0x00, 0x00, 0x04, 0x00, 0x00, 0x00, 0x23, 0x00, 0x00, 0x00,
	0xD0, 0x00, 0x00, 0x00, 0x48, 0x00, 0x05, 0x00, 0x6D, 0x00, 0x00, 0x00, 0x05, 0x00, 0x00, 0x00,
	0x23, 0x00, 0x00, 0x00, 0xE0, 0x00, 0x00, 0x00, 0x48, 0x00, 0x05, 0x00, 0x6D, 0x00, 0x00, 0x00,
	0x06, 0x00, 0x00, 0x00, 0x23, 0x00, 0x00, 0x00, 0xF0, 0x00, 0x00, 0x00, 0x48, 0x00, 0x05, 0x00,
	0x6D, 0x00, 0x00, 0x00, 0x07, 0x00, 0x00, 0x00, 0x23, 0x00, 0x00, 0x00, 0x00, 0x01, 0x00, 0x00,
	0x48, 0x00, 0x05, 0x00, 0x6D, 0x00, 0x00, 0x00, 0x08, 0x00, 0x00, 0x00, 0x23, 0x00, 0x00, 0x00,
	0x10, 0x01, 0x00, 0x00, 0x48, 0x00, 0x05, 0x00, 0x6D, 0x00, 0x00, 0x00, 0x09, 0x00, 0x00, 0x00,
	0x23, 0x00, 0x00, 0x00, 0x20, 0x01, 0x00, 0x00, 0x48, 0x00, 0x05, 0x00, 0x6D, 0x00, 0x00, 0x00,
	0x0A, 0x00, 0x00, 0x00, 0x23, 0x00, 0x00, 0x00, 0x30, 0x01, 0x00, 0x00, 0x48, 0x00, 0x05, 0x00,
	0x6D, 0x00, 0x00, 0x00, 0x0B, 0x00, 0x00, 0x00, 0x23, 0x00, 0x00, 0x00, 0x40, 0x01, 0x00, 0x00,
	0x48, 0x00, 0x05, 0x00, 0x6D, 0x00, 0x00, 0x00, 0x0C, 0x00, 0x00, 0x00, 0x23, 0x00, 0x00, 0x00,
	0x50, 0x01, 0x00, 0x00, 0x47, 0x00, 0x04, 0x00, 0x6F, 0x00, 0x00, 0x00, 0x21, 0x00, 0x00, 0x00,
	0x02, 0x00, 0x00, 0x00, 0x47, 0x00, 0x04, 0x00, 0x6F, 0x00, 0x00, 0x00, 0x22, 0x00, 0x00, 0x00,
	0x00, 0x00, 0x00, 0x00, 0x47, 0x00, 0x04, 0x00, 0x7B, 0x00, 0x00, 0x00, 0x0B, 0x00, 0x00, 0x00,
	0xC7, 0x14, 0x00, 0x00, 0x47, 0x00, 0x04, 0x00, 0x89, 0x00, 0x00, 0x00, 0x21, 0x00, 0x00, 0x00,
	0x03, 0x00, 0x00, 0x00, 0x47, 0x00, 0x04, 0x00, 0x89, 0x00, 0x00, 0x00, 0x22, 0x00, 0x00, 0x00,
	0x00, 0x00, 0x00, 0x00, 0x47, 0x00, 0x03, 0x00, 0x98, 0x00, 0x00, 0x00, 0x19, 0x00, 0x00, 0x00,
	0x47, 0x00, 0x04, 0x00, 0x98, 0x00, 0x00, 0x00, 0x21, 0x00, 0x00, 0x00, 0x01, 0x00, 0x00, 0x00,
	0x47, 0x00, 0x04, 0x00, 0x98, 0x00, 0x00, 0x00, 0x22, 0x00, 0x00, 0x00, 0x00, 0x00, 0x00, 0x00,
	0x47, 0x00, 0x04, 0x00, 0xC6, 0x00, 0x00, 0x00, 0x21, 0x00, 0x00, 0x00, 0x04, 0x00, 0x00, 0x00,
	0x47, 0x00, 0x04, 0x00, 0xC6, 0x00, 0x00, 0x00, 0x22, 0x00, 0x00, 0x00, 0x00, 0x00, 0x00, 0x00,
	0x47, 0x00, 0x04, 0x00, 0x18, 0x01, 0x00, 0x00, 0x21, 0x00, 0x00, 0x00, 0x00, 0x00, 0x00, 0x00,
	0x47, 0x00, 0x04, 0x00, 0x18, 0x01, 0x00, 0x00, 0x22, 0x00, 0x00, 0x00, 0x00, 0x00, 0x00, 0x00,
	0x47, 0x00, 0x04, 0x00, 0x34, 0x01, 0x00, 0x00, 0x06, 0x00, 0x00, 0x00, 0x10, 0x00, 0x00, 0x00,
	0x47, 0x00, 0x03, 0x00, 0x35, 0x01, 0x00, 0x00, 0x02, 0x00, 0x00, 0x00, 0x48, 0x00, 0x04, 0x00,
	0x35, 0x01, 0x00, 0x00, 0x00, 0x00, 0x00, 0x00, 0x18, 0x00, 0x00, 0x00, 0x48, 0x00, 0x05, 0x00,
	0x35, 0x01, 0x00, 0x00, 0x00, 0x00, 0x00, 0x00, 0x23, 0x00, 0x00, 0x00, 0x00, 0x00, 0x00, 0x00,
	0x47, 0x00, 0x03, 0x00, 0x37, 0x01, 0x00, 0x00, 0x18, 0x00, 0x00, 0x00, 0x47, 0x00, 0x04, 0x00,
	0x37, 0x01, 0x00, 0x00, 0x21, 0x00, 0x00, 0x00, 0x0B, 0x00, 0x00, 0x00, 0x47, 0x00, 0x04, 0x00,
	0x37, 0x01, 0x00, 0x00, 0x22, 0x00, 0x00, 0x00, 0x00, 0x00, 0x00, 0x00, 0x47, 0x00, 0x04, 0x00,
	0xAB, 0x01, 0x00, 0x00, 0x21, 0x00, 0x00, 0x00, 0x05, 0x00, 0x00, 0x00, 0x47, 0x00, 0x04, 0x00,
	0xAB, 0x01, 0x00, 0x00, 0x22, 0x00, 0x00, 0x00, 0x00, 0x00, 0x00, 0x00, 0x13, 0x00, 0x02, 0x00,
	0x02, 0x00, 0x00, 0x00, 0x21, 0x00, 0x03, 0x00, 0x03, 0x00, 0x00, 0x00, 0x02, 0x00, 0x00, 0x00,
	0x16, 0x00, 0x03, 0x00, 0x06, 0x00, 0x00, 0x00, 0x20, 0x00, 0x00, 0x00, 0x17, 0x00, 0x04, 0x00,
	0x07, 0x00, 0x00, 0x00, 0x06, 0x00, 0x00, 0x00, 0x03, 0x00, 0x00, 0x00, 0x20, 0x00, 0x04, 0x00,
	0x08, 0x00, 0x00, 0x00, 0x07, 0x00, 0x00, 0x00, 0x07, 0x00, 0x00, 0x00, 0x17, 0x00, 0x04, 0x00,
	0x09, 0x00, 0x00, 0x00, 0x06, 0x00, 0x00, 0x00, 0x02, 0x00, 0x00, 0x00, 0x20, 0x00, 0x04, 0x00,
	0x0A, 0x00, 0x00, 0x00, 0x07, 0x00, 0x00, 0x00, 0x09, 0x00, 0x00, 0x00, 0x20, 0x00, 0x04, 0x00,
	0x0B, 0x00, 0x00, 0x00, 0x07, 0x00, 0x00, 0x00, 0x06, 0x00, 0x00, 0x00, 0x21, 0x00, 0x07, 0x00,
	0x0C, 0x00, 0x00, 0x00, 0x07, 0x00, 0x00, 0x00, 0x08, 0x00, 0x00, 0x00, 0x0A, 0x00, 0x00, 0x00,
	0x0B, 0x00, 0x00, 0x00, 0x0B, 0x00, 0x00, 0x00, 0x2B, 0x00, 0x04, 0x00, 0x06, 0x00, 0x00, 0x00,
	0x14, 0x00, 0x00, 0x00, 0x17, 0xB7, 0xD1, 0x38, 0x14, 0x00, 0x02, 0x00, 0x15, 0x00, 0x00, 0x00,
	0x2B, 0x00, 0x04, 0x00, 0x06, 0x00, 0x00, 0x00, 0x1F, 0x00, 0x00, 0x00, 0x39, 0xD6, 0x4F, 0x41,
	0x2B, 0x00, 0x04, 0x00, 0x06, 0x00, 0x00, 0x00, 0x20, 0x00, 0x00, 0x00, 0x4C, 0x77, 0x9C, 0x42,
	0x2C, 0x00, 0x05, 0x00, 0x09, 0x00, 0x00, 0x00, 0x21, 0x00, 0x00, 0x00, 0x1F, 0x00, 0x00, 0x00,
	0x20, 0x00, 0x00, 0x00, 0x2B, 0x00, 0x04, 0x00, 0x06, 0x00, 0x00, 0x00, 0x24, 0x00, 0x00, 0x00,
	0x8C, 0xEE, 0x2A, 0x47, 0x2B, 0x00, 0x04, 0x00, 0x06, 0x00, 0x00, 0x00, 0x2A, 0x00, 0x00, 0x00,
	0x00, 0x00, 0x98, 0x41, 0x2B, 0x00, 0x04, 0x00, 0x06, 0x00, 0x00, 0x00, 0x2D, 0x00, 0x00, 0x00,
	0x4E, 0x62, 0x1D, 0x42, 0x2B, 0x00, 0x04, 0x00, 0x06, 0x00, 0x00, 0x00, 0x2E, 0x00, 0x00, 0x00,
	0xF6, 0x28, 0x32, 0x41, 0x2C, 0x00, 0x05, 0x00, 0x09, 0x00, 0x00, 0x00, 0x2F, 0x00, 0x00, 0x00,
	0x2D, 0x00, 0x00, 0x00, 0x2E, 0x00, 0x00, 0x00, 0x2B, 0x00, 0x04, 0x00, 0x06, 0x00, 0x00, 0x00,
	0x32, 0x00, 0x00, 0x00, 0x4B, 0x64, 0xB0, 0x46, 0x15, 0x00, 0x04, 0x00, 0x36, 0x00, 0x00, 0x00,
	0x20, 0x00, 0x00, 0x00, 0x00, 0x00, 0x00, 0x00, 0x2B, 0x00, 0x04, 0x00, 0x36, 0x00, 0x00, 0x00,
	0x37, 0x00, 0x00, 0x00, 0x02, 0x00, 0x00, 0x00, 0x2B, 0x00, 0x04, 0x00, 0x06, 0x00, 0x00, 0x00,
	0x3B, 0x00, 0x00, 0x00, 0x77, 0xBE, 0x7F, 0x3F, 0x2B, 0x00, 0x04, 0x00, 0x06, 0x00, 0x00, 0x00,
	0x3D, 0x00, 0x00, 0x00, 0x00, 0x00, 0x00, 0x00, 0x2B, 0x00, 0x04, 0x00, 0x06, 0x00, 0x00, 0x00,
	0x3E, 0x00, 0x00, 0x00, 0x00, 0x00, 0x80, 0x3F, 0x2C, 0x00, 0x06, 0x00, 0x07, 0x00, 0x00, 0x00,
	0x3F, 0x00, 0x00, 0x00, 0x3D, 0x00, 0x00, 0x00, 0x3D, 0x00, 0x00, 0x00, 0x3E, 0x00, 0x00, 0x00,
	0x2C, 0x00, 0x06, 0x00, 0x07, 0x00, 0x00, 0x00, 0x40, 0x00, 0x00, 0x00, 0x3E, 0x00, 0x00, 0x00,
	0x3D, 0x00, 0x00, 0x00, 0x3D, 0x00, 0x00, 0x00, 0x2B, 0x00, 0x04, 0x00, 0x06, 0x00, 0x00, 0x00,
	0x55, 0x00, 0x00, 0x00, 0xDB, 0x0F, 0xC9, 0x40, 0x17, 0x00, 0x04, 0x00, 0x6B, 0x00, 0x00, 0x00,
	0x06, 0x00, 0x00, 0x00, 0x04, 0x00, 0x00, 0x00, 0x18, 0x00, 0x04, 0x00, 0x6C, 0x00, 0x00, 0x00,
	0x6B, 0x00, 0x00, 0x00, 0x04, 0x00, 0x00, 0x00, 0x1E, 0x00, 0x0F, 0x00, 0x6D, 0x00, 0x00, 0x00,
	0x6C, 0x00, 0x00, 0x00, 0x6C, 0x00, 0x00, 0x00, 0x6C, 0x00, 0x00, 0x00, 0x6B, 0x00, 0x00, 0x00,
	0x6B, 0x00, 0x00, 0x00, 0x6B, 0x00, 0x00, 0x00, 0x6B, 0x00, 0x00, 0x00, 0x6B, 0x00, 0x00, 0x00,
	0x6B, 0x00, 0x00, 0x00, 0x6B, 0x00, 0x00, 0x00, 0x6B, 0x00, 0x00, 0x00, 0x6B, 0x00, 0x00, 0x00,
	0x6B, 0x00, 0x00, 0x00, 0x20, 0x00, 0x04, 0x00, 0x6E, 0x00, 0x00, 0x00, 0x02, 0x00, 0x00, 0x00,
	0x6D, 0x00, 0x00, 0x00, 0x3B, 0x00, 0x04, 0x00, 0x6E, 0x00, 0x00, 0x00, 0x6F, 0x00, 0x00, 0x00,
	0x02, 0x00, 0x00, 0x00, 0x15, 0x00, 0x04, 0x00, 0x70, 0x00, 0x00, 0x00, 0x20, 0x00, 0x00, 0x00,
	0x01, 0x00, 0x00, 0x00, 0x2B, 0x00, 0x04, 0x00, 0x70, 0x00, 0x00, 0x00, 0x71, 0x00, 0x00, 0x00,
	0x05, 0x00, 0x00, 0x00, 0x20, 0x00, 0x04, 0x00, 0x72, 0x00, 0x00, 0x00, 0x02, 0x00, 0x00, 0x00,
	0x6B, 0x00, 0x00, 0x00, 0x2C, 0x00, 0x05, 0x00, 0x09, 0x00, 0x00, 0x00, 0x76, 0x00, 0x00, 0x00,
	0x3E, 0x00, 0x00, 0x00, 0x3E, 0x00, 0x00, 0x00, 0x17, 0x00, 0x04, 0x00, 0x79, 0x00, 0x00, 0x00,
	0x36, 0x00, 0x00, 0x00, 0x03, 0x00, 0x00, 0x00, 0x20, 0x00, 0x04, 0x00, 0x7A, 0x00, 0x00, 0x00,
	0x01, 0x00, 0x00, 0x00, 0x79, 0x00, 0x00, 0x00, 0x3B, 0x00, 0x04, 0x00, 0x7A, 0x00, 0x00, 0x00,
	0x7B, 0x00, 0x00, 0x00, 0x01, 0x00, 0x00, 0x00, 0x17, 0x00, 0x04, 0x00, 0x7C, 0x00, 0x00, 0x00,
	0x36, 0x00, 0x00, 0x00, 0x02, 0x00, 0x00, 0x00, 0x2B, 0x00, 0x04, 0x00, 0x06, 0x00, 0x00, 0x00,
	0x80, 0x00, 0x00, 0x00, 0x00, 0x00, 0x00, 0x3F, 0x2C, 0x00, 0x05, 0x00, 0x09, 0x00, 0x00, 0x00,
	0x81, 0x00, 0x00, 0x00, 0x80, 0x00, 0x00, 0x00, 0x80, 0x00, 0x00, 0x00, 0x19, 0x00, 0x09, 0x00,
	0x86, 0x00, 0x00, 0x00, 0x06, 0x00, 0x00, 0x00, 0x01, 0x00, 0x00, 0x00, 0x00, 0x00, 0x00, 0x00,
	0x00, 0x00, 0x00, 0x00, 0x00, 0x00, 0x00, 0x00, 0x01, 0x00, 0x00, 0x00, 0x00, 0x00, 0x00, 0x00,
	0x1B, 0x00, 0x03, 0x00, 0x87, 0x00, 0x00, 0x00, 0x86, 0x00, 0x00, 0x00, 0x20, 0x00, 0x04, 0x00,
	0x88, 0x00, 0x00, 0x00, 0x00, 0x00, 0x00, 0x00, 0x87, 0x00, 0x00, 0x00, 0x3B, 0x00, 0x04, 0x00,
	0x88, 0x00, 0x00, 0x00, 0x89, 0x00, 0x00, 0x00, 0x00, 0x00, 0x00, 0x00, 0x2B, 0x00, 0x04, 0x00,
	0x36, 0x00, 0x00, 0x00, 0x8D, 0x00, 0x00, 0x00, 0x00, 0x00, 0x00, 0x00, 0x19, 0x00, 0x09, 0x00,
	0x96, 0x00, 0x00, 0x00, 0x06, 0x00, 0x00, 0x00, 0x01, 0x00, 0x00, 0x00, 0x00, 0x00, 0x00, 0x00,
	0x00, 0x00, 0x00, 0x00, 0x00, 0x00, 0x00, 0x00, 0x02, 0x00, 0x00, 0x00, 0x02, 0x00, 0x00, 0x00,
	0x20, 0x00, 0x04, 0x00, 0x97, 0x00, 0x00, 0x00, 0x00, 0x00, 0x00, 0x00, 0x96, 0x00, 0x00, 0x00,
	0x3B, 0x00, 0x04, 0x00, 0x97, 0x00, 0x00, 0x00, 0x98, 0x00, 0x00, 0x00, 0x00, 0x00, 0x00, 0x00,
	0x17, 0x00, 0x04, 0x00, 0x9C, 0x00, 0x00, 0x00, 0x70, 0x00, 0x00, 0x00, 0x02, 0x00, 0x00, 0x00,
	0x2C, 0x00, 0x07, 0x00, 0x6B, 0x00, 0x00, 0x00, 0x9E, 0x00, 0x00, 0x00, 0x3E, 0x00, 0x00, 0x00,
	0x3D, 0x00, 0x00, 0x00, 0x3D, 0x00, 0x00, 0x00, 0x3E, 0x00, 0x00, 0x00, 0x20, 0x00, 0x04, 0x00,
	0xA0, 0x00, 0x00, 0x00, 0x07, 0x00, 0x00, 0x00, 0x6B, 0x00, 0x00, 0x00, 0x2B, 0x00, 0x04, 0x00,
	0x06, 0x00, 0x00, 0x00, 0xA3, 0x00, 0x00, 0x00, 0x00, 0x00, 0x00, 0x40, 0x2B, 0x00, 0x04, 0x00,
	0x70, 0x00, 0x00, 0x00, 0xAC, 0x00, 0x00, 0x00, 0x00, 0x00, 0x00, 0x00, 0x20, 0x00, 0x04, 0x00,
	0xAD, 0x00, 0x00, 0x00, 0x02, 0x00, 0x00, 0x00, 0x6C, 0x00, 0x00, 0x00, 0x2B, 0x00, 0x04, 0x00,
	0x36, 0x00, 0x00, 0x00, 0xB2, 0x00, 0x00, 0x00, 0x03, 0x00, 0x00, 0x00, 0x2B, 0x00, 0x04, 0x00,
	0x06, 0x00, 0x00, 0x00, 0xB6, 0x00, 0x00, 0x00, 0xBD, 0x37, 0x86, 0x35, 0x2B, 0x00, 0x04, 0x00,
	0x70, 0x00, 0x00, 0x00, 0xBF, 0x00, 0x00, 0x00, 0x07, 0x00, 0x00, 0x00, 0x20, 0x00, 0x04, 0x00,
	0xC0, 0x00, 0x00, 0x00, 0x02, 0x00, 0x00, 0x00, 0x06, 0x00, 0x00, 0x00, 0x3B, 0x00, 0x04, 0x00,
	0x88, 0x00, 0x00, 0x00, 0xC6, 0x00, 0x00, 0x00, 0x00, 0x00, 0x00, 0x00, 0x2B, 0x00, 0x04, 0x00,
	0x06, 0x00, 0x00, 0x00, 0xD2, 0x00, 0x00, 0x00, 0x0A, 0xD7, 0x23, 0x3C, 0x2B, 0x00, 0x04, 0x00,
	0x70, 0x00, 0x00, 0x00, 0xDB, 0x00, 0x00, 0x00, 0x04, 0x00, 0x00, 0x00, 0x2B, 0x00, 0x04, 0x00,
	0x06, 0x00, 0x00, 0x00, 0xE4, 0x00, 0x00, 0x00, 0x00, 0x00, 0x80, 0xBF, 0x2B, 0x00, 0x04, 0x00,
	0x70, 0x00, 0x00, 0x00, 0xEC, 0x00, 0x00, 0x00, 0x08, 0x00, 0x00, 0x00, 0x2B, 0x00, 0x04, 0x00,
	0x06, 0x00, 0x00, 0x00, 0xFA, 0x00, 0x00, 0x00, 0x00, 0x00, 0x80, 0x3E, 0x2B, 0x00, 0x04, 0x00,
	0x70, 0x00, 0x00, 0x00, 0x00, 0x01, 0x00, 0x00, 0x06, 0x00, 0x00, 0x00, 0x20, 0x00, 0x04, 0x00,
	0x14, 0x01, 0x00, 0x00, 0xDA, 0x14, 0x00, 0x00, 0x06, 0x00, 0x00, 0x00, 0x3B, 0x00, 0x04, 0x00,
	0x14, 0x01, 0x00, 0x00, 0x15, 0x01, 0x00, 0x00, 0xDA, 0x14, 0x00, 0x00, 0xDD, 0x14, 0x02, 0x00,
	0x16, 0x01, 0x00, 0x00, 0x20, 0x00, 0x04, 0x00, 0x17, 0x01, 0x00, 0x00, 0x00, 0x00, 0x00, 0x00,
	0x16, 0x01, 0x00, 0x00, 0x3B, 0x00, 0x04, 0x00, 0x17, 0x01, 0x00, 0x00, 0x18, 0x01, 0x00, 0x00,
	0x00, 0x00, 0x00, 0x00, 0x2B, 0x00, 0x04, 0x00, 0x36, 0x00, 0x00, 0x00, 0x1A, 0x01, 0x00, 0x00,
	0x01, 0x00, 0x00, 0x00, 0x2B, 0x00, 0x04, 0x00, 0x36, 0x00, 0x00, 0x00, 0x1B, 0x01, 0x00, 0x00,
	0xFF, 0x00, 0x00, 0x00, 0x2B, 0x00, 0x04, 0x00, 0x06, 0x00, 0x00, 0x00, 0x21, 0x01, 0x00, 0x00,
	0x00, 0x50, 0xC3, 0x47, 0x20, 0x00, 0x04, 0x00, 0x2C, 0x01, 0x00, 0x00, 0x07, 0x00, 0x00, 0x00,
	0x36, 0x00, 0x00, 0x00, 0x2B, 0x00, 0x04, 0x00, 0x06, 0x00, 0x00, 0x00, 0x2F, 0x01, 0x00, 0x00,
	0x00, 0x00, 0x80, 0x40, 0x1D, 0x00, 0x03, 0x00, 0x34, 0x01, 0x00, 0x00, 0x6B, 0x00, 0x00, 0x00,
	0x1E, 0x00, 0x03, 0x00, 0x35, 0x01, 0x00, 0x00, 0x34, 0x01, 0x00, 0x00, 0x20, 0x00, 0x04, 0x00,
	0x36, 0x01, 0x00, 0x00, 0x0C, 0x00, 0x00, 0x00, 0x35, 0x01, 0x00, 0x00, 0x3B, 0x00, 0x04, 0x00,
	0x36, 0x01, 0x00, 0x00, 0x37, 0x01, 0x00, 0x00, 0x0C, 0x00, 0x00, 0x00, 0x20, 0x00, 0x04, 0x00,
	0x38, 0x01, 0x00, 0x00, 0x0C, 0x00, 0x00, 0x00, 0x06, 0x00, 0x00, 0x00, 0x2B, 0x00, 0x04, 0x00,
	0x36, 0x00, 0x00, 0x00, 0x40, 0x01, 0x00, 0x00, 0x04, 0x00, 0x00, 0x00, 0x20, 0x00, 0x04, 0x00,
	0x57, 0x01, 0x00, 0x00, 0x0C, 0x00, 0x00, 0x00, 0x6B, 0x00, 0x00, 0x00, 0x2B, 0x00, 0x04, 0x00,
	0x06, 0x00, 0x00, 0x00, 0x68, 0x01, 0x00, 0x00, 0x6F, 0x12, 0x83, 0x3A, 0x2B, 0x00, 0x04, 0x00,
	0x70, 0x00, 0x00, 0x00, 0x81, 0x01, 0x00, 0x00, 0x01, 0x00, 0x00, 0x00, 0x2B, 0x00, 0x04, 0x00,
	0x06, 0x00, 0x00, 0x00, 0x85, 0x01, 0x00, 0x00, 0x66, 0x66, 0x26, 0x3F, 0x2B, 0x00, 0x04, 0x00,
	0x70, 0x00, 0x00, 0x00, 0x89, 0x01, 0x00, 0x00, 0x0C, 0x00, 0x00, 0x00, 0x3B, 0x00, 0x04, 0x00,
	0x88, 0x00, 0x00, 0x00, 0xAB, 0x01, 0x00, 0x00, 0x00, 0x00, 0x00, 0x00, 0x36, 0x00, 0x05, 0x00,
	0x02, 0x00, 0x00, 0x00, 0x04, 0x00, 0x00, 0x00, 0x00, 0x00, 0x00, 0x00, 0x03, 0x00, 0x00, 0x00,
	0xF8, 0x00, 0x02, 0x00, 0x05, 0x00, 0x00, 0x00, 0x3B, 0x00, 0x04, 0x00, 0x0A, 0x00, 0x00, 0x00,
	0x6A, 0x00, 0x00, 0x00, 0x07, 0x00, 0x00, 0x00, 0x3B, 0x00, 0x04, 0x00, 0x0A, 0x00, 0x00, 0x00,
	0x78, 0x00, 0x00, 0x00, 0x07, 0x00, 0x00, 0x00, 0x3B, 0x00, 0x04, 0x00, 0x0B, 0x00, 0x00, 0x00,
	0x85, 0x00, 0x00, 0x00, 0x07, 0x00, 0x00, 0x00, 0x3B, 0x00, 0x04, 0x00, 0xA0, 0x00, 0x00, 0x00,
	0xA1, 0x00, 0x00, 0x00, 0x07, 0x00, 0x00, 0x00, 0x3B, 0x00, 0x04, 0x00, 0xA0, 0x00, 0x00, 0x00,
	0xAB, 0x00, 0x00, 0x00, 0x07, 0x00, 0x00, 0x00, 0x3B, 0x00, 0x04, 0x00, 0x08, 0x00, 0x00, 0x00,
	0xBB, 0x00, 0x00, 0x00, 0x07, 0x00, 0x00, 0x00, 0x3B, 0x00, 0x04, 0x00, 0x08, 0x00, 0x00, 0x00,
	0xBE, 0x00, 0x00, 0x00, 0x07, 0x00, 0x00, 0x00, 0x3B, 0x00, 0x04, 0x00, 0x0B, 0x00, 0x00, 0x00,
	0xCE, 0x00, 0x00, 0x00, 0x07, 0x00, 0x00, 0x00, 0x3B, 0x00, 0x04, 0x00, 0x08, 0x00, 0x00, 0x00,
	0xDA, 0x00, 0x00, 0x00, 0x07, 0x00, 0x00, 0x00, 0x3B, 0x00, 0x04, 0x00, 0x0B, 0x00, 0x00, 0x00,
	0xE0, 0x00, 0x00, 0x00, 0x07, 0x00, 0x00, 0x00, 0x3B, 0x00, 0x04, 0x00, 0x0B, 0x00, 0x00, 0x00,
	0xE8, 0x00, 0x00, 0x00, 0x07, 0x00, 0x00, 0x00, 0x3B, 0x00, 0x04, 0x00, 0x0B, 0x00, 0x00, 0x00,
	0xF5, 0x00, 0x00, 0x00, 0x07, 0x00, 0x00, 0x00, 0x3B, 0x00, 0x04, 0x00, 0x08, 0x00, 0x00, 0x00,
	0xFF, 0x00, 0x00, 0x00, 0x07, 0x00, 0x00, 0x00, 0x3B, 0x00, 0x04, 0x00, 0x08, 0x00, 0x00, 0x00,
	0x01, 0x01, 0x00, 0x00, 0x07, 0x00, 0x00, 0x00, 0x3B, 0x00, 0x04, 0x00, 0x0A, 0x00, 0x00, 0x00,
	0x03, 0x01, 0x00, 0x00, 0x07, 0x00, 0x00, 0x00, 0x3B, 0x00, 0x04, 0x00, 0x0B, 0x00, 0x00, 0x00,
	0x05, 0x01, 0x00, 0x00, 0x07, 0x00, 0x00, 0x00, 0x3B, 0x00, 0x04, 0x00, 0x0B, 0x00, 0x00, 0x00,
	0x08, 0x01, 0x00, 0x00, 0x07, 0x00, 0x00, 0x00, 0x3B, 0x00, 0x04, 0x00, 0x08, 0x00, 0x00, 0x00,
	0x0B, 0x01, 0x00, 0x00, 0x07, 0x00, 0x00, 0x00, 0x3B, 0x00, 0x04, 0x00, 0x0B, 0x00, 0x00, 0x00,
	0x13, 0x01, 0x00, 0x00, 0x07, 0x00, 0x00, 0x00, 0x3B, 0x00, 0x04, 0x00, 0x0B, 0x00, 0x00, 0x00,
	0x23, 0x01, 0x00, 0x00, 0x07, 0x00, 0x00, 0x00, 0x3B, 0x00, 0x04, 0x00, 0x0B, 0x00, 0x00, 0x00,
	0x25, 0x01, 0x00, 0x00, 0x07, 0x00, 0x00, 0x00, 0x3B, 0x00, 0x04, 0x00, 0x2C, 0x01, 0x00, 0x00,
	0x2D, 0x01, 0x00, 0x00, 0x07, 0x00, 0x00, 0x00, 0x3B, 0x00, 0x04, 0x00, 0x2C, 0x01, 0x00, 0x00,
	0x33, 0x01, 0x00, 0x00, 0x07, 0x00, 0x00, 0x00, 0x3B, 0x00, 0x04, 0x00, 0x2C, 0x01, 0x00, 0x00,
	0x3D, 0x01, 0x00, 0x00, 0x07, 0x00, 0x00, 0x00, 0x3B, 0x00, 0x04, 0x00, 0x0B, 0x00, 0x00, 0x00,
	0x47, 0x01, 0x00, 0x00, 0x07, 0x00, 0x00, 0x00, 0x3B, 0x00, 0x04, 0x00, 0x2C, 0x01, 0x00, 0x00,
	0x48, 0x01, 0x00, 0x00, 0x07, 0x00, 0x00, 0x00, 0x3B, 0x00, 0x04, 0x00, 0x2C, 0x01, 0x00, 0x00,
	0x51, 0x01, 0x00, 0x00, 0x07, 0x00, 0x00, 0x00, 0x3B, 0x00, 0x04, 0x00, 0x08, 0x00, 0x00, 0x00,
	0x55, 0x01, 0x00, 0x00, 0x07, 0x00, 0x00, 0x00, 0x3B, 0x00, 0x04, 0x00, 0x0B, 0x00, 0x00, 0x00,
	0x5B, 0x01, 0x00, 0x00, 0x07, 0x00, 0x00, 0x00, 0x3B, 0x00, 0x04, 0x00, 0x08, 0x00, 0x00, 0x00,
	0x60, 0x01, 0x00, 0x00, 0x07, 0x00, 0x00, 0x00, 0x3B, 0x00, 0x04, 0x00, 0x0B, 0x00, 0x00, 0x00,
	0x64, 0x01, 0x00, 0x00, 0x07, 0x00, 0x00, 0x00, 0x3B, 0x00, 0x04, 0x00, 0x08, 0x00, 0x00, 0x00,
	0x71, 0x01, 0x00, 0x00, 0x07, 0x00, 0x00, 0x00, 0x3B, 0x00, 0x04, 0x00, 0x08, 0x00, 0x00, 0x00,
	0x8F, 0x01, 0x00, 0x00, 0x07, 0x00, 0x00, 0x00, 0x41, 0x00, 0x05, 0x00, 0x72, 0x00, 0x00, 0x00,
	0x73, 0x00, 0x00, 0x00, 0x6F, 0x00, 0x00, 0x00, 0x71, 0x00, 0x00, 0x00, 0x3D, 0x00, 0x04, 0x00,
	0x6B, 0x00, 0x00, 0x00, 0x74, 0x00, 0x00, 0x00, 0x73, 0x00, 0x00, 0x00, 0x4F, 0x00, 0x07, 0x00,
	0x09, 0x00, 0x00, 0x00, 0x75, 0x00, 0x00, 0x00, 0x74, 0x00, 0x00, 0x00, 0x74, 0x00, 0x00, 0x00,
	0x00, 0x00, 0x00, 0x00, 0x01, 0x00, 0x00, 0x00, 0x0C, 0x00, 0x07, 0x00, 0x09, 0x00, 0x00, 0x00,
	0x77, 0x00, 0x00, 0x00, 0x01, 0x00, 0x00, 0x00, 0x28, 0x00, 0x00, 0x00, 0x75, 0x00, 0x00, 0x00,
	0x76, 0x00, 0x00, 0x00, 0x3E, 0x00, 0x03, 0x00, 0x6A, 0x00, 0x00, 0x00, 0x77, 0x00, 0x00, 0x00,
	0x3D, 0x00, 0x04, 0x00, 0x79, 0x00, 0x00, 0x00, 0x7D, 0x00, 0x00, 0x00, 0x7B, 0x00, 0x00, 0x00,
	0x4F, 0x00, 0x07, 0x00, 0x7C, 0x00, 0x00, 0x00, 0x7E, 0x00, 0x00, 0x00, 0x7D, 0x00, 0x00, 0x00,
	0x7D, 0x00, 0x00, 0x00, 0x00, 0x00, 0x00, 0x00, 0x01, 0x00, 0x00, 0x00, 0x70, 0x00, 0x04, 0x00,
	0x09, 0x00, 0x00, 0x00, 0x7F, 0x00, 0x00, 0x00, 0x7E, 0x00, 0x00, 0x00, 0x81, 0x00, 0x05, 0x00,
	0x09, 0x00, 0x00, 0x00, 0x82, 0x00, 0x00, 0x00, 0x7F, 0x00, 0x00, 0x00, 0x81, 0x00, 0x00, 0x00,
	0x3D, 0x00, 0x04, 0x00, 0x09, 0x00, 0x00, 0x00, 0x83, 0x00, 0x00, 0x00, 0x6A, 0x00, 0x00, 0x00,
	0x88, 0x00, 0x05, 0x00, 0x09, 0x00, 0x00, 0x00, 0x84, 0x00, 0x00, 0x00, 0x82, 0x00, 0x00, 0x00,
	0x83, 0x00, 0x00, 0x00, 0x3E, 0x00, 0x03, 0x00, 0x78, 0x00, 0x00, 0x00, 0x84, 0x00, 0x00, 0x00,
	0x3D, 0x00, 0x04, 0x00, 0x87, 0x00, 0x00, 0x00, 0x8A, 0x00, 0x00, 0x00, 0x89, 0x00, 0x00, 0x00,
	0x3D, 0x00, 0x04, 0x00, 0x09, 0x00, 0x00, 0x00, 0x8B, 0x00, 0x00, 0x00, 0x78, 0x00, 0x00, 0x00,
	0x58, 0x00, 0x07, 0x00, 0x6B, 0x00, 0x00, 0x00, 0x8C, 0x00, 0x00, 0x00, 0x8A, 0x00, 0x00, 0x00,
	0x8B, 0x00, 0x00, 0x00, 0x02, 0x00, 0x00, 0x00, 0x3D, 0x00, 0x00, 0x00, 0x51, 0x00, 0x05, 0x00,
	0x06, 0x00, 0x00, 0x00, 0x8E, 0x00, 0x00, 0x00, 0x8C, 0x00, 0x00, 0x00, 0x00, 0x00, 0x00, 0x00,
	0x3E, 0x00, 0x03, 0x00, 0x85, 0x00, 0x00, 0x00, 0x8E, 0x00, 0x00, 0x00, 0x3D, 0x00, 0x04, 0x00,
	0x06, 0x00, 0x00, 0x00, 0x8F, 0x00, 0x00, 0x00, 0x85, 0x00, 0x00, 0x00, 0xBC, 0x00, 0x05, 0x00,
	0x15, 0x00, 0x00, 0x00, 0x90, 0x00, 0x00, 0x00, 0x8F, 0x00, 0x00, 0x00, 0x3D, 0x00, 0x00, 0x00,
	0x3D, 0x00, 0x04, 0x00, 0x06, 0x00, 0x00, 0x00, 0x91, 0x00, 0x00, 0x00, 0x85, 0x00, 0x00, 0x00,
	0xBE, 0x00, 0x05, 0x00, 0x15, 0x00, 0x00, 0x00, 0x92, 0x00, 0x00, 0x00, 0x91, 0x00, 0x00, 0x00,
	0x3E, 0x00, 0x00, 0x00, 0xA6, 0x00, 0x05, 0x00, 0x15, 0x00, 0x00, 0x00, 0x93, 0x00, 0x00, 0x00,
	0x90, 0x00, 0x00, 0x00, 0x92, 0x00, 0x00, 0x00, 0xF7, 0x00, 0x03, 0x00, 0x95, 0x00, 0x00, 0x00,
	0x00, 0x00, 0x00, 0x00, 0xFA, 0x00, 0x04, 0x00, 0x93, 0x00, 0x00, 0x00, 0x94, 0x00, 0x00, 0x00,
	0x95, 0x00, 0x00, 0x00, 0xF8, 0x00, 0x02, 0x00, 0x94, 0x00, 0x00, 0x00, 0x3D, 0x00, 0x04, 0x00,
	0x96, 0x00, 0x00, 0x00, 0x99, 0x00, 0x00, 0x00, 0x98, 0x00, 0x00, 0x00, 0x3D, 0x00, 0x04, 0x00,
	0x79, 0x00, 0x00, 0x00, 0x9A, 0x00, 0x00, 0x00, 0x7B, 0x00, 0x00, 0x00, 0x4F, 0x00, 0x07, 0x00,
	0x7C, 0x00, 0x00, 0x00, 0x9B, 0x00, 0x00, 0x00, 0x9A, 0x00, 0x00, 0x00, 0x9A, 0x00, 0x00, 0x00,
	0x00, 0x00, 0x00, 0x00, 0x01, 0x00, 0x00, 0x00, 0x7C, 0x00, 0x04, 0x00, 0x9C, 0x00, 0x00, 0x00,
	0x9D, 0x00, 0x00, 0x00, 0x9B, 0x00, 0x00, 0x00, 0x63, 0x00, 0x04, 0x00, 0x99, 0x00, 0x00, 0x00,
	0x9D, 0x00, 0x00, 0x00, 0x9E, 0x00, 0x00, 0x00, 0xFD, 0x00, 0x01, 0x00, 0xF8, 0x00, 0x02, 0x00,
	0x95, 0x00, 0x00, 0x00, 0x3D, 0x00, 0x04, 0x00, 0x09, 0x00, 0x00, 0x00, 0xA2, 0x00, 0x00, 0x00,
	0x78, 0x00, 0x00, 0x00, 0x8E, 0x00, 0x05, 0x00, 0x09, 0x00, 0x00, 0x00, 0xA4, 0x00, 0x00, 0x00,
	0xA2, 0x00, 0x00, 0x00, 0xA3, 0x00, 0x00, 0x00, 0x50, 0x00, 0x05, 0x00, 0x09, 0x00, 0x00, 0x00,
	0xA5, 0x00, 0x00, 0x00, 0x3E, 0x00, 0x00, 0x00, 0x3E, 0x00, 0x00, 0x00, 0x83, 0x00, 0x05, 0x00,
	0x09, 0x00, 0x00, 0x00, 0xA6, 0x00, 0x00, 0x00, 0xA4, 0x00, 0x00, 0x00, 0xA5, 0x00, 0x00, 0x00,
	0x3D, 0x00, 0x04, 0x00, 0x06, 0x00, 0x00, 0x00, 0xA7, 0x00, 0x00, 0x00, 0x85, 0x00, 0x00, 0x00,
	0x51, 0x00, 0x05, 0x00, 0x06, 0x00, 0x00, 0x00, 0xA8, 0x00, 0x00, 0x00, 0xA6, 0x00, 0x00, 0x00,
	0x00, 0x00, 0x00, 0x00, 0x51, 0x00, 0x05, 0x00, 0x06, 0x00, 0x00, 0x00, 0xA9, 0x00, 0x00, 0x00,
	0xA6, 0x00, 0x00, 0x00, 0x01, 0x00, 0x00, 0x00, 0x50, 0x00, 0x07, 0x00, 0x6B, 0x00, 0x00, 0x00,
	0xAA, 0x00, 0x00, 0x00, 0xA8, 0x00, 0x00, 0x00, 0xA9, 0x00, 0x00, 0x00, 0xA7, 0x00, 0x00, 0x00,
	0x3E, 0x00, 0x00, 0x00, 0x3E, 0x00, 0x03, 0x00, 0xA1, 0x00, 0x00, 0x00, 0xAA, 0x00, 0x00, 0x00,
	0x41, 0x00, 0x05, 0x00, 0xAD, 0x00, 0x00, 0x00, 0xAE, 0x00, 0x00, 0x00, 0x6F, 0x00, 0x00, 0x00,
	0xAC, 0x00, 0x00, 0x00, 0x3D, 0x00, 0x04, 0x00, 0x6C, 0x00, 0x00, 0x00, 0xAF, 0x00, 0x00, 0x00,
	0xAE, 0x00, 0x00, 0x00, 0x3D, 0x00, 0x04, 0x00, 0x6B, 0x00, 0x00, 0x00, 0xB0, 0x00, 0x00, 0x00,
	0xA1, 0x00, 0x00, 0x00, 0x91, 0x00, 0x05, 0x00, 0x6B, 0x00, 0x00, 0x00, 0xB1, 0x00, 0x00, 0x00,
	0xAF, 0x00, 0x00, 0x00, 0xB0, 0x00, 0x00, 0x00, 0x3E, 0x00, 0x03, 0x00, 0xAB, 0x00, 0x00, 0x00,
	0xB1, 0x00, 0x00, 0x00, 0x41, 0x00, 0x05, 0x00, 0x0B, 0x00, 0x00, 0x00, 0xB3, 0x00, 0x00, 0x00,
	0xAB, 0x00, 0x00, 0x00, 0xB2, 0x00, 0x00, 0x00, 0x3D, 0x00, 0x04, 0x00, 0x06, 0x00, 0x00, 0x00,
	0xB4, 0x00, 0x00, 0x00, 0xB3, 0x00, 0x00, 0x00, 0x0C, 0x00, 0x06, 0x00, 0x06, 0x00, 0x00, 0x00,
	0xB5, 0x00, 0x00, 0x00, 0x01, 0x00, 0x00, 0x00, 0x04, 0x00, 0x00, 0x00, 0xB4, 0x00, 0x00, 0x00,
	0x0C, 0x00, 0x07, 0x00, 0x06, 0x00, 0x00, 0x00, 0xB7, 0x00, 0x00, 0x00, 0x01, 0x00, 0x00, 0x00,
	0x28, 0x00, 0x00, 0x00, 0xB5, 0x00, 0x00, 0x00, 0xB6, 0x00, 0x00, 0x00, 0x3D, 0x00, 0x04, 0x00,
	0x6B, 0x00, 0x00, 0x00, 0xB8, 0x00, 0x00, 0x00, 0xAB, 0x00, 0x00, 0x00, 0x50, 0x00, 0x07, 0x00,
	0x6B, 0x00, 0x00, 0x00, 0xB9, 0x00, 0x00, 0x00, 0xB7, 0x00, 0x00, 0x00, 0xB7, 0x00, 0x00, 0x00,
	0xB7, 0x00, 0x00, 0x00, 0xB7, 0x00, 0x00, 0x00, 0x88, 0x00, 0x05, 0x00, 0x6B, 0x00, 0x00, 0x00,
	0xBA, 0x00, 0x00, 0x00, 0xB8, 0x00, 0x00, 0x00, 0xB9, 0x00, 0x00, 0x00, 0x3E, 0x00, 0x03, 0x00,
	0xAB, 0x00, 0x00, 0x00, 0xBA, 0x00, 0x00, 0x00, 0x3D, 0x00, 0x04, 0x00, 0x6B, 0x00, 0x00, 0x00,
	0xBC, 0x00, 0x00, 0x00, 0xAB, 0x00, 0x00, 0x00, 0x4F, 0x00, 0x08, 0x00, 0x07, 0x00, 0x00, 0x00,
	0xBD, 0x00, 0x00, 0x00, 0xBC, 0x00, 0x00, 0x00, 0xBC, 0x00, 0x00, 0x00, 0x00, 0x00, 0x00, 0x00,
	0x01, 0x00, 0x00, 0x00, 0x02, 0x00, 0x00, 0x00, 0x3E, 0x00, 0x03, 0x00, 0xBB, 0x00, 0x00, 0x00,
	0xBD, 0x00, 0x00, 0x00, 0x3E, 0x00, 0x03, 0x00, 0xBE, 0x00, 0x00, 0x00, 0x3F, 0x00, 0x00, 0x00,
	0x41, 0x00, 0x06, 0x00, 0xC0, 0x00, 0x00, 0x00, 0xC1, 0x00, 0x00, 0x00, 0x6F, 0x00, 0x00, 0x00,
	0xBF, 0x00, 0x00, 0x00, 0x37, 0x00, 0x00, 0x00, 0x3D, 0x00, 0x04, 0x00, 0x06, 0x00, 0x00, 0x00,
	0xC2, 0x00, 0x00, 0x00, 0xC1, 0x00, 0x00, 0x00, 0xBA, 0x00, 0x05, 0x00, 0x15, 0x00, 0x00, 0x00,
	0xC3, 0x00, 0x00, 0x00, 0xC2, 0x00, 0x00, 0x00, 0x80, 0x00, 0x00, 0x00, 0xF7, 0x00, 0x03, 0x00,
	0xC5, 0x00, 0x00, 0x00, 0x00, 0x00, 0x00, 0x00, 0xFA, 0x00, 0x04, 0x00, 0xC3, 0x00, 0x00, 0x00,
	0xC4, 0x00, 0x00, 0x00, 0xC5, 0x00, 0x00, 0x00, 0xF8, 0x00, 0x02, 0x00, 0xC4, 0x00, 0x00, 0x00,
	0x3D, 0x00, 0x04, 0x00, 0x87, 0x00, 0x00, 0x00, 0xC7, 0x00, 0x00, 0x00, 0xC6, 0x00, 0x00, 0x00,
	0x3D, 0x00, 0x04, 0x00, 0x09, 0x00, 0x00, 0x00, 0xC8, 0x00, 0x00, 0x00, 0x78, 0x00, 0x00, 0x00,
	0x58, 0x00, 0x07, 0x00, 0x6B, 0x00, 0x00, 0x00, 0xC9, 0x00, 0x00, 0x00, 0xC7, 0x00, 0x00, 0x00,
	0xC8, 0x00, 0x00, 0x00, 0x02, 0x00, 0x00, 0x00, 0x3D, 0x00, 0x00, 0x00, 0x4F, 0x00, 0x08, 0x00,
	0x07, 0x00, 0x00, 0x00, 0xCA, 0x00, 0x00, 0x00, 0xC9, 0x00, 0x00, 0x00, 0xC9, 0x00, 0x00, 0x00,
	0x00, 0x00, 0x00, 0x00, 0x01, 0x00, 0x00, 0x00, 0x02, 0x00, 0x00, 0x00, 0x8E, 0x00, 0x05, 0x00,
	0x07, 0x00, 0x00, 0x00, 0xCB, 0x00, 0x00, 0x00, 0xCA, 0x00, 0x00, 0x00, 0xA3, 0x00, 0x00, 0x00,
	0x50, 0x00, 0x06, 0x00, 0x07, 0x00, 0x00, 0x00, 0xCC, 0x00, 0x00, 0x00, 0x3E, 0x00, 0x00, 0x00,
	0x3E, 0x00, 0x00, 0x00, 0x3E, 0x00, 0x00, 0x00, 0x83, 0x00, 0x05, 0x00, 0x07, 0x00, 0x00, 0x00,
	0xCD, 0x00, 0x00, 0x00, 0xCB, 0x00, 0x00, 0x00, 0xCC, 0x00, 0x00, 0x00, 0x3E, 0x00, 0x03, 0x00,
	0xBE, 0x00, 0x00, 0x00, 0xCD, 0x00, 0x00, 0x00, 0x3D, 0x00, 0x04, 0x00, 0x07, 0x00, 0x00, 0x00,
	0xCF, 0x00, 0x00, 0x00, 0xBE, 0x00, 0x00, 0x00, 0x0C, 0x00, 0x06, 0x00, 0x06, 0x00, 0x00, 0x00,
	0xD0, 0x00, 0x00, 0x00, 0x01, 0x00, 0x00, 0x00, 0x42, 0x00, 0x00, 0x00, 0xCF, 0x00, 0x00, 0x00,
	0x3E, 0x00, 0x03, 0x00, 0xCE, 0x00, 0x00, 0x00, 0xD0, 0x00, 0x00, 0x00, 0x3D, 0x00, 0x04, 0x00,
	0x06, 0x00, 0x00, 0x00, 0xD1, 0x00, 0x00, 0x00, 0xCE, 0x00, 0x00, 0x00, 0xBA, 0x00, 0x05, 0x00,
	0x15, 0x00, 0x00, 0x00, 0xD3, 0x00, 0x00, 0x00, 0xD1, 0x00, 0x00, 0x00, 0xD2, 0x00, 0x00, 0x00,
	0xF7, 0x00, 0x03, 0x00, 0xD5, 0x00, 0x00, 0x00, 0x00, 0x00, 0x00, 0x00, 0xFA, 0x00, 0x04, 0x00,
	0xD3, 0x00, 0x00, 0x00, 0xD4, 0x00, 0x00, 0x00, 0xD5, 0x00, 0x00, 0x00, 0xF8, 0x00, 0x02, 0x00,
	0xD4, 0x00, 0x00, 0x00, 0x3D, 0x00, 0x04, 0x00, 0x06, 0x00, 0x00, 0x00, 0xD6, 0x00, 0x00, 0x00,
	0xCE, 0x00, 0x00, 0x00, 0x3D, 0x00, 0x04, 0x00, 0x07, 0x00, 0x00, 0x00, 0xD7, 0x00, 0x00, 0x00,
	0xBE, 0x00, 0x00, 0x00, 0x50, 0x00, 0x06, 0x00, 0x07, 0x00, 0x00, 0x00, 0xD8, 0x00, 0x00, 0x00,
	0xD6, 0x00, 0x00, 0x00, 0xD6, 0x00, 0x00, 0x00, 0xD6, 0x00, 0x00, 0x00, 0x88, 0x00, 0x05, 0x00,
	0x07, 0x00, 0x00, 0x00, 0xD9, 0x00, 0x00, 0x00, 0xD7, 0x00, 0x00, 0x00, 0xD8, 0x00, 0x00, 0x00,
	0x3E, 0x00, 0x03, 0x00, 0xBE, 0x00, 0x00, 0x00, 0xD9, 0x00, 0x00, 0x00, 0xF9, 0x00, 0x02, 0x00,
	0xD5, 0x00, 0x00, 0x00, 0xF8, 0x00, 0x02, 0x00, 0xD5, 0x00, 0x00, 0x00, 0xF9, 0x00, 0x02, 0x00,
	0xC5, 0x00, 0x00, 0x00, 0xF8, 0x00, 0x02, 0x00, 0xC5, 0x00, 0x00, 0x00, 0x41, 0x00, 0x05, 0x00,
	0x72, 0x00, 0x00, 0x00, 0xDC, 0x00, 0x00, 0x00, 0x6F, 0x00, 0x00, 0x00, 0xDB, 0x00, 0x00, 0x00,
	0x3D, 0x00, 0x04, 0x00, 0x6B, 0x00, 0x00, 0x00, 0xDD, 0x00, 0x00, 0x00, 0xDC, 0x00, 0x00, 0x00,
	0x4F, 0x00, 0x08, 0x00, 0x07, 0x00, 0x00, 0x00, 0xDE, 0x00, 0x00, 0x00, 0xDD, 0x00, 0x00, 0x00,
	0xDD, 0x00, 0x00, 0x00, 0x00, 0x00, 0x00, 0x00, 0x01, 0x00, 0x00, 0x00, 0x02, 0x00, 0x00, 0x00,
	0x0C, 0x00, 0x06, 0x00, 0x07, 0x00, 0x00, 0x00, 0xDF, 0x00, 0x00, 0x00, 0x01, 0x00, 0x00, 0x00,
	0x45, 0x00, 0x00, 0x00, 0xDE, 0x00, 0x00, 0x00, 0x3E, 0x00, 0x03, 0x00, 0xDA, 0x00, 0x00, 0x00,
	0xDF, 0x00, 0x00, 0x00, 0x3D, 0x00, 0x04, 0x00, 0x07, 0x00, 0x00, 0x00, 0xE1, 0x00, 0x00, 0x00,
	0xBE, 0x00, 0x00, 0x00, 0x3D, 0x00, 0x04, 0x00, 0x07, 0x00, 0x00, 0x00, 0xE2, 0x00, 0x00, 0x00,
	0xDA, 0x00, 0x00, 0x00, 0x94, 0x00, 0x05, 0x00, 0x06, 0x00, 0x00, 0x00, 0xE3, 0x00, 0x00, 0x00,
	0xE1, 0x00, 0x00, 0x00, 0xE2, 0x00, 0x00, 0x00, 0x0C, 0x00, 0x08, 0x00, 0x06, 0x00, 0x00, 0x00,
	0xE5, 0x00, 0x00, 0x00, 0x01, 0x00, 0x00, 0x00, 0x2B, 0x00, 0x00, 0x00, 0xE3, 0x00, 0x00, 0x00,
	0xE4, 0x00, 0x00, 0x00, 0x3E, 0x00, 0x00, 0x00, 0x0C, 0x00, 0x06, 0x00, 0x06, 0x00, 0x00, 0x00,
	0xE6, 0x00, 0x00, 0x00, 0x01, 0x00, 0x00, 0x00, 0x11, 0x00, 0x00, 0x00, 0xE5, 0x00, 0x00, 0x00,
	0x0C, 0x00, 0x06, 0x00, 0x06, 0x00, 0x00, 0x00, 0xE7, 0x00, 0x00, 0x00, 0x01, 0x00, 0x00, 0x00,
	0x0C, 0x00, 0x00, 0x00, 0xE6, 0x00, 0x00, 0x00, 0x3E, 0x00, 0x03, 0x00, 0xE0, 0x00, 0x00, 0x00,
	0xE7, 0x00, 0x00, 0x00, 0x41, 0x00, 0x06, 0x00, 0xC0, 0x00, 0x00, 0x00, 0xE9, 0x00, 0x00, 0x00,
	0x6F, 0x00, 0x00, 0x00, 0xDB, 0x00, 0x00, 0x00, 0xB2, 0x00, 0x00, 0x00, 0x3D, 0x00, 0x04, 0x00,
	0x06, 0x00, 0x00, 0x00, 0xEA, 0x00, 0x00, 0x00, 0xE9, 0x00, 0x00, 0x00, 0x0C, 0x00, 0x07, 0x00,
	0x06, 0x00, 0x00, 0x00, 0xEB, 0x00, 0x00, 0x00, 0x01, 0x00, 0x00, 0x00, 0x28, 0x00, 0x00, 0x00,
	0xEA, 0x00, 0x00, 0x00, 0x3D, 0x00, 0x00, 0x00, 0x3E, 0x00, 0x03, 0x00, 0xE8, 0x00, 0x00, 0x00,
	0xEB, 0x00, 0x00, 0x00, 0x41, 0x00, 0x06, 0x00, 0xC0, 0x00, 0x00, 0x00, 0xED, 0x00, 0x00, 0x00,
	0x6F, 0x00, 0x00, 0x00, 0xEC, 0x00, 0x00, 0x00, 0x37, 0x00, 0x00, 0x00, 0x3D, 0x00, 0x04, 0x00,
	0x06, 0x00, 0x00, 0x00, 0xEE, 0x00, 0x00, 0x00, 0xED, 0x00, 0x00, 0x00, 0xBA, 0x00, 0x05, 0x00,
	0x15, 0x00, 0x00, 0x00, 0xEF, 0x00, 0x00, 0x00, 0xEE, 0x00, 0x00, 0x00, 0x80, 0x00, 0x00, 0x00,
	0x3D, 0x00, 0x04, 0x00, 0x06, 0x00, 0x00, 0x00, 0xF0, 0x00, 0x00, 0x00, 0xE8, 0x00, 0x00, 0x00,
	0xBA, 0x00, 0x05, 0x00, 0x15, 0x00, 0x00, 0x00, 0xF1, 0x00, 0x00, 0x00, 0xF0, 0x00, 0x00, 0x00,
	0x3D, 0x00, 0x00, 0x00, 0xA7, 0x00, 0x05, 0x00, 0x15, 0x00, 0x00, 0x00, 0xF2, 0x00, 0x00, 0x00,
	0xEF, 0x00, 0x00, 0x00, 0xF1, 0x00, 0x00, 0x00, 0xF7, 0x00, 0x03, 0x00, 0xF4, 0x00, 0x00, 0x00,
	0x00, 0x00, 0x00, 0x00, 0xFA, 0x00, 0x04, 0x00, 0xF2, 0x00, 0x00, 0x00, 0xF3, 0x00, 0x00, 0x00,
	0xF4, 0x00, 0x00, 0x00, 0xF8, 0x00, 0x02, 0x00, 0xF3, 0x00, 0x00, 0x00, 0x3D, 0x00, 0x04, 0x00,
	0x07, 0x00, 0x00, 0x00, 0xF6, 0x00, 0x00, 0x00, 0xBE, 0x00, 0x00, 0x00, 0x3D, 0x00, 0x04, 0x00,
	0x07, 0x00, 0x00, 0x00, 0xF7, 0x00, 0x00, 0x00, 0xDA, 0x00, 0x00, 0x00, 0x94, 0x00, 0x05, 0x00,
	0x06, 0x00, 0x00, 0x00, 0xF8, 0x00, 0x00, 0x00, 0xF6, 0x00, 0x00, 0x00, 0xF7, 0x00, 0x00, 0x00,
	0x0C, 0x00, 0x08, 0x00, 0x06, 0x00, 0x00, 0x00, 0xF9, 0x00, 0x00, 0x00, 0x01, 0x00, 0x00, 0x00,
	0x2B, 0x00, 0x00, 0x00, 0xF8, 0x00, 0x00, 0x00, 0x3D, 0x00, 0x00, 0x00, 0x3E, 0x00, 0x00, 0x00,
	0x3E, 0x00, 0x03, 0x00, 0xF5, 0x00, 0x00, 0x00, 0xF9, 0x00, 0x00, 0x00, 0x3D, 0x00, 0x04, 0x00,
	0x06, 0x00, 0x00, 0x00, 0xFB, 0x00, 0x00, 0x00, 0xF5, 0x00, 0x00, 0x00, 0x0C, 0x00, 0x08, 0x00,
	0x06, 0x00, 0x00, 0x00, 0xFC, 0x00, 0x00, 0x00, 0x01, 0x00, 0x00, 0x00, 0x2E, 0x00, 0x00, 0x00,
	0x3E, 0x00, 0x00, 0x00, 0xFA, 0x00, 0x00, 0x00, 0xFB, 0x00, 0x00, 0x00, 0x3D, 0x00, 0x04, 0x00,
	0x06, 0x00, 0x00, 0x00, 0xFD, 0x00, 0x00, 0x00, 0xE8, 0x00, 0x00, 0x00, 0x85, 0x00, 0x05, 0x00,
	0x06, 0x00, 0x00, 0x00, 0xFE, 0x00, 0x00, 0x00, 0xFD, 0x00, 0x00, 0x00, 0xFC, 0x00, 0x00, 0x00,
	0x3E, 0x00, 0x03, 0x00, 0xE8, 0x00, 0x00, 0x00, 0xFE, 0x00, 0x00, 0x00, 0xF9, 0x00, 0x02, 0x00,
	0xF4, 0x00, 0x00, 0x00, 0xF8, 0x00, 0x02, 0x00, 0xF4, 0x00, 0x00, 0x00, 0x3D, 0x00, 0x04, 0x00,
	0x07, 0x00, 0x00, 0x00, 0x02, 0x01, 0x00, 0x00, 0xDA, 0x00, 0x00, 0x00, 0x3E, 0x00, 0x03, 0x00,
	0x01, 0x01, 0x00, 0x00, 0x02, 0x01, 0x00, 0x00, 0x3D, 0x00, 0x04, 0x00, 0x09, 0x00, 0x00, 0x00,
	0x04, 0x01, 0x00, 0x00, 0x78, 0x00, 0x00, 0x00, 0x3E, 0x00, 0x03, 0x00, 0x03, 0x01, 0x00, 0x00,
	0x04, 0x01, 0x00, 0x00, 0x41, 0x00, 0x06, 0x00, 0xC0, 0x00, 0x00, 0x00, 0x06, 0x01, 0x00, 0x00,
	0x6F, 0x00, 0x00, 0x00, 0x00, 0x01, 0x00, 0x00, 0xB2, 0x00, 0x00, 0x00, 0x3D, 0x00, 0x04, 0x00,
	0x06, 0x00, 0x00, 0x00, 0x07, 0x01, 0x00, 0x00, 0x06, 0x01, 0x00, 0x00, 0x3E, 0x00, 0x03, 0x00,
	0x05, 0x01, 0x00, 0x00, 0x07, 0x01, 0x00, 0x00, 0x3D, 0x00, 0x04, 0x00, 0x06, 0x00, 0x00, 0x00,
	0x09, 0x01, 0x00, 0x00, 0xE8, 0x00, 0x00, 0x00, 0x3E, 0x00, 0x03, 0x00, 0x08, 0x01, 0x00, 0x00,
	0x09, 0x01, 0x00, 0x00, 0x39, 0x00, 0x08, 0x00, 0x07, 0x00, 0x00, 0x00, 0x0A, 0x01, 0x00, 0x00,
	0x11, 0x00, 0x00, 0x00, 0x01, 0x01, 0x00, 0x00, 0x03, 0x01, 0x00, 0x00, 0x05, 0x01, 0x00, 0x00,
	0x08, 0x01, 0x00, 0x00, 0x3E, 0x00, 0x03, 0x00, 0xFF, 0x00, 0x00, 0x00, 0x0A, 0x01, 0x00, 0x00,
	0x3D, 0x00, 0x04, 0x00, 0x07, 0x00, 0x00, 0x00, 0x0C, 0x01, 0x00, 0x00, 0xBB, 0x00, 0x00, 0x00,
	0x3D, 0x00, 0x04, 0x00, 0x07, 0x00, 0x00, 0x00, 0x0D, 0x01, 0x00, 0x00, 0xBE, 0x00, 0x00, 0x00,
	0x41, 0x00, 0x06, 0x00, 0xC0, 0x00, 0x00, 0x00, 0x0E, 0x01, 0x00, 0x00, 0x6F, 0x00, 0x00, 0x00,
	0xEC, 0x00, 0x00, 0x00, 0x8D, 0x00, 0x00, 0x00, 0x3D, 0x00, 0x04, 0x00, 0x06, 0x00, 0x00, 0x00,
	0x0F, 0x01, 0x00, 0x00, 0x0E, 0x01, 0x00, 0x00, 0x0C, 0x00, 0x07, 0x00, 0x06, 0x00, 0x00, 0x00,
	0x10, 0x01, 0x00, 0x00, 0x01, 0x00, 0x00, 0x00, 0x28, 0x00, 0x00, 0x00, 0x0F, 0x01, 0x00, 0x00,
	0x3D, 0x00, 0x00, 0x00, 0x8E, 0x00, 0x05, 0x00, 0x07, 0x00, 0x00, 0x00, 0x11, 0x01, 0x00, 0x00,
	0x0D, 0x01, 0x00, 0x00, 0x10, 0x01, 0x00, 0x00, 0x81, 0x00, 0x05, 0x00, 0x07, 0x00, 0x00, 0x00,
	0x12, 0x01, 0x00, 0x00, 0x0C, 0x01, 0x00, 0x00, 0x11, 0x01, 0x00, 0x00, 0x3E, 0x00, 0x03, 0x00,
	0x0B, 0x01, 0x00, 0x00, 0x12, 0x01, 0x00, 0x00, 0x3E, 0x00, 0x03, 0x00, 0x13, 0x01, 0x00, 0x00,
	0x3E, 0x00, 0x00, 0x00, 0x3E, 0x00, 0x03, 0x00, 0x15, 0x01, 0x00, 0x00, 0x3E, 0x00, 0x00, 0x00,
	0x3D, 0x00, 0x04, 0x00, 0x16, 0x01, 0x00, 0x00, 0x19, 0x01, 0x00, 0x00, 0x18, 0x01, 0x00, 0x00,
	0x3D, 0x00, 0x04, 0x00, 0x07, 0x00, 0x00, 0x00, 0x1C, 0x01, 0x00, 0x00, 0x0B, 0x01, 0x00, 0x00,
	0x41, 0x00, 0x06, 0x00, 0xC0, 0x00, 0x00, 0x00, 0x1D, 0x01, 0x00, 0x00, 0x6F, 0x00, 0x00, 0x00,
	0xEC, 0x00, 0x00, 0x00, 0x1A, 0x01, 0x00, 0x00, 0x3D, 0x00, 0x04, 0x00, 0x06, 0x00, 0x00, 0x00,
	0x1E, 0x01, 0x00, 0x00, 0x1D, 0x01, 0x00, 0x00, 0x0C, 0x00, 0x07, 0x00, 0x06, 0x00, 0x00, 0x00,
	0x1F, 0x01, 0x00, 0x00, 0x01, 0x00, 0x00, 0x00, 0x28, 0x00, 0x00, 0x00, 0x1E, 0x01, 0x00, 0x00,
	0x14, 0x00, 0x00, 0x00, 0x3D, 0x00, 0x04, 0x00, 0x07, 0x00, 0x00, 0x00, 0x20, 0x01, 0x00, 0x00,
	0xFF, 0x00, 0x00, 0x00, 0x5D, 0x11, 0x0C, 0x00, 0x19, 0x01, 0x00, 0x00, 0x1A, 0x01, 0x00, 0x00,
	0x1B, 0x01, 0x00, 0x00, 0x8D, 0x00, 0x00, 0x00, 0x8D, 0x00, 0x00, 0x00, 0x8D, 0x00, 0x00, 0x00,
	0x1C, 0x01, 0x00, 0x00, 0x1F, 0x01, 0x00, 0x00, 0x20, 0x01, 0x00, 0x00, 0x21, 0x01, 0x00, 0x00,
	0x15, 0x01, 0x00, 0x00, 0x3D, 0x00, 0x04, 0x00, 0x06, 0x00, 0x00, 0x00, 0x22, 0x01, 0x00, 0x00,
	0x15, 0x01, 0x00, 0x00, 0x3E, 0x00, 0x03, 0x00, 0x13, 0x01, 0x00, 0x00, 0x22, 0x01, 0x00, 0x00,
	0x3D, 0x00, 0x04, 0x00, 0x06, 0x00, 0x00, 0x00, 0x24, 0x01, 0x00, 0x00, 0x13, 0x01, 0x00, 0x00,
	0x3E, 0x00, 0x03, 0x00, 0x23, 0x01, 0x00, 0x00, 0x24, 0x01, 0x00, 0x00, 0x41, 0x00, 0x06, 0x00,
	0xC0, 0x00, 0x00, 0x00, 0x26, 0x01, 0x00, 0x00, 0x6F, 0x00, 0x00, 0x00, 0x71, 0x00, 0x00, 0x00,
	0xB2, 0x00, 0x00, 0x00, 0x3D, 0x00, 0x04, 0x00, 0x06, 0x00, 0x00, 0x00, 0x27, 0x01, 0x00, 0x00,
	0x26, 0x01, 0x00, 0x00, 0x3E, 0x00, 0x03, 0x00, 0x25, 0x01, 0x00, 0x00, 0x27, 0x01, 0x00, 0x00,
	0x3D, 0x00, 0x04, 0x00, 0x06, 0x00, 0x00, 0x00, 0x28, 0x01, 0x00, 0x00, 0x25, 0x01, 0x00, 0x00,
	0xBA, 0x00, 0x05, 0x00, 0x15, 0x00, 0x00, 0x00, 0x29, 0x01, 0x00, 0x00, 0x28, 0x01, 0x00, 0x00,
	0x80, 0x00, 0x00, 0x00, 0xF7, 0x00, 0x03, 0x00, 0x2B, 0x01, 0x00, 0x00, 0x00, 0x00, 0x00, 0x00,
	0xFA, 0x00, 0x04, 0x00, 0x29, 0x01, 0x00, 0x00, 0x2A, 0x01, 0x00, 0x00, 0x2B, 0x01, 0x00, 0x00,
	0xF8, 0x00, 0x02, 0x00, 0x2A, 0x01, 0x00, 0x00, 0x3D, 0x00, 0x04, 0x00, 0x06, 0x00, 0x00, 0x00,
	0x2E, 0x01, 0x00, 0x00, 0x25, 0x01, 0x00, 0x00, 0x0C, 0x00, 0x08, 0x00, 0x06, 0x00, 0x00, 0x00,
	0x30, 0x01, 0x00, 0x00, 0x01, 0x00, 0x00, 0x00, 0x2B, 0x00, 0x00, 0x00, 0x2E, 0x01, 0x00, 0x00,
	0x3E, 0x00, 0x00, 0x00, 0x2F, 0x01, 0x00, 0x00, 0x81, 0x00, 0x05, 0x00, 0x06, 0x00, 0x00, 0x00,
	0x31, 0x01, 0x00, 0x00, 0x30, 0x01, 0x00, 0x00, 0x80, 0x00, 0x00, 0x00, 0x6D, 0x00, 0x04, 0x00,
	0x36, 0x00, 0x00, 0x00, 0x32, 0x01, 0x00, 0x00, 0x31, 0x01, 0x00, 0x00, 0x3E, 0x00, 0x03, 0x00,
	0x2D, 0x01, 0x00, 0x00, 0x32, 0x01, 0x00, 0x00, 0x41, 0x00, 0x07, 0x00, 0x38, 0x01, 0x00, 0x00,
	0x39, 0x01, 0x00, 0x00, 0x37, 0x01, 0x00, 0x00, 0xAC, 0x00, 0x00, 0x00, 0xAC, 0x00, 0x00, 0x00,
	0x8D, 0x00, 0x00, 0x00, 0x3D, 0x00, 0x04, 0x00, 0x06, 0x00, 0x00, 0x00, 0x3A, 0x01, 0x00, 0x00,
	0x39, 0x01, 0x00, 0x00, 0x0C, 0x00, 0x07, 0x00, 0x06, 0x00, 0x00, 0x00, 0x3B, 0x01, 0x00, 0x00,
	0x01, 0x00, 0x00, 0x00, 0x28, 0x00, 0x00, 0x00, 0x3A, 0x01, 0x00, 0x00, 0x3D, 0x00, 0x00, 0x00,
	0x6D, 0x00, 0x04, 0x00, 0x36, 0x00, 0x00, 0x00, 0x3C, 0x01, 0x00, 0x00, 0x3B, 0x01, 0x00, 0x00,
	0x3E, 0x00, 0x03, 0x00, 0x33, 0x01, 0x00, 0x00, 0x3C, 0x01, 0x00, 0x00, 0x3D, 0x00, 0x04, 0x00,
	0x36, 0x00, 0x00, 0x00, 0x3E, 0x01, 0x00, 0x00, 0x2D, 0x01, 0x00, 0x00, 0x3D, 0x00, 0x04, 0x00,
	0x36, 0x00, 0x00, 0x00, 0x3F, 0x01, 0x00, 0x00, 0x33, 0x01, 0x00, 0x00, 0x0C, 0x00, 0x07, 0x00,
	0x36, 0x00, 0x00, 0x00, 0x41, 0x01, 0x00, 0x00, 0x01, 0x00, 0x00, 0x00, 0x26, 0x00, 0x00, 0x00,
	0x3F, 0x01, 0x00, 0x00, 0x40, 0x01, 0x00, 0x00, 0x0C, 0x00, 0x07, 0x00, 0x36, 0x00, 0x00, 0x00,
	0x42, 0x01, 0x00, 0x00, 0x01, 0x00, 0x00, 0x00, 0x26, 0x00, 0x00, 0x00, 0x3E, 0x01, 0x00, 0x00,
	0x41, 0x01, 0x00, 0x00, 0x3E, 0x00, 0x03, 0x00, 0x3D, 0x01, 0x00, 0x00, 0x42, 0x01, 0x00, 0x00,
	0x3D, 0x00, 0x04, 0x00, 0x36, 0x00, 0x00, 0x00, 0x43, 0x01, 0x00, 0x00, 0x3D, 0x01, 0x00, 0x00,
	0xAC, 0x00, 0x05, 0x00, 0x15, 0x00, 0x00, 0x00, 0x44, 0x01, 0x00, 0x00, 0x43, 0x01, 0x00, 0x00,
	0x8D, 0x00, 0x00, 0x00, 0xF7, 0x00, 0x03, 0x00, 0x46, 0x01, 0x00, 0x00, 0x00, 0x00, 0x00, 0x00,
	0xFA, 0x00, 0x04, 0x00, 0x44, 0x01, 0x00, 0x00, 0x45, 0x01, 0x00, 0x00, 0x88, 0x01, 0x00, 0x00,
	0xF8, 0x00, 0x02, 0x00, 0x45, 0x01, 0x00, 0x00, 0x3E, 0x00, 0x03, 0x00, 0x47, 0x01, 0x00, 0x00,
	0x3E, 0x00, 0x00, 0x00, 0x3E, 0x00, 0x03, 0x00, 0x48, 0x01, 0x00, 0x00, 0x8D, 0x00, 0x00, 0x00,
	0xF9, 0x00, 0x02, 0x00, 0x49, 0x01, 0x00, 0x00, 0xF8, 0x00, 0x02, 0x00, 0x49, 0x01, 0x00, 0x00,
	0xF6, 0x00, 0x04, 0x00, 0x4B, 0x01, 0x00, 0x00, 0x4C, 0x01, 0x00, 0x00, 0x00, 0x00, 0x00, 0x00,
	0xF9, 0x00, 0x02, 0x00, 0x4D, 0x01, 0x00, 0x00, 0xF8, 0x00, 0x02, 0x00, 0x4D, 0x01, 0x00, 0x00,
	0x3D, 0x00, 0x04, 0x00, 0x36, 0x00, 0x00, 0x00, 0x4E, 0x01, 0x00, 0x00, 0x48, 0x01, 0x00, 0x00,
	0x3D, 0x00, 0x04, 0x00, 0x36, 0x00, 0x00, 0x00, 0x4F, 0x01, 0x00, 0x00, 0x3D, 0x01, 0x00, 0x00,
	0xB0, 0x00, 0x05, 0x00, 0x15, 0x00, 0x00, 0x00, 0x50, 0x01, 0x00, 0x00, 0x4E, 0x01, 0x00, 0x00,
	0x4F, 0x01, 0x00, 0x00, 0xFA, 0x00, 0x04, 0x00, 0x50, 0x01, 0x00, 0x00, 0x4A, 0x01, 0x00, 0x00,
	0x4B, 0x01, 0x00, 0x00, 0xF8, 0x00, 0x02, 0x00, 0x4A, 0x01, 0x00, 0x00, 0x3D, 0x00, 0x04, 0x00,
	0x36, 0x00, 0x00, 0x00, 0x52, 0x01, 0x00, 0x00, 0x48, 0x01, 0x00, 0x00, 0x84, 0x00, 0x05, 0x00,
	0x36, 0x00, 0x00, 0x00, 0x53, 0x01, 0x00, 0x00, 0x52, 0x01, 0x00, 0x00, 0x40, 0x01, 0x00, 0x00,
	0x80, 0x00, 0x05, 0x00, 0x36, 0x00, 0x00, 0x00, 0x54, 0x01, 0x00, 0x00, 0x37, 0x00, 0x00, 0x00,
	0x53, 0x01, 0x00, 0x00, 0x3E, 0x00, 0x03, 0x00, 0x51, 0x01, 0x00, 0x00, 0x54, 0x01, 0x00, 0x00,
	0x3D, 0x00, 0x04, 0x00, 0x36, 0x00, 0x00, 0x00, 0x56, 0x01, 0x00, 0x00, 0x51, 0x01, 0x00, 0x00,
	0x41, 0x00, 0x06, 0x00, 0x57, 0x01, 0x00, 0x00, 0x58, 0x01, 0x00, 0x00, 0x37, 0x01, 0x00, 0x00,
	0xAC, 0x00, 0x00, 0x00, 0x56, 0x01, 0x00, 0x00, 0x3D, 0x00, 0x04, 0x00, 0x6B, 0x00, 0x00, 0x00,
	0x59, 0x01, 0x00, 0x00, 0x58, 0x01, 0x00, 0x00, 0x4F, 0x00, 0x08, 0x00, 0x07, 0x00, 0x00, 0x00,
	0x5A, 0x01, 0x00, 0x00, 0x59, 0x01, 0x00, 0x00, 0x59, 0x01, 0x00, 0x00, 0x00, 0x00, 0x00, 0x00,
	0x01, 0x00, 0x00, 0x00, 0x02, 0x00, 0x00, 0x00, 0x3E, 0x00, 0x03, 0x00, 0x55, 0x01, 0x00, 0x00,
	0x5A, 0x01, 0x00, 0x00, 0x3D, 0x00, 0x04, 0x00, 0x36, 0x00, 0x00, 0x00, 0x5C, 0x01, 0x00, 0x00,
	0x51, 0x01, 0x00, 0x00, 0x41, 0x00, 0x07, 0x00, 0x38, 0x01, 0x00, 0x00, 0x5D, 0x01, 0x00, 0x00,
	0x37, 0x01, 0x00, 0x00, 0xAC, 0x00, 0x00, 0x00, 0x5C, 0x01, 0x00, 0x00, 0xB2, 0x00, 0x00, 0x00,
	0x3D, 0x00, 0x04, 0x00, 0x06, 0x00, 0x00, 0x00, 0x5E, 0x01, 0x00, 0x00, 0x5D, 0x01, 0x00, 0x00,
	0x0C, 0x00, 0x07, 0x00, 0x06, 0x00, 0x00, 0x00, 0x5F, 0x01, 0x00, 0x00, 0x01, 0x00, 0x00, 0x00,
	0x28, 0x00, 0x00, 0x00, 0x5E, 0x01, 0x00, 0x00, 0x3E, 0x00, 0x00, 0x00, 0x3E, 0x00, 0x03, 0x00,
	0x5B, 0x01, 0x00, 0x00, 0x5F, 0x01, 0x00, 0x00, 0x3D, 0x00, 0x04, 0x00, 0x07, 0x00, 0x00, 0x00,
	0x61, 0x01, 0x00, 0x00, 0x55, 0x01, 0x00, 0x00, 0x3D, 0x00, 0x04, 0x00, 0x07, 0x00, 0x00, 0x00,
	0x62, 0x01, 0x00, 0x00, 0xBB, 0x00, 0x00, 0x00, 0x83, 0x00, 0x05, 0x00, 0x07, 0x00, 0x00, 0x00,
	0x63, 0x01, 0x00, 0x00, 0x61, 0x01, 0x00, 0x00, 0x62, 0x01, 0x00, 0x00, 0x3E, 0x00, 0x03, 0x00,
	0x60, 0x01, 0x00, 0x00, 0x63, 0x01, 0x00, 0x00, 0x3D, 0x00, 0x04, 0x00, 0x07, 0x00, 0x00, 0x00,
	0x65, 0x01, 0x00, 0x00, 0x60, 0x01, 0x00, 0x00, 0x0C, 0x00, 0x06, 0x00, 0x06, 0x00, 0x00, 0x00,
	0x66, 0x01, 0x00, 0x00, 0x01, 0x00, 0x00, 0x00, 0x42, 0x00, 0x00, 0x00, 0x65, 0x01, 0x00, 0x00,
	0x3E, 0x00, 0x03, 0x00, 0x64, 0x01, 0x00, 0x00, 0x66, 0x01, 0x00, 0x00, 0x3D, 0x00, 0x04, 0x00,
	0x06, 0x00, 0x00, 0x00, 0x67, 0x01, 0x00, 0x00, 0x64, 0x01, 0x00, 0x00, 0xB8, 0x00, 0x05, 0x00,
	0x15, 0x00, 0x00, 0x00, 0x69, 0x01, 0x00, 0x00, 0x67, 0x01, 0x00, 0x00, 0x68, 0x01, 0x00, 0x00,
	0x3D, 0x00, 0x04, 0x00, 0x06, 0x00, 0x00, 0x00, 0x6A, 0x01, 0x00, 0x00, 0x64, 0x01, 0x00, 0x00,
	0x3D, 0x00, 0x04, 0x00, 0x06, 0x00, 0x00, 0x00, 0x6B, 0x01, 0x00, 0x00, 0x5B, 0x01, 0x00, 0x00,
	0xBA, 0x00, 0x05, 0x00, 0x15, 0x00, 0x00, 0x00, 0x6C, 0x01, 0x00, 0x00, 0x6A, 0x01, 0x00, 0x00,
	0x6B, 0x01, 0x00, 0x00, 0xA6, 0x00, 0x05, 0x00, 0x15, 0x00, 0x00, 0x00, 0x6D, 0x01, 0x00, 0x00,
	0x69, 0x01, 0x00, 0x00, 0x6C, 0x01, 0x00, 0x00, 0xF7, 0x00, 0x03, 0x00, 0x6F, 0x01, 0x00, 0x00,
	0x00, 0x00, 0x00, 0x00, 0xFA, 0x00, 0x04, 0x00, 0x6D, 0x01, 0x00, 0x00, 0x6E, 0x01, 0x00, 0x00,
	0x6F, 0x01, 0x00, 0x00, 0xF8, 0x00, 0x02, 0x00, 0x6E, 0x01, 0x00, 0x00, 0xF9, 0x00, 0x02, 0x00,
	0x4C, 0x01, 0x00, 0x00, 0xF8, 0x00, 0x02, 0x00, 0x6F, 0x01, 0x00, 0x00, 0x3D, 0x00, 0x04, 0x00,
	0x07, 0x00, 0x00, 0x00, 0x72, 0x01, 0x00, 0x00, 0x60, 0x01, 0x00, 0x00, 0x3D, 0x00, 0x04, 0x00,
	0x06, 0x00, 0x00, 0x00, 0x73, 0x01, 0x00, 0x00, 0x64, 0x01, 0x00, 0x00, 0x50, 0x00, 0x06, 0x00,
	0x07, 0x00, 0x00, 0x00, 0x74, 0x01, 0x00, 0x00, 0x73, 0x01, 0x00, 0x00, 0x73, 0x01, 0x00, 0x00,
	0x73, 0x01, 0x00, 0x00, 0x88, 0x00, 0x05, 0x00, 0x07, 0x00, 0x00, 0x00, 0x75, 0x01, 0x00, 0x00,
	0x72, 0x01, 0x00, 0x00, 0x74, 0x01, 0x00, 0x00, 0x3E, 0x00, 0x03, 0x00, 0x71, 0x01, 0x00, 0x00,
	0x75, 0x01, 0x00, 0x00, 0x3E, 0x00, 0x03, 0x00, 0x15, 0x01, 0x00, 0x00, 0x3E, 0x00, 0x00, 0x00,
	0x3D, 0x00, 0x04, 0x00, 0x16, 0x01, 0x00, 0x00, 0x76, 0x01, 0x00, 0x00, 0x18, 0x01, 0x00, 0x00,
	0x3D, 0x00, 0x04, 0x00, 0x07, 0x00, 0x00, 0x00, 0x77, 0x01, 0x00, 0x00, 0x0B, 0x01, 0x00, 0x00,
	0x41, 0x00, 0x06, 0x00, 0xC0, 0x00, 0x00, 0x00, 0x78, 0x01, 0x00, 0x00, 0x6F, 0x00, 0x00, 0x00,
	0xEC, 0x00, 0x00, 0x00, 0x1A, 0x01, 0x00, 0x00, 0x3D, 0x00, 0x04, 0x00, 0x06, 0x00, 0x00, 0x00,
	0x79, 0x01, 0x00, 0x00, 0x78, 0x01, 0x00, 0x00, 0x0C, 0x00, 0x07, 0x00, 0x06, 0x00, 0x00, 0x00,
	0x7A, 0x01, 0x00, 0x00, 0x01, 0x00, 0x00, 0x00, 0x28, 0x00, 0x00, 0x00, 0x79, 0x01, 0x00, 0x00,
	0x14, 0x00, 0x00, 0x00, 0x3D, 0x00, 0x04, 0x00, 0x07, 0x00, 0x00, 0x00, 0x7B, 0x01, 0x00, 0x00,
	0x71, 0x01, 0x00, 0x00, 0x3D, 0x00, 0x04, 0x00, 0x06, 0x00, 0x00, 0x00, 0x7C, 0x01, 0x00, 0x00,
	0x64, 0x01, 0x00, 0x00, 0x5D, 0x11, 0x0C, 0x00, 0x76, 0x01, 0x00, 0x00, 0x1A, 0x01, 0x00, 0x00,
	0x1B, 0x01, 0x00, 0x00, 0x8D, 0x00, 0x00, 0x00, 0x8D, 0x00, 0x00, 0x00, 0x8D, 0x00, 0x00, 0x00,
	0x77, 0x01, 0x00, 0x00, 0x7A, 0x01, 0x00, 0x00, 0x7B, 0x01, 0x00, 0x00, 0x7C, 0x01, 0x00, 0x00,
	0x15, 0x01, 0x00, 0x00, 0x3D, 0x00, 0x04, 0x00, 0x06, 0x00, 0x00, 0x00, 0x7D, 0x01, 0x00, 0x00,
	0x47, 0x01, 0x00, 0x00, 0x3D, 0x00, 0x04, 0x00, 0x06, 0x00, 0x00, 0x00, 0x7E, 0x01, 0x00, 0x00,
	0x15, 0x01, 0x00, 0x00, 0x0C, 0x00, 0x07, 0x00, 0x06, 0x00, 0x00, 0x00, 0x7F, 0x01, 0x00, 0x00,
	0x01, 0x00, 0x00, 0x00, 0x25, 0x00, 0x00, 0x00, 0x7D, 0x01, 0x00, 0x00, 0x7E, 0x01, 0x00, 0x00,
	0x3E, 0x00, 0x03, 0x00, 0x47, 0x01, 0x00, 0x00, 0x7F, 0x01, 0x00, 0x00, 0xF9, 0x00, 0x02, 0x00,
	0x4C, 0x01, 0x00, 0x00, 0xF8, 0x00, 0x02, 0x00, 0x4C, 0x01, 0x00, 0x00, 0x3D, 0x00, 0x04, 0x00,
	0x36, 0x00, 0x00, 0x00, 0x80, 0x01, 0x00, 0x00, 0x48, 0x01, 0x00, 0x00, 0x80, 0x00, 0x05, 0x00,
	0x36, 0x00, 0x00, 0x00, 0x82, 0x01, 0x00, 0x00, 0x80, 0x01, 0x00, 0x00, 0x81, 0x01, 0x00, 0x00,
	0x3E, 0x00, 0x03, 0x00, 0x48, 0x01, 0x00, 0x00, 0x82, 0x01, 0x00, 0x00, 0xF9, 0x00, 0x02, 0x00,
	0x49, 0x01, 0x00, 0x00, 0xF8, 0x00, 0x02, 0x00, 0x4B, 0x01, 0x00, 0x00, 0x3D, 0x00, 0x04, 0x00,
	0x06, 0x00, 0x00, 0x00, 0x83, 0x01, 0x00, 0x00, 0x13, 0x01, 0x00, 0x00, 0x3D, 0x00, 0x04, 0x00,
	0x06, 0x00, 0x00, 0x00, 0x84, 0x01, 0x00, 0x00, 0x47, 0x01, 0x00, 0x00, 0x0C, 0x00, 0x08, 0x00,
	0x06, 0x00, 0x00, 0x00, 0x86, 0x01, 0x00, 0x00, 0x01, 0x00, 0x00, 0x00, 0x2E, 0x00, 0x00, 0x00,
	0x3E, 0x00, 0x00, 0x00, 0x84, 0x01, 0x00, 0x00, 0x85, 0x01, 0x00, 0x00, 0x0C, 0x00, 0x07, 0x00,
	0x06, 0x00, 0x00, 0x00, 0x87, 0x01, 0x00, 0x00, 0x01, 0x00, 0x00, 0x00, 0x25, 0x00, 0x00, 0x00,
	0x83, 0x01, 0x00, 0x00, 0x86, 0x01, 0x00, 0x00, 0x3E, 0x00, 0x03, 0x00, 0x23, 0x01, 0x00, 0x00,
	0x87, 0x01, 0x00, 0x00, 0xF9, 0x00, 0x02, 0x00, 0x46, 0x01, 0x00, 0x00, 0xF8, 0x00, 0x02, 0x00,
	0x88, 0x01, 0x00, 0x00, 0x41, 0x00, 0x06, 0x00, 0xC0, 0x00, 0x00, 0x00, 0x8A, 0x01, 0x00, 0x00,
	0x6F, 0x00, 0x00, 0x00, 0x89, 0x01, 0x00, 0x00, 0xB2, 0x00, 0x00, 0x00, 0x3D, 0x00, 0x04, 0x00,
	0x06, 0x00, 0x00, 0x00, 0x8B, 0x01, 0x00, 0x00, 0x8A, 0x01, 0x00, 0x00, 0xBA, 0x00, 0x05, 0x00,
	0x15, 0x00, 0x00, 0x00, 0x8C, 0x01, 0x00, 0x00, 0x8B, 0x01, 0x00, 0x00, 0xD2, 0x00, 0x00, 0x00,
	0xF7, 0x00, 0x03, 0x00, 0x8E, 0x01, 0x00, 0x00, 0x00, 0x00, 0x00, 0x00, 0xFA, 0x00, 0x04, 0x00,
	0x8C, 0x01, 0x00, 0x00, 0x8D, 0x01, 0x00, 0x00, 0x8E, 0x01, 0x00, 0x00, 0xF8, 0x00, 0x02, 0x00,
	0x8D, 0x01, 0x00, 0x00, 0x41, 0x00, 0x05, 0x00, 0x72, 0x00, 0x00, 0x00, 0x90, 0x01, 0x00, 0x00,
	0x6F, 0x00, 0x00, 0x00, 0x89, 0x01, 0x00, 0x00, 0x3D, 0x00, 0x04, 0x00, 0x6B, 0x00, 0x00, 0x00,
	0x91, 0x01, 0x00, 0x00, 0x90, 0x01, 0x00, 0x00, 0x4F, 0x00, 0x08, 0x00, 0x07, 0x00, 0x00, 0x00,
	0x92, 0x01, 0x00, 0x00, 0x91, 0x01, 0x00, 0x00, 0x91, 0x01, 0x00, 0x00, 0x00, 0x00, 0x00, 0x00,
	0x01, 0x00, 0x00, 0x00, 0x02, 0x00, 0x00, 0x00, 0x3D, 0x00, 0x04, 0x00, 0x07, 0x00, 0x00, 0x00,
	0x93, 0x01, 0x00, 0x00, 0xBB, 0x00, 0x00, 0x00, 0x83, 0x00, 0x05, 0x00, 0x07, 0x00, 0x00, 0x00,
	0x94, 0x01, 0x00, 0x00, 0x92, 0x01, 0x00, 0x00, 0x93, 0x01, 0x00, 0x00, 0x0C, 0x00, 0x06, 0x00,
	0x07, 0x00, 0x00, 0x00, 0x95, 0x01, 0x00, 0x00, 0x01, 0x00, 0x00, 0x00, 0x45, 0x00, 0x00, 0x00,
	0x94, 0x01, 0x00, 0x00, 0x3E, 0x00, 0x03, 0x00, 0x8F, 0x01, 0x00, 0x00, 0x95, 0x01, 0x00, 0x00,
	0x3E, 0x00, 0x03, 0x00, 0x15, 0x01, 0x00, 0x00, 0x3E, 0x00, 0x00, 0x00, 0x3D, 0x00, 0x04, 0x00,
	0x16, 0x01, 0x00, 0x00, 0x96, 0x01, 0x00, 0x00, 0x18, 0x01, 0x00, 0x00, 0x3D, 0x00, 0x04, 0x00,
	0x07, 0x00, 0x00, 0x00, 0x97, 0x01, 0x00, 0x00, 0x0B, 0x01, 0x00, 0x00, 0x41, 0x00, 0x06, 0x00,
	0xC0, 0x00, 0x00, 0x00, 0x98, 0x01, 0x00, 0x00, 0x6F, 0x00, 0x00, 0x00, 0xEC, 0x00, 0x00, 0x00,
	0x1A, 0x01, 0x00, 0x00, 0x3D, 0x00, 0x04, 0x00, 0x06, 0x00, 0x00, 0x00, 0x99, 0x01, 0x00, 0x00,
	0x98, 0x01, 0x00, 0x00, 0x0C, 0x00, 0x07, 0x00, 0x06, 0x00, 0x00, 0x00, 0x9A, 0x01, 0x00, 0x00,
	0x01, 0x00, 0x00, 0x00, 0x28, 0x00, 0x00, 0x00, 0x99, 0x01, 0x00, 0x00, 0x14, 0x00, 0x00, 0x00,
	0x3D, 0x00, 0x04, 0x00, 0x07, 0x00, 0x00, 0x00, 0x9B, 0x01, 0x00, 0x00, 0x8F, 0x01, 0x00, 0x00,
	0x5D, 0x11, 0x0C, 0x00, 0x96, 0x01, 0x00, 0x00, 0x1A, 0x01, 0x00, 0x00, 0x1B, 0x01, 0x00, 0x00,
	0x8D, 0x00, 0x00, 0x00, 0x8D, 0x00, 0x00, 0x00, 0x8D, 0x00, 0x00, 0x00, 0x97, 0x01, 0x00, 0x00,
	0x9A, 0x01, 0x00, 0x00, 0x9B, 0x01, 0x00, 0x00, 0x21, 0x01, 0x00, 0x00, 0x15, 0x01, 0x00, 0x00,
	0x3D, 0x00, 0x04, 0x00, 0x06, 0x00, 0x00, 0x00, 0x9C, 0x01, 0x00, 0x00, 0x13, 0x01, 0x00, 0x00,
	0x3D, 0x00, 0x04, 0x00, 0x06, 0x00, 0x00, 0x00, 0x9D, 0x01, 0x00, 0x00, 0x15, 0x01, 0x00, 0x00,
	0x41, 0x00, 0x06, 0x00, 0xC0, 0x00, 0x00, 0x00, 0x9E, 0x01, 0x00, 0x00, 0x6F, 0x00, 0x00, 0x00,
	0x89, 0x01, 0x00, 0x00, 0xB2, 0x00, 0x00, 0x00, 0x3D, 0x00, 0x04, 0x00, 0x06, 0x00, 0x00, 0x00,
	0x9F, 0x01, 0x00, 0x00, 0x9E, 0x01, 0x00, 0x00, 0x0C, 0x00, 0x08, 0x00, 0x06, 0x00, 0x00, 0x00,
	0xA0, 0x01, 0x00, 0x00, 0x01, 0x00, 0x00, 0x00, 0x2B, 0x00, 0x00, 0x00, 0x9F, 0x01, 0x00, 0x00,
	0x3D, 0x00, 0x00, 0x00, 0x3E, 0x00, 0x00, 0x00, 0x0C, 0x00, 0x08, 0x00, 0x06, 0x00, 0x00, 0x00,
	0xA1, 0x01, 0x00, 0x00, 0x01, 0x00, 0x00, 0x00, 0x2E, 0x00, 0x00, 0x00, 0x3E, 0x00, 0x00, 0x00,
	0x9D, 0x01, 0x00, 0x00, 0xA0, 0x01, 0x00, 0x00, 0x0C, 0x00, 0x07, 0x00, 0x06, 0x00, 0x00, 0x00,
	0xA2, 0x01, 0x00, 0x00, 0x01, 0x00, 0x00, 0x00, 0x25, 0x00, 0x00, 0x00, 0x9C, 0x01, 0x00, 0x00,
	0xA1, 0x01, 0x00, 0x00, 0x3E, 0x00, 0x03, 0x00, 0x23, 0x01, 0x00, 0x00, 0xA2, 0x01, 0x00, 0x00,
	0xF9, 0x00, 0x02, 0x00, 0x8E, 0x01, 0x00, 0x00, 0xF8, 0x00, 0x02, 0x00, 0x8E, 0x01, 0x00, 0x00,
	0xF9, 0x00, 0x02, 0x00, 0x46, 0x01, 0x00, 0x00, 0xF8, 0x00, 0x02, 0x00, 0x46, 0x01, 0x00, 0x00,
	0xF9, 0x00, 0x02, 0x00, 0x2B, 0x01, 0x00, 0x00, 0xF8, 0x00, 0x02, 0x00, 0x2B, 0x01, 0x00, 0x00,
	0x3D, 0x00, 0x04, 0x00, 0x96, 0x00, 0x00, 0x00, 0xA3, 0x01, 0x00, 0x00, 0x98, 0x00, 0x00, 0x00,
	0x3D, 0x00, 0x04, 0x00, 0x79, 0x00, 0x00, 0x00, 0xA4, 0x01, 0x00, 0x00, 0x7B, 0x00, 0x00, 0x00,
	0x4F, 0x00, 0x07, 0x00, 0x7C, 0x00, 0x00, 0x00, 0xA5, 0x01, 0x00, 0x00, 0xA4, 0x01, 0x00, 0x00,
	0xA4, 0x01, 0x00, 0x00, 0x00, 0x00, 0x00, 0x00, 0x01, 0x00, 0x00, 0x00, 0x7C, 0x00, 0x04, 0x00,
	0x9C, 0x00, 0x00, 0x00, 0xA6, 0x01, 0x00, 0x00, 0xA5, 0x01, 0x00, 0x00, 0x3D, 0x00, 0x04, 0x00,
	0x06, 0x00, 0x00, 0x00, 0xA7, 0x01, 0x00, 0x00, 0x23, 0x01, 0x00, 0x00, 0x3D, 0x00, 0x04, 0x00,
	0x06, 0x00, 0x00, 0x00, 0xA8, 0x01, 0x00, 0x00, 0xE0, 0x00, 0x00, 0x00, 0x3D, 0x00, 0x04, 0x00,
	0x06, 0x00, 0x00, 0x00, 0xA9, 0x01, 0x00, 0x00, 0xE8, 0x00, 0x00, 0x00, 0x50, 0x00, 0x07, 0x00,
	0x6B, 0x00, 0x00, 0x00, 0xAA, 0x01, 0x00, 0x00, 0xA7, 0x01, 0x00, 0x00, 0xA8, 0x01, 0x00, 0x00,
	0xA9, 0x01, 0x00, 0x00, 0x3E, 0x00, 0x00, 0x00, 0x63, 0x00, 0x04, 0x00, 0xA3, 0x01, 0x00, 0x00,
	0xA6, 0x01, 0x00, 0x00, 0xAA, 0x01, 0x00, 0x00, 0xFD, 0x00, 0x01, 0x00, 0x38, 0x00, 0x01, 0x00,
	0x36, 0x00, 0x05, 0x00, 0x07, 0x00, 0x00, 0x00, 0x11, 0x00, 0x00, 0x00, 0x00, 0x00, 0x00, 0x00,
	0x0C, 0x00, 0x00, 0x00, 0x37, 0x00, 0x03, 0x00, 0x08, 0x00, 0x00, 0x00, 0x0D, 0x00, 0x00, 0x00,
	0x37, 0x00, 0x03, 0x00, 0x0A, 0x00, 0x00, 0x00, 0x0E, 0x00, 0x00, 0x00, 0x37, 0x00, 0x03, 0x00,
	0x0B, 0x00, 0x00, 0x00, 0x0F, 0x00, 0x00, 0x00, 0x37, 0x00, 0x03, 0x00, 0x0B, 0x00, 0x00, 0x00,
	0x10, 0x00, 0x00, 0x00, 0xF8, 0x00, 0x02, 0x00, 0x12, 0x00, 0x00, 0x00, 0x3B, 0x00, 0x04, 0x00,
	0x0B, 0x00, 0x00, 0x00, 0x1B, 0x00, 0x00, 0x00, 0x07, 0x00, 0x00, 0x00, 0x3B, 0x00, 0x04, 0x00,
	0x0B, 0x00, 0x00, 0x00, 0x27, 0x00, 0x00, 0x00, 0x07, 0x00, 0x00, 0x00, 0x3B, 0x00, 0x04, 0x00,
	0x08, 0x00, 0x00, 0x00, 0x35, 0x00, 0x00, 0x00, 0x07, 0x00, 0x00, 0x00, 0x3B, 0x00, 0x04, 0x00,
	0x08, 0x00, 0x00, 0x00, 0x42, 0x00, 0x00, 0x00, 0x07, 0x00, 0x00, 0x00, 0x3B, 0x00, 0x04, 0x00,
	0x08, 0x00, 0x00, 0x00, 0x47, 0x00, 0x00, 0x00, 0x07, 0x00, 0x00, 0x00, 0x3B, 0x00, 0x04, 0x00,
	0x0B, 0x00, 0x00, 0x00, 0x4B, 0x00, 0x00, 0x00, 0x07, 0x00, 0x00, 0x00, 0x3B, 0x00, 0x04, 0x00,
	0x0B, 0x00, 0x00, 0x00, 0x4E, 0x00, 0x00, 0x00, 0x07, 0x00, 0x00, 0x00, 0x3B, 0x00, 0x04, 0x00,
	0x0B, 0x00, 0x00, 0x00, 0x54, 0x00, 0x00, 0x00, 0x07, 0x00, 0x00, 0x00, 0x3D, 0x00, 0x04, 0x00,
	0x06, 0x00, 0x00, 0x00, 0x13, 0x00, 0x00, 0x00, 0x10, 0x00, 0x00, 0x00, 0xBC, 0x00, 0x05, 0x00,
	0x15, 0x00, 0x00, 0x00, 0x16, 0x00, 0x00, 0x00, 0x13, 0x00, 0x00, 0x00, 0x14, 0x00, 0x00, 0x00,
	0xF7, 0x00, 0x03, 0x00, 0x18, 0x00, 0x00, 0x00, 0x00, 0x00, 0x00, 0x00, 0xFA, 0x00, 0x04, 0x00,
	0x16, 0x00, 0x00, 0x00, 0x17, 0x00, 0x00, 0x00, 0x18, 0x00, 0x00, 0x00, 0xF8, 0x00, 0x02, 0x00,
	0x17, 0x00, 0x00, 0x00, 0x3D, 0x00, 0x04, 0x00, 0x07, 0x00, 0x00, 0x00, 0x19, 0x00, 0x00, 0x00,
	0x0D, 0x00, 0x00, 0x00, 0xFE, 0x00, 0x02, 0x00, 0x19, 0x00, 0x00, 0x00, 0xF8, 0x00, 0x02, 0x00,
	0x18, 0x00, 0x00, 0x00, 0x3D, 0x00, 0x04, 0x00, 0x09, 0x00, 0x00, 0x00, 0x1C, 0x00, 0x00, 0x00,
	0x0E, 0x00, 0x00, 0x00, 0x3D, 0x00, 0x04, 0x00, 0x06, 0x00, 0x00, 0x00, 0x1D, 0x00, 0x00, 0x00,
	0x0F, 0x00, 0x00, 0x00, 0x8E, 0x00, 0x05, 0x00, 0x09, 0x00, 0x00, 0x00, 0x1E, 0x00, 0x00, 0x00,
	0x1C, 0x00, 0x00, 0x00, 0x1D, 0x00, 0x00, 0x00, 0x94, 0x00, 0x05, 0x00, 0x06, 0x00, 0x00, 0x00,
	0x22, 0x00, 0x00, 0x00, 0x1E, 0x00, 0x00, 0x00, 0x21, 0x00, 0x00, 0x00, 0x0C, 0x00, 0x06, 0x00,
	0x06, 0x00, 0x00, 0x00, 0x23, 0x00, 0x00, 0x00, 0x01, 0x00, 0x00, 0x00, 0x0D, 0x00, 0x00, 0x00,
	0x22, 0x00, 0x00, 0x00, 0x85, 0x00, 0x05, 0x00, 0x06, 0x00, 0x00, 0x00, 0x25, 0x00, 0x00, 0x00,
	0x23, 0x00, 0x00, 0x00, 0x24, 0x00, 0x00, 0x00, 0x0C, 0x00, 0x06, 0x00, 0x06, 0x00, 0x00, 0x00,
	0x26, 0x00, 0x00, 0x00, 0x01, 0x00, 0x00, 0x00, 0x0A, 0x00, 0x00, 0x00, 0x25, 0x00, 0x00, 0x00,
	0x3E, 0x00, 0x03, 0x00, 0x1B, 0x00, 0x00, 0x00, 0x26, 0x00, 0x00, 0x00, 0x3D, 0x00, 0x04, 0x00,
	0x09, 0x00, 0x00, 0x00, 0x28, 0x00, 0x00, 0x00, 0x0E, 0x00, 0x00, 0x00, 0x3D, 0x00, 0x04, 0x00,
	0x06, 0x00, 0x00, 0x00, 0x29, 0x00, 0x00, 0x00, 0x0F, 0x00, 0x00, 0x00, 0x81, 0x00, 0x05, 0x00,
	0x06, 0x00, 0x00, 0x00, 0x2B, 0x00, 0x00, 0x00, 0x29, 0x00, 0x00, 0x00, 0x2A, 0x00, 0x00, 0x00,
	0x8E, 0x00, 0x05, 0x00, 0x09, 0x00, 0x00, 0x00, 0x2C, 0x00, 0x00, 0x00, 0x28, 0x00, 0x00, 0x00,
	0x2B, 0x00, 0x00, 0x00, 0x94, 0x00, 0x05, 0x00, 0x06, 0x00, 0x00, 0x00, 0x30, 0x00, 0x00, 0x00,
	0x2C, 0x00, 0x00, 0x00, 0x2F, 0x00, 0x00, 0x00, 0x0C, 0x00, 0x06, 0x00, 0x06, 0x00, 0x00, 0x00,
	0x31, 0x00, 0x00, 0x00, 0x01, 0x00, 0x00, 0x00, 0x0D, 0x00, 0x00, 0x00, 0x30, 0x00, 0x00, 0x00,
	0x85, 0x00, 0x05, 0x00, 0x06, 0x00, 0x00, 0x00, 0x33, 0x00, 0x00, 0x00, 0x31, 0x00, 0x00, 0x00,
	0x32, 0x00, 0x00, 0x00, 0x0C, 0x00, 0x06, 0x00, 0x06, 0x00, 0x00, 0x00, 0x34, 0x00, 0x00, 0x00,
	0x01, 0x00, 0x00, 0x00, 0x0A, 0x00, 0x00, 0x00, 0x33, 0x00, 0x00, 0x00, 0x3E, 0x00, 0x03, 0x00,
	0x27, 0x00, 0x00, 0x00, 0x34, 0x00, 0x00, 0x00, 0x41, 0x00, 0x05, 0x00, 0x0B, 0x00, 0x00, 0x00,
	0x38, 0x00, 0x00, 0x00, 0x0D, 0x00, 0x00, 0x00, 0x37, 0x00, 0x00, 0x00, 0x3D, 0x00, 0x04, 0x00,
	0x06, 0x00, 0x00, 0x00, 0x39, 0x00, 0x00, 0x00, 0x38, 0x00, 0x00, 0x00, 0x0C, 0x00, 0x06, 0x00,
	0x06, 0x00, 0x00, 0x00, 0x3A, 0x00, 0x00, 0x00, 0x01, 0x00, 0x00, 0x00, 0x04, 0x00, 0x00, 0x00,
	0x39, 0x00, 0x00, 0x00, 0xB8, 0x00, 0x05, 0x00, 0x15, 0x00, 0x00, 0x00, 0x3C, 0x00, 0x00, 0x00,
	0x3A, 0x00, 0x00, 0x00, 0x3B, 0x00, 0x00, 0x00, 0xA9, 0x00, 0x06, 0x00, 0x07, 0x00, 0x00, 0x00,
	0x41, 0x00, 0x00, 0x00, 0x3C, 0x00, 0x00, 0x00, 0x3F, 0x00, 0x00, 0x00, 0x40, 0x00, 0x00, 0x00,
	0x3E, 0x00, 0x03, 0x00, 0x35, 0x00, 0x00, 0x00, 0x41, 0x00, 0x00, 0x00, 0x3D, 0x00, 0x04, 0x00,
	0x07, 0x00, 0x00, 0x00, 0x43, 0x00, 0x00, 0x00, 0x35, 0x00, 0x00, 0x00, 0x3D, 0x00, 0x04, 0x00,
	0x07, 0x00, 0x00, 0x00, 0x44, 0x00, 0x00, 0x00, 0x0D, 0x00, 0x00, 0x00, 0x0C, 0x00, 0x07, 0x00,
	0x07, 0x00, 0x00, 0x00, 0x45, 0x00, 0x00, 0x00, 0x01, 0x00, 0x00, 0x00, 0x44, 0x00, 0x00, 0x00,
	0x43, 0x00, 0x00, 0x00, 0x44, 0x00, 0x00, 0x00, 0x0C, 0x00, 0x06, 0x00, 0x07, 0x00, 0x00, 0x00,
	0x46, 0x00, 0x00, 0x00, 0x01, 0x00, 0x00, 0x00, 0x45, 0x00, 0x00, 0x00, 0x45, 0x00, 0x00, 0x00,
	0x3E, 0x00, 0x03, 0x00, 0x42, 0x00, 0x00, 0x00, 0x46, 0x00, 0x00, 0x00, 0x3D, 0x00, 0x04, 0x00,
	0x07, 0x00, 0x00, 0x00, 0x48, 0x00, 0x00, 0x00, 0x0D, 0x00, 0x00, 0x00, 0x3D, 0x00, 0x04, 0x00,
	0x07, 0x00, 0x00, 0x00, 0x49, 0x00, 0x00, 0x00, 0x42, 0x00, 0x00, 0x00, 0x0C, 0x00, 0x07, 0x00,
	0x07, 0x00, 0x00, 0x00, 0x4A, 0x00, 0x00, 0x00, 0x01, 0x00, 0x00, 0x00, 0x44, 0x00, 0x00, 0x00,
	0x48, 0x00, 0x00, 0x00, 0x49, 0x00, 0x00, 0x00, 0x3E, 0x00, 0x03, 0x00, 0x47, 0x00, 0x00, 0x00,
	0x4A, 0x00, 0x00, 0x00, 0x3D, 0x00, 0x04, 0x00, 0x06, 0x00, 0x00, 0x00, 0x4C, 0x00, 0x00, 0x00,
	0x10, 0x00, 0x00, 0x00, 0x0C, 0x00, 0x06, 0x00, 0x06, 0x00, 0x00, 0x00, 0x4D, 0x00, 0x00, 0x00,
	0x01, 0x00, 0x00, 0x00, 0x0B, 0x00, 0x00, 0x00, 0x4C, 0x00, 0x00, 0x00, 0x3E, 0x00, 0x03, 0x00,
	0x4B, 0x00, 0x00, 0x00, 0x4D, 0x00, 0x00, 0x00, 0x3D, 0x00, 0x04, 0x00, 0x06, 0x00, 0x00, 0x00,
	0x4F, 0x00, 0x00, 0x00, 0x1B, 0x00, 0x00, 0x00, 0x0C, 0x00, 0x06, 0x00, 0x06, 0x00, 0x00, 0x00,
	0x50, 0x00, 0x00, 0x00, 0x01, 0x00, 0x00, 0x00, 0x1F, 0x00, 0x00, 0x00, 0x4F, 0x00, 0x00, 0x00,
	0x3D, 0x00, 0x04, 0x00, 0x06, 0x00, 0x00, 0x00, 0x51, 0x00, 0x00, 0x00, 0x4B, 0x00, 0x00, 0x00,
	0x0C, 0x00, 0x06, 0x00, 0x06, 0x00, 0x00, 0x00, 0x52, 0x00, 0x00, 0x00, 0x01, 0x00, 0x00, 0x00,
	0x0F, 0x00, 0x00, 0x00, 0x51, 0x00, 0x00, 0x00, 0x85, 0x00, 0x05, 0x00, 0x06, 0x00, 0x00, 0x00,
	0x53, 0x00, 0x00, 0x00, 0x50, 0x00, 0x00, 0x00, 0x52, 0x00, 0x00, 0x00, 0x3E, 0x00, 0x03, 0x00,
	0x4E, 0x00, 0x00, 0x00, 0x53, 0x00, 0x00, 0x00, 0x3D, 0x00, 0x04, 0x00, 0x06, 0x00, 0x00, 0x00,
	0x56, 0x00, 0x00, 0x00, 0x27, 0x00, 0x00, 0x00, 0x85, 0x00, 0x05, 0x00, 0x06, 0x00, 0x00, 0x00,
	0x57, 0x00, 0x00, 0x00, 0x55, 0x00, 0x00, 0x00, 0x56, 0x00, 0x00, 0x00, 0x3E, 0x00, 0x03, 0x00,
	0x54, 0x00, 0x00, 0x00, 0x57, 0x00, 0x00, 0x00, 0x3D, 0x00, 0x04, 0x00, 0x07, 0x00, 0x00, 0x00,
	0x58, 0x00, 0x00, 0x00, 0x0D, 0x00, 0x00, 0x00, 0x3D, 0x00, 0x04, 0x00, 0x07, 0x00, 0x00, 0x00,
	0x59, 0x00, 0x00, 0x00, 0x42, 0x00, 0x00, 0x00, 0x3D, 0x00, 0x04, 0x00, 0x06, 0x00, 0x00, 0x00,
	0x5A, 0x00, 0x00, 0x00, 0x54, 0x00, 0x00, 0x00, 0x0C, 0x00, 0x06, 0x00, 0x06, 0x00, 0x00, 0x00,
	0x5B, 0x00, 0x00, 0x00, 0x01, 0x00, 0x00, 0x00, 0x0E, 0x00, 0x00, 0x00, 0x5A, 0x00, 0x00, 0x00,
	0x3D, 0x00, 0x04, 0x00, 0x06, 0x00, 0x00, 0x00, 0x5C, 0x00, 0x00, 0x00, 0x4E, 0x00, 0x00, 0x00,
	0x85, 0x00, 0x05, 0x00, 0x06, 0x00, 0x00, 0x00, 0x5D, 0x00, 0x00, 0x00, 0x5B, 0x00, 0x00, 0x00,
	0x5C, 0x00, 0x00, 0x00, 0x8E, 0x00, 0x05, 0x00, 0x07, 0x00, 0x00, 0x00, 0x5E, 0x00, 0x00, 0x00,
	0x59, 0x00, 0x00, 0x00, 0x5D, 0x00, 0x00, 0x00, 0x81, 0x00, 0x05, 0x00, 0x07, 0x00, 0x00, 0x00,
	0x5F, 0x00, 0x00, 0x00, 0x58, 0x00, 0x00, 0x00, 0x5E, 0x00, 0x00, 0x00, 0x3D, 0x00, 0x04, 0x00,
	0x07, 0x00, 0x00, 0x00, 0x60, 0x00, 0x00, 0x00, 0x47, 0x00, 0x00, 0x00, 0x3D, 0x00, 0x04, 0x00,
	0x06, 0x00, 0x00, 0x00, 0x61, 0x00, 0x00, 0x00, 0x54, 0x00, 0x00, 0x00, 0x0C, 0x00, 0x06, 0x00,
	0x06, 0x00, 0x00, 0x00, 0x62, 0x00, 0x00, 0x00, 0x01, 0x00, 0x00, 0x00, 0x0D, 0x00, 0x00, 0x00,
	0x61, 0x00, 0x00, 0x00, 0x3D, 0x00, 0x04, 0x00, 0x06, 0x00, 0x00, 0x00, 0x63, 0x00, 0x00, 0x00,
	0x4E, 0x00, 0x00, 0x00, 0x85, 0x00, 0x05, 0x00, 0x06, 0x00, 0x00, 0x00, 0x64, 0x00, 0x00, 0x00,
	0x62, 0x00, 0x00, 0x00, 0x63, 0x00, 0x00, 0x00, 0x8E, 0x00, 0x05, 0x00, 0x07, 0x00, 0x00, 0x00,
	0x65, 0x00, 0x00, 0x00, 0x60, 0x00, 0x00, 0x00, 0x64, 0x00, 0x00, 0x00, 0x81, 0x00, 0x05, 0x00,
	0x07, 0x00, 0x00, 0x00, 0x66, 0x00, 0x00, 0x00, 0x5F, 0x00, 0x00, 0x00, 0x65, 0x00, 0x00, 0x00,
	0x0C, 0x00, 0x06, 0x00, 0x07, 0x00, 0x00, 0x00, 0x67, 0x00, 0x00, 0x00, 0x01, 0x00, 0x00, 0x00,
	0x45, 0x00, 0x00, 0x00, 0x66, 0x00, 0x00, 0x00, 0xFE, 0x00, 0x02, 0x00, 0x67, 0x00, 0x00, 0x00,
	0x38, 0x00, 0x01, 0x00
};
#define VK_HYBRID1_SHADOW_RGEN_SPV_SIZE (11124u)

/* hybrid1_shadow_rmiss_spv.spv 312 bytes */
static const uint8_t vk_hybrid1_shadow_rmiss_spv[] = {
	0x03, 0x02, 0x23, 0x07, 0x00, 0x05, 0x01, 0x00, 0x0B, 0x00, 0x08, 0x00, 0x0A, 0x00, 0x00, 0x00,
	0x00, 0x00, 0x00, 0x00, 0x11, 0x00, 0x02, 0x00, 0x7F, 0x11, 0x00, 0x00, 0x0A, 0x00, 0x06, 0x00,
	0x53, 0x50, 0x56, 0x5F, 0x4B, 0x48, 0x52, 0x5F, 0x72, 0x61, 0x79, 0x5F, 0x74, 0x72, 0x61, 0x63,
	0x69, 0x6E, 0x67, 0x00, 0x0B, 0x00, 0x06, 0x00, 0x01, 0x00, 0x00, 0x00, 0x47, 0x4C, 0x53, 0x4C,
	0x2E, 0x73, 0x74, 0x64, 0x2E, 0x34, 0x35, 0x30, 0x00, 0x00, 0x00, 0x00, 0x0E, 0x00, 0x03, 0x00,
	0x00, 0x00, 0x00, 0x00, 0x01, 0x00, 0x00, 0x00, 0x0F, 0x00, 0x06, 0x00, 0xC5, 0x14, 0x00, 0x00,
	0x04, 0x00, 0x00, 0x00, 0x6D, 0x61, 0x69, 0x6E, 0x00, 0x00, 0x00, 0x00, 0x08, 0x00, 0x00, 0x00,
	0x03, 0x00, 0x03, 0x00, 0x02, 0x00, 0x00, 0x00, 0xCC, 0x01, 0x00, 0x00, 0x04, 0x00, 0x06, 0x00,
	0x47, 0x4C, 0x5F, 0x45, 0x58, 0x54, 0x5F, 0x72, 0x61, 0x79, 0x5F, 0x74, 0x72, 0x61, 0x63, 0x69,
	0x6E, 0x67, 0x00, 0x00, 0x05, 0x00, 0x04, 0x00, 0x04, 0x00, 0x00, 0x00, 0x6D, 0x61, 0x69, 0x6E,
	0x00, 0x00, 0x00, 0x00, 0x05, 0x00, 0x05, 0x00, 0x08, 0x00, 0x00, 0x00, 0x73, 0x68, 0x61, 0x64,
	0x6F, 0x77, 0x56, 0x69, 0x73, 0x00, 0x00, 0x00, 0x13, 0x00, 0x02, 0x00, 0x02, 0x00, 0x00, 0x00,
	0x21, 0x00, 0x03, 0x00, 0x03, 0x00, 0x00, 0x00, 0x02, 0x00, 0x00, 0x00, 0x16, 0x00, 0x03, 0x00,
	0x06, 0x00, 0x00, 0x00, 0x20, 0x00, 0x00, 0x00, 0x20, 0x00, 0x04, 0x00, 0x07, 0x00, 0x00, 0x00,
	0xDE, 0x14, 0x00, 0x00, 0x06, 0x00, 0x00, 0x00, 0x3B, 0x00, 0x04, 0x00, 0x07, 0x00, 0x00, 0x00,
	0x08, 0x00, 0x00, 0x00, 0xDE, 0x14, 0x00, 0x00, 0x2B, 0x00, 0x04, 0x00, 0x06, 0x00, 0x00, 0x00,
	0x09, 0x00, 0x00, 0x00, 0x00, 0x00, 0x80, 0x3F, 0x36, 0x00, 0x05, 0x00, 0x02, 0x00, 0x00, 0x00,
	0x04, 0x00, 0x00, 0x00, 0x00, 0x00, 0x00, 0x00, 0x03, 0x00, 0x00, 0x00, 0xF8, 0x00, 0x02, 0x00,
	0x05, 0x00, 0x00, 0x00, 0x3E, 0x00, 0x03, 0x00, 0x08, 0x00, 0x00, 0x00, 0x09, 0x00, 0x00, 0x00,
	0xFD, 0x00, 0x01, 0x00, 0x38, 0x00, 0x01, 0x00
};
#define VK_HYBRID1_SHADOW_RMISS_SPV_SIZE (312u)

/* hybrid1_shadow_rchit_spv.spv 312 bytes */
static const uint8_t vk_hybrid1_shadow_rchit_spv[] = {
	0x03, 0x02, 0x23, 0x07, 0x00, 0x05, 0x01, 0x00, 0x0B, 0x00, 0x08, 0x00, 0x0A, 0x00, 0x00, 0x00,
	0x00, 0x00, 0x00, 0x00, 0x11, 0x00, 0x02, 0x00, 0x7F, 0x11, 0x00, 0x00, 0x0A, 0x00, 0x06, 0x00,
	0x53, 0x50, 0x56, 0x5F, 0x4B, 0x48, 0x52, 0x5F, 0x72, 0x61, 0x79, 0x5F, 0x74, 0x72, 0x61, 0x63,
	0x69, 0x6E, 0x67, 0x00, 0x0B, 0x00, 0x06, 0x00, 0x01, 0x00, 0x00, 0x00, 0x47, 0x4C, 0x53, 0x4C,
	0x2E, 0x73, 0x74, 0x64, 0x2E, 0x34, 0x35, 0x30, 0x00, 0x00, 0x00, 0x00, 0x0E, 0x00, 0x03, 0x00,
	0x00, 0x00, 0x00, 0x00, 0x01, 0x00, 0x00, 0x00, 0x0F, 0x00, 0x06, 0x00, 0xC4, 0x14, 0x00, 0x00,
	0x04, 0x00, 0x00, 0x00, 0x6D, 0x61, 0x69, 0x6E, 0x00, 0x00, 0x00, 0x00, 0x08, 0x00, 0x00, 0x00,
	0x03, 0x00, 0x03, 0x00, 0x02, 0x00, 0x00, 0x00, 0xCC, 0x01, 0x00, 0x00, 0x04, 0x00, 0x06, 0x00,
	0x47, 0x4C, 0x5F, 0x45, 0x58, 0x54, 0x5F, 0x72, 0x61, 0x79, 0x5F, 0x74, 0x72, 0x61, 0x63, 0x69,
	0x6E, 0x67, 0x00, 0x00, 0x05, 0x00, 0x04, 0x00, 0x04, 0x00, 0x00, 0x00, 0x6D, 0x61, 0x69, 0x6E,
	0x00, 0x00, 0x00, 0x00, 0x05, 0x00, 0x05, 0x00, 0x08, 0x00, 0x00, 0x00, 0x73, 0x68, 0x61, 0x64,
	0x6F, 0x77, 0x56, 0x69, 0x73, 0x00, 0x00, 0x00, 0x13, 0x00, 0x02, 0x00, 0x02, 0x00, 0x00, 0x00,
	0x21, 0x00, 0x03, 0x00, 0x03, 0x00, 0x00, 0x00, 0x02, 0x00, 0x00, 0x00, 0x16, 0x00, 0x03, 0x00,
	0x06, 0x00, 0x00, 0x00, 0x20, 0x00, 0x00, 0x00, 0x20, 0x00, 0x04, 0x00, 0x07, 0x00, 0x00, 0x00,
	0xDE, 0x14, 0x00, 0x00, 0x06, 0x00, 0x00, 0x00, 0x3B, 0x00, 0x04, 0x00, 0x07, 0x00, 0x00, 0x00,
	0x08, 0x00, 0x00, 0x00, 0xDE, 0x14, 0x00, 0x00, 0x2B, 0x00, 0x04, 0x00, 0x06, 0x00, 0x00, 0x00,
	0x09, 0x00, 0x00, 0x00, 0x00, 0x00, 0x00, 0x00, 0x36, 0x00, 0x05, 0x00, 0x02, 0x00, 0x00, 0x00,
	0x04, 0x00, 0x00, 0x00, 0x00, 0x00, 0x00, 0x00, 0x03, 0x00, 0x00, 0x00, 0xF8, 0x00, 0x02, 0x00,
	0x05, 0x00, 0x00, 0x00, 0x3E, 0x00, 0x03, 0x00, 0x08, 0x00, 0x00, 0x00, 0x09, 0x00, 0x00, 0x00,
	0xFD, 0x00, 0x01, 0x00, 0x38, 0x00, 0x01, 0x00
};
#define VK_HYBRID1_SHADOW_RCHIT_SPV_SIZE (312u)

/* hybrid1_spec_rgen_spv.spv 38544 bytes */
static const uint8_t vk_hybrid1_spec_rgen_spv[] = {
	0x03, 0x02, 0x23, 0x07, 0x00, 0x05, 0x01, 0x00, 0x0B, 0x00, 0x08, 0x00, 0x2A, 0x06, 0x00, 0x00,
	0x00, 0x00, 0x00, 0x00, 0x11, 0x00, 0x02, 0x00, 0x7F, 0x11, 0x00, 0x00, 0x0A, 0x00, 0x06, 0x00,
	0x53, 0x50, 0x56, 0x5F, 0x4B, 0x48, 0x52, 0x5F, 0x72, 0x61, 0x79, 0x5F, 0x74, 0x72, 0x61, 0x63,
	0x69, 0x6E, 0x67, 0x00, 0x0B, 0x00, 0x06, 0x00, 0x01, 0x00, 0x00, 0x00, 0x47, 0x4C, 0x53, 0x4C,
	0x2E, 0x73, 0x74, 0x64, 0x2E, 0x34, 0x35, 0x30, 0x00, 0x00, 0x00, 0x00, 0x0E, 0x00, 0x03, 0x00,
	0x00, 0x00, 0x00, 0x00, 0x01, 0x00, 0x00, 0x00, 0x0F, 0x00, 0x0D, 0x00, 0xC1, 0x14, 0x00, 0x00,
	0x04, 0x00, 0x00, 0x00, 0x6D, 0x61, 0x69, 0x6E, 0x00, 0x00, 0x00, 0x00, 0xFF, 0x03, 0x00, 0x00,
	0x08, 0x04, 0x00, 0x00, 0x13, 0x04, 0x00, 0x00, 0x21, 0x04, 0x00, 0x00, 0x4F, 0x04, 0x00, 0x00,
	0x65, 0x04, 0x00, 0x00, 0x23, 0x05, 0x00, 0x00, 0x2A, 0x05, 0x00, 0x00, 0x03, 0x00, 0x03, 0x00,
	0x02, 0x00, 0x00, 0x00, 0xCC, 0x01, 0x00, 0x00, 0x04, 0x00, 0x06, 0x00, 0x47, 0x4C, 0x5F, 0x45,
	0x58, 0x54, 0x5F, 0x72, 0x61, 0x79, 0x5F, 0x74, 0x72, 0x61, 0x63, 0x69, 0x6E, 0x67, 0x00, 0x00,
	0x04, 0x00, 0x0A, 0x00, 0x47, 0x4C, 0x5F, 0x47, 0x4F, 0x4F, 0x47, 0x4C, 0x45, 0x5F, 0x63, 0x70,
	0x70, 0x5F, 0x73, 0x74, 0x79, 0x6C, 0x65, 0x5F, 0x6C, 0x69, 0x6E, 0x65, 0x5F, 0x64, 0x69, 0x72,
	0x65, 0x63, 0x74, 0x69, 0x76, 0x65, 0x00, 0x00, 0x04, 0x00, 0x08, 0x00, 0x47, 0x4C, 0x5F, 0x47,
	0x4F, 0x4F, 0x47, 0x4C, 0x45, 0x5F, 0x69, 0x6E, 0x63, 0x6C, 0x75, 0x64, 0x65, 0x5F, 0x64, 0x69,
	0x72, 0x65, 0x63, 0x74, 0x69, 0x76, 0x65, 0x00, 0x05, 0x00, 0x04, 0x00, 0x04, 0x00, 0x00, 0x00,
	0x6D, 0x61, 0x69, 0x6E, 0x00, 0x00, 0x00, 0x00, 0x05, 0x00, 0x07, 0x00, 0x0B, 0x00, 0x00, 0x00,
	0x68, 0x79, 0x62, 0x72, 0x69, 0x64, 0x31, 0x5F, 0x64, 0x47, 0x67, 0x78, 0x28, 0x66, 0x31, 0x3B,
	0x66, 0x31, 0x3B, 0x00, 0x05, 0x00, 0x04, 0x00, 0x09, 0x00, 0x00, 0x00, 0x4E, 0x64, 0x6F, 0x74,
	0x48, 0x00, 0x00, 0x00, 0x05, 0x00, 0x04, 0x00, 0x0A, 0x00, 0x00, 0x00, 0x61, 0x6C, 0x70, 0x68,
	0x61, 0x00, 0x00, 0x00, 0x05, 0x00, 0x0A, 0x00, 0x12, 0x00, 0x00, 0x00, 0x68, 0x79, 0x62, 0x72,
	0x69, 0x64, 0x31, 0x5F, 0x66, 0x72, 0x65, 0x73, 0x6E, 0x65, 0x6C, 0x53, 0x63, 0x68, 0x6C, 0x69,
	0x63, 0x6B, 0x28, 0x66, 0x31, 0x3B, 0x76, 0x66, 0x33, 0x3B, 0x00, 0x00, 0x05, 0x00, 0x05, 0x00,
	0x10, 0x00, 0x00, 0x00, 0x63, 0x6F, 0x73, 0x54, 0x68, 0x65, 0x74, 0x61, 0x00, 0x00, 0x00, 0x00,
	0x05, 0x00, 0x03, 0x00, 0x11, 0x00, 0x00, 0x00, 0x46, 0x30, 0x00, 0x00, 0x05, 0x00, 0x06, 0x00,
	0x17, 0x00, 0x00, 0x00, 0x6C, 0x61, 0x6D, 0x62, 0x65, 0x72, 0x74, 0x28, 0x76, 0x66, 0x33, 0x3B,
	0x00, 0x00, 0x00, 0x00, 0x05, 0x00, 0x03, 0x00, 0x16, 0x00, 0x00, 0x00, 0x76, 0x00, 0x00, 0x00,
	0x05, 0x00, 0x08, 0x00, 0x1C, 0x00, 0x00, 0x00, 0x6E, 0x64, 0x66, 0x5F, 0x74, 0x6F, 0x5F, 0x64,
	0x69, 0x73, 0x6B, 0x5F, 0x67, 0x67, 0x78, 0x28, 0x76, 0x66, 0x33, 0x3B, 0x66, 0x31, 0x3B, 0x00,
	0x05, 0x00, 0x03, 0x00, 0x1A, 0x00, 0x00, 0x00, 0x76, 0x00, 0x00, 0x00, 0x05, 0x00, 0x04, 0x00,
	0x1B, 0x00, 0x00, 0x00, 0x61, 0x6C, 0x70, 0x68, 0x61, 0x00, 0x00, 0x00, 0x05, 0x00, 0x07, 0x00,
	0x22, 0x00, 0x00, 0x00, 0x69, 0x6E, 0x76, 0x5F, 0x71, 0x75, 0x61, 0x64, 0x72, 0x61, 0x74, 0x69,
	0x63, 0x28, 0x6D, 0x66, 0x32, 0x32, 0x3B, 0x00, 0x05, 0x00, 0x03, 0x00, 0x21, 0x00, 0x00, 0x00,
	0x4D, 0x00, 0x00, 0x00, 0x05, 0x00, 0x07, 0x00, 0x25, 0x00, 0x00, 0x00, 0x75, 0x76, 0x5F, 0x65,
	0x6C, 0x6C, 0x69, 0x70, 0x73, 0x6F, 0x69, 0x64, 0x28, 0x6D, 0x66, 0x32, 0x32, 0x3B, 0x00, 0x00,
	0x05, 0x00, 0x04, 0x00, 0x24, 0x00, 0x00, 0x00, 0x75, 0x76, 0x5F, 0x4A, 0x00, 0x00, 0x00, 0x00,
	0x05, 0x00, 0x07, 0x00, 0x2A, 0x00, 0x00, 0x00, 0x51, 0x75, 0x65, 0x72, 0x79, 0x4C, 0x6F, 0x64,
	0x28, 0x6D, 0x66, 0x32, 0x32, 0x3B, 0x66, 0x31, 0x3B, 0x00, 0x00, 0x00, 0x05, 0x00, 0x04, 0x00,
	0x28, 0x00, 0x00, 0x00, 0x75, 0x76, 0x5F, 0x4A, 0x00, 0x00, 0x00, 0x00, 0x05, 0x00, 0x05, 0x00,
	0x29, 0x00, 0x00, 0x00, 0x66, 0x69, 0x6C, 0x74, 0x65, 0x72, 0x5F, 0x73, 0x69, 0x7A, 0x65, 0x00,
	0x05, 0x00, 0x06, 0x00, 0x31, 0x00, 0x00, 0x00, 0x73, 0x68, 0x75, 0x66, 0x66, 0x6C, 0x65, 0x28,
	0x76, 0x75, 0x32, 0x3B, 0x00, 0x00, 0x00, 0x00, 0x05, 0x00, 0x03, 0x00, 0x30, 0x00, 0x00, 0x00,
	0x76, 0x00, 0x00, 0x00, 0x05, 0x00, 0x05, 0x00, 0x35, 0x00, 0x00, 0x00, 0x72, 0x61, 0x6E, 0x64,
	0x28, 0x76, 0x75, 0x32, 0x3B, 0x00, 0x00, 0x00, 0x05, 0x00, 0x03, 0x00, 0x34, 0x00, 0x00, 0x00,
	0x76, 0x00, 0x00, 0x00, 0x05, 0x00, 0x08, 0x00, 0x3E, 0x00, 0x00, 0x00, 0x52, 0x61, 0x6E, 0x64,
	0x31, 0x44, 0x28, 0x76, 0x66, 0x32, 0x3B, 0x76, 0x66, 0x32, 0x3B, 0x66, 0x31, 0x3B, 0x75, 0x31,
	0x3B, 0x00, 0x00, 0x00, 0x05, 0x00, 0x03, 0x00, 0x3A, 0x00, 0x00, 0x00, 0x78, 0x00, 0x00, 0x00,
	0x05, 0x00, 0x03, 0x00, 0x3B, 0x00, 0x00, 0x00, 0x79, 0x00, 0x00, 0x00, 0x05, 0x00, 0x03, 0x00,
	0x3C, 0x00, 0x00, 0x00, 0x6C, 0x00, 0x00, 0x00, 0x05, 0x00, 0x03, 0x00, 0x3D, 0x00, 0x00, 0x00,
	0x69, 0x00, 0x00, 0x00, 0x05, 0x00, 0x08, 0x00, 0x45, 0x00, 0x00, 0x00, 0x52, 0x61, 0x6E, 0x64,
	0x32, 0x44, 0x28, 0x76, 0x66, 0x32, 0x3B, 0x76, 0x66, 0x32, 0x3B, 0x66, 0x31, 0x3B, 0x75, 0x31,
	0x3B, 0x00, 0x00, 0x00, 0x05, 0x00, 0x03, 0x00, 0x41, 0x00, 0x00, 0x00, 0x78, 0x00, 0x00, 0x00,
	0x05, 0x00, 0x03, 0x00, 0x42, 0x00, 0x00, 0x00, 0x79, 0x00, 0x00, 0x00, 0x05, 0x00, 0x03, 0x00,
	0x43, 0x00, 0x00, 0x00, 0x6C, 0x00, 0x00, 0x00, 0x05, 0x00, 0x03, 0x00, 0x44, 0x00, 0x00, 0x00,
	0x69, 0x00, 0x00, 0x00, 0x05, 0x00, 0x06, 0x00, 0x49, 0x00, 0x00, 0x00, 0x65, 0x72, 0x66, 0x5F,
	0x61, 0x70, 0x70, 0x72, 0x6F, 0x78, 0x28, 0x66, 0x31, 0x3B, 0x00, 0x00, 0x05, 0x00, 0x03, 0x00,
	0x48, 0x00, 0x00, 0x00, 0x78, 0x00, 0x00, 0x00, 0x05, 0x00, 0x06, 0x00, 0x4F, 0x00, 0x00, 0x00,
	0x63, 0x64, 0x66, 0x28, 0x66, 0x31, 0x3B, 0x66, 0x31, 0x3B, 0x66, 0x31, 0x3B, 0x00, 0x00, 0x00,
	0x05, 0x00, 0x03, 0x00, 0x4C, 0x00, 0x00, 0x00, 0x78, 0x00, 0x00, 0x00, 0x05, 0x00, 0x03, 0x00,
	0x4D, 0x00, 0x00, 0x00, 0x6D, 0x75, 0x00, 0x00, 0x05, 0x00, 0x04, 0x00, 0x4E, 0x00, 0x00, 0x00,
	0x73, 0x69, 0x67, 0x6D, 0x61, 0x00, 0x00, 0x00, 0x05, 0x00, 0x0C, 0x00, 0x58, 0x00, 0x00, 0x00,
	0x69, 0x6E, 0x74, 0x65, 0x67, 0x72, 0x61, 0x74, 0x65, 0x5F, 0x69, 0x6E, 0x74, 0x65, 0x72, 0x76,
	0x61, 0x6C, 0x28, 0x66, 0x31, 0x3B, 0x66, 0x31, 0x3B, 0x66, 0x31, 0x3B, 0x66, 0x31, 0x3B, 0x66,
	0x31, 0x3B, 0x66, 0x31, 0x3B, 0x00, 0x00, 0x00, 0x05, 0x00, 0x03, 0x00, 0x52, 0x00, 0x00, 0x00,
	0x78, 0x00, 0x00, 0x00, 0x05, 0x00, 0x04, 0x00, 0x53, 0x00, 0x00, 0x00, 0x73, 0x69, 0x7A, 0x65,
	0x00, 0x00, 0x00, 0x00, 0x05, 0x00, 0x03, 0x00, 0x54, 0x00, 0x00, 0x00, 0x6D, 0x75, 0x00, 0x00,
	0x05, 0x00, 0x04, 0x00, 0x55, 0x00, 0x00, 0x00, 0x73, 0x74, 0x64, 0x65, 0x76, 0x00, 0x00, 0x00,
	0x05, 0x00, 0x05, 0x00, 0x56, 0x00, 0x00, 0x00, 0x6C, 0x6F, 0x77, 0x65, 0x72, 0x5F, 0x6C, 0x69,
	0x6D, 0x69, 0x74, 0x00, 0x05, 0x00, 0x05, 0x00, 0x57, 0x00, 0x00, 0x00, 0x75, 0x70, 0x70, 0x65,
	0x72, 0x5F, 0x6C, 0x69, 0x6D, 0x69, 0x74, 0x00, 0x05, 0x00, 0x0C, 0x00, 0x61, 0x00, 0x00, 0x00,
	0x69, 0x6E, 0x74, 0x65, 0x67, 0x72, 0x61, 0x74, 0x65, 0x5F, 0x62, 0x6F, 0x78, 0x28, 0x76, 0x66,
	0x32, 0x3B, 0x76, 0x66, 0x32, 0x3B, 0x76, 0x66, 0x32, 0x3B, 0x6D, 0x66, 0x32, 0x32, 0x3B, 0x76,
	0x66, 0x32, 0x3B, 0x76, 0x66, 0x32, 0x3B, 0x00, 0x05, 0x00, 0x03, 0x00, 0x5B, 0x00, 0x00, 0x00,
	0x78, 0x00, 0x00, 0x00, 0x05, 0x00, 0x04, 0x00, 0x5C, 0x00, 0x00, 0x00, 0x73, 0x69, 0x7A, 0x65,
	0x00, 0x00, 0x00, 0x00, 0x05, 0x00, 0x03, 0x00, 0x5D, 0x00, 0x00, 0x00, 0x6D, 0x75, 0x00, 0x00,
	0x05, 0x00, 0x04, 0x00, 0x5E, 0x00, 0x00, 0x00, 0x73, 0x69, 0x67, 0x6D, 0x61, 0x00, 0x00, 0x00,
	0x05, 0x00, 0x05, 0x00, 0x5F, 0x00, 0x00, 0x00, 0x6C, 0x6F, 0x77, 0x65, 0x72, 0x5F, 0x6C, 0x69,
	0x6D, 0x69, 0x74, 0x00, 0x05, 0x00, 0x05, 0x00, 0x60, 0x00, 0x00, 0x00, 0x75, 0x70, 0x70, 0x65,
	0x72, 0x5F, 0x6C, 0x69, 0x6D, 0x69, 0x74, 0x00, 0x05, 0x00, 0x09, 0x00, 0x67, 0x00, 0x00, 0x00,
	0x63, 0x6F, 0x6D, 0x70, 0x65, 0x6E, 0x73, 0x61, 0x74, 0x69, 0x6F, 0x6E, 0x28, 0x76, 0x66, 0x32,
	0x3B, 0x6D, 0x66, 0x32, 0x32, 0x3B, 0x66, 0x31, 0x3B, 0x00, 0x00, 0x00, 0x05, 0x00, 0x03, 0x00,
	0x64, 0x00, 0x00, 0x00, 0x78, 0x5F, 0x61, 0x00, 0x05, 0x00, 0x04, 0x00, 0x65, 0x00, 0x00, 0x00,
	0x73, 0x69, 0x67, 0x6D, 0x61, 0x5F, 0x61, 0x00, 0x05, 0x00, 0x04, 0x00, 0x66, 0x00, 0x00, 0x00,
	0x72, 0x65, 0x73, 0x5F, 0x61, 0x00, 0x00, 0x00, 0x05, 0x00, 0x0A, 0x00, 0x6D, 0x00, 0x00, 0x00,
	0x70, 0x72, 0x65, 0x70, 0x61, 0x72, 0x65, 0x43, 0x6F, 0x76, 0x61, 0x72, 0x69, 0x61, 0x6E, 0x63,
	0x65, 0x28, 0x6D, 0x66, 0x32, 0x32, 0x3B, 0x6D, 0x66, 0x32, 0x32, 0x3B, 0x66, 0x31, 0x3B, 0x00,
	0x05, 0x00, 0x03, 0x00, 0x6A, 0x00, 0x00, 0x00, 0x63, 0x6F, 0x76, 0x00, 0x05, 0x00, 0x04, 0x00,
	0x6B, 0x00, 0x00, 0x00, 0x69, 0x6E, 0x76, 0x43, 0x6F, 0x76, 0x00, 0x00, 0x05, 0x00, 0x07, 0x00,
	0x6C, 0x00, 0x00, 0x00, 0x69, 0x6E, 0x76, 0x4E, 0x6F, 0x72, 0x6D, 0x61, 0x6C, 0x69, 0x7A, 0x61,
	0x74, 0x69, 0x6F, 0x6E, 0x00, 0x00, 0x00, 0x00, 0x05, 0x00, 0x08, 0x00, 0x72, 0x00, 0x00, 0x00,
	0x65, 0x76, 0x61, 0x6C, 0x4E, 0x6F, 0x72, 0x6D, 0x61, 0x6C, 0x28, 0x76, 0x66, 0x32, 0x3B, 0x6D,
	0x66, 0x32, 0x32, 0x3B, 0x66, 0x31, 0x3B, 0x00, 0x05, 0x00, 0x03, 0x00, 0x6F, 0x00, 0x00, 0x00,
	0x64, 0x00, 0x00, 0x00, 0x05, 0x00, 0x04, 0x00, 0x70, 0x00, 0x00, 0x00, 0x69, 0x6E, 0x76, 0x43,
	0x6F, 0x76, 0x00, 0x00, 0x05, 0x00, 0x07, 0x00, 0x71, 0x00, 0x00, 0x00, 0x69, 0x6E, 0x76, 0x4E,
	0x6F, 0x72, 0x6D, 0x61, 0x6C, 0x69, 0x7A, 0x61, 0x74, 0x69, 0x6F, 0x6E, 0x00, 0x00, 0x00, 0x00,
	0x05, 0x00, 0x0D, 0x00, 0x82, 0x00, 0x00, 0x00, 0x6E, 0x64, 0x66, 0x28, 0x76, 0x66, 0x33, 0x3B,
	0x66, 0x31, 0x3B, 0x66, 0x31, 0x3B, 0x76, 0x66, 0x32, 0x3B, 0x6D, 0x66, 0x32, 0x32, 0x3B, 0x66,
	0x31, 0x3B, 0x66, 0x31, 0x3B, 0x69, 0x31, 0x3B, 0x66, 0x31, 0x3B, 0x66, 0x31, 0x3B, 0x66, 0x31,
	0x3B, 0x00, 0x00, 0x00, 0x05, 0x00, 0x03, 0x00, 0x77, 0x00, 0x00, 0x00, 0x68, 0x00, 0x00, 0x00,
	0x05, 0x00, 0x04, 0x00, 0x78, 0x00, 0x00, 0x00, 0x61, 0x6C, 0x70, 0x68, 0x61, 0x00, 0x00, 0x00,
	0x05, 0x00, 0x05, 0x00, 0x79, 0x00, 0x00, 0x00, 0x67, 0x6C, 0x69, 0x6E, 0x74, 0x5F, 0x61, 0x6C,
	0x70, 0x68, 0x61, 0x00, 0x05, 0x00, 0x03, 0x00, 0x7A, 0x00, 0x00, 0x00, 0x75, 0x76, 0x00, 0x00,
	0x05, 0x00, 0x04, 0x00, 0x7B, 0x00, 0x00, 0x00, 0x75, 0x76, 0x5F, 0x4A, 0x00, 0x00, 0x00, 0x00,
	0x05, 0x00, 0x04, 0x00, 0x7C, 0x00, 0x00, 0x00, 0x64, 0x65, 0x6E, 0x73, 0x69, 0x74, 0x79, 0x00,
	0x05, 0x00, 0x05, 0x00, 0x7D, 0x00, 0x00, 0x00, 0x66, 0x69, 0x6C, 0x74, 0x65, 0x72, 0x5F, 0x73,
	0x69, 0x7A, 0x65, 0x00, 0x05, 0x00, 0x06, 0x00, 0x7E, 0x00, 0x00, 0x00, 0x73, 0x61, 0x6D, 0x70,
	0x6C, 0x65, 0x42, 0x75, 0x64, 0x67, 0x65, 0x74, 0x00, 0x00, 0x00, 0x00, 0x05, 0x00, 0x05, 0x00,
	0x7F, 0x00, 0x00, 0x00, 0x6D, 0x61, 0x78, 0x4C, 0x6F, 0x64, 0x43, 0x6C, 0x61, 0x6D, 0x70, 0x00,
	0x05, 0x00, 0x05, 0x00, 0x80, 0x00, 0x00, 0x00, 0x6F, 0x75, 0x74, 0x4C, 0x61, 0x6D, 0x62, 0x64,
	0x61, 0x00, 0x00, 0x00, 0x05, 0x00, 0x04, 0x00, 0x81, 0x00, 0x00, 0x00, 0x6F, 0x75, 0x74, 0x43,
	0x6F, 0x6D, 0x70, 0x00, 0x05, 0x00, 0x05, 0x00, 0x86, 0x00, 0x00, 0x00, 0x47, 0x6C, 0x69, 0x6E,
	0x74, 0x50, 0x61, 0x72, 0x61, 0x6D, 0x73, 0x00, 0x06, 0x00, 0x05, 0x00, 0x86, 0x00, 0x00, 0x00,
	0x00, 0x00, 0x00, 0x00, 0x64, 0x65, 0x6E, 0x73, 0x69, 0x74, 0x79, 0x00, 0x06, 0x00, 0x08, 0x00,
	0x86, 0x00, 0x00, 0x00, 0x01, 0x00, 0x00, 0x00, 0x6D, 0x69, 0x63, 0x72, 0x6F, 0x66, 0x61, 0x63,
	0x65, 0x74, 0x52, 0x6F, 0x75, 0x67, 0x68, 0x6E, 0x65, 0x73, 0x73, 0x00, 0x06, 0x00, 0x07, 0x00,
	0x86, 0x00, 0x00, 0x00, 0x02, 0x00, 0x00, 0x00, 0x70, 0x69, 0x78, 0x65, 0x6C, 0x46, 0x69, 0x6C,
	0x74, 0x65, 0x72, 0x53, 0x69, 0x7A, 0x65, 0x00, 0x06, 0x00, 0x07, 0x00, 0x86, 0x00, 0x00, 0x00,
	0x03, 0x00, 0x00, 0x00, 0x73, 0x61, 0x6D, 0x70, 0x6C, 0x65, 0x42, 0x75, 0x64, 0x67, 0x65, 0x74,
	0x00, 0x00, 0x00, 0x00, 0x06, 0x00, 0x06, 0x00, 0x86, 0x00, 0x00, 0x00, 0x04, 0x00, 0x00, 0x00,
	0x6D, 0x61, 0x78, 0x4C, 0x6F, 0x64, 0x43, 0x6C, 0x61, 0x6D, 0x70, 0x00, 0x06, 0x00, 0x05, 0x00,
	0x86, 0x00, 0x00, 0x00, 0x05, 0x00, 0x00, 0x00, 0x64, 0x43, 0x6C, 0x61, 0x6D, 0x70, 0x00, 0x00,
	0x05, 0x00, 0x16, 0x00, 0x91, 0x00, 0x00, 0x00, 0x44, 0x5F, 0x47, 0x4C, 0x49, 0x4E, 0x54, 0x5F,
	0x47, 0x47, 0x58, 0x28, 0x6D, 0x66, 0x33, 0x33, 0x3B, 0x76, 0x66, 0x33, 0x3B, 0x76, 0x66, 0x32,
	0x3B, 0x6D, 0x66, 0x32, 0x32, 0x3B, 0x66, 0x31, 0x3B, 0x73, 0x74, 0x72, 0x75, 0x63, 0x74, 0x2D,
	0x47, 0x6C, 0x69, 0x6E, 0x74, 0x50, 0x61, 0x72, 0x61, 0x6D, 0x73, 0x2D, 0x66, 0x31, 0x2D, 0x66,
	0x31, 0x2D, 0x66, 0x31, 0x2D, 0x66, 0x31, 0x2D, 0x66, 0x31, 0x2D, 0x66, 0x31, 0x31, 0x3B, 0x66,
	0x31, 0x3B, 0x66, 0x31, 0x3B, 0x00, 0x00, 0x00, 0x05, 0x00, 0x06, 0x00, 0x89, 0x00, 0x00, 0x00,
	0x73, 0x68, 0x61, 0x64, 0x69, 0x6E, 0x67, 0x46, 0x72, 0x61, 0x6D, 0x65, 0x00, 0x00, 0x00, 0x00,
	0x05, 0x00, 0x03, 0x00, 0x8A, 0x00, 0x00, 0x00, 0x48, 0x00, 0x00, 0x00, 0x05, 0x00, 0x03, 0x00,
	0x8B, 0x00, 0x00, 0x00, 0x75, 0x76, 0x00, 0x00, 0x05, 0x00, 0x04, 0x00, 0x8C, 0x00, 0x00, 0x00,
	0x75, 0x76, 0x5F, 0x4A, 0x00, 0x00, 0x00, 0x00, 0x05, 0x00, 0x04, 0x00, 0x8D, 0x00, 0x00, 0x00,
	0x61, 0x6C, 0x70, 0x68, 0x61, 0x00, 0x00, 0x00, 0x05, 0x00, 0x04, 0x00, 0x8E, 0x00, 0x00, 0x00,
	0x70, 0x61, 0x72, 0x61, 0x6D, 0x73, 0x00, 0x00, 0x05, 0x00, 0x05, 0x00, 0x8F, 0x00, 0x00, 0x00,
	0x6F, 0x75, 0x74, 0x4C, 0x61, 0x6D, 0x62, 0x64, 0x61, 0x00, 0x00, 0x00, 0x05, 0x00, 0x04, 0x00,
	0x90, 0x00, 0x00, 0x00, 0x6F, 0x75, 0x74, 0x43, 0x6F, 0x6D, 0x70, 0x00, 0x05, 0x00, 0x03, 0x00,
	0x93, 0x00, 0x00, 0x00, 0x61, 0x32, 0x00, 0x00, 0x05, 0x00, 0x03, 0x00, 0x99, 0x00, 0x00, 0x00,
	0x64, 0x00, 0x00, 0x00, 0x05, 0x00, 0x04, 0x00, 0xC7, 0x00, 0x00, 0x00, 0x68, 0x65, 0x6D, 0x69,
	0x00, 0x00, 0x00, 0x00, 0x05, 0x00, 0x04, 0x00, 0xD2, 0x00, 0x00, 0x00, 0x64, 0x65, 0x6E, 0x6F,
	0x6D, 0x00, 0x00, 0x00, 0x05, 0x00, 0x04, 0x00, 0xD7, 0x00, 0x00, 0x00, 0x64, 0x69, 0x73, 0x6B,
	0x00, 0x00, 0x00, 0x00, 0x05, 0x00, 0x04, 0x00, 0xDA, 0x00, 0x00, 0x00, 0x70, 0x61, 0x72, 0x61,
	0x6D, 0x00, 0x00, 0x00, 0x05, 0x00, 0x03, 0x00, 0xEF, 0x00, 0x00, 0x00, 0x64, 0x65, 0x74, 0x00,
	0x05, 0x00, 0x03, 0x00, 0x0A, 0x01, 0x00, 0x00, 0x51, 0x00, 0x00, 0x00, 0x05, 0x00, 0x04, 0x00,
	0x0D, 0x01, 0x00, 0x00, 0x70, 0x61, 0x72, 0x61, 0x6D, 0x00, 0x00, 0x00, 0x05, 0x00, 0x03, 0x00,
	0x0F, 0x01, 0x00, 0x00, 0x74, 0x72, 0x00, 0x00, 0x05, 0x00, 0x04, 0x00, 0x16, 0x01, 0x00, 0x00,
	0x64, 0x65, 0x6C, 0x74, 0x61, 0x00, 0x00, 0x00, 0x05, 0x00, 0x03, 0x00, 0x1E, 0x01, 0x00, 0x00,
	0x44, 0x00, 0x00, 0x00, 0x05, 0x00, 0x03, 0x00, 0x21, 0x01, 0x00, 0x00, 0x6C, 0x31, 0x00, 0x00,
	0x05, 0x00, 0x03, 0x00, 0x25, 0x01, 0x00, 0x00, 0x6C, 0x32, 0x00, 0x00, 0x05, 0x00, 0x03, 0x00,
	0x29, 0x01, 0x00, 0x00, 0x76, 0x31, 0x00, 0x00, 0x05, 0x00, 0x03, 0x00, 0x31, 0x01, 0x00, 0x00,
	0x76, 0x32, 0x00, 0x00, 0x05, 0x00, 0x03, 0x00, 0x39, 0x01, 0x00, 0x00, 0x6E, 0x00, 0x00, 0x00,
	0x05, 0x00, 0x03, 0x00, 0x55, 0x01, 0x00, 0x00, 0x73, 0x30, 0x00, 0x00, 0x05, 0x00, 0x03, 0x00,
	0x5A, 0x01, 0x00, 0x00, 0x73, 0x31, 0x00, 0x00, 0x05, 0x00, 0x04, 0x00, 0x5F, 0x01, 0x00, 0x00,
	0x73, 0x63, 0x61, 0x6C, 0x65, 0x00, 0x00, 0x00, 0x05, 0x00, 0x04, 0x00, 0xA1, 0x01, 0x00, 0x00,
	0x70, 0x61, 0x72, 0x61, 0x6D, 0x00, 0x00, 0x00, 0x05, 0x00, 0x03, 0x00, 0xA9, 0x01, 0x00, 0x00,
	0x75, 0x78, 0x00, 0x00, 0x05, 0x00, 0x03, 0x00, 0xAC, 0x01, 0x00, 0x00, 0x75, 0x79, 0x00, 0x00,
	0x05, 0x00, 0x03, 0x00, 0xAF, 0x01, 0x00, 0x00, 0x75, 0x6C, 0x00, 0x00, 0x05, 0x00, 0x04, 0x00,
	0xC3, 0x01, 0x00, 0x00, 0x70, 0x61, 0x72, 0x61, 0x6D, 0x00, 0x00, 0x00, 0x05, 0x00, 0x03, 0x00,
	0xC8, 0x01, 0x00, 0x00, 0x75, 0x78, 0x00, 0x00, 0x05, 0x00, 0x03, 0x00, 0xCB, 0x01, 0x00, 0x00,
	0x75, 0x79, 0x00, 0x00, 0x05, 0x00, 0x03, 0x00, 0xCE, 0x01, 0x00, 0x00, 0x75, 0x6C, 0x00, 0x00,
	0x05, 0x00, 0x04, 0x00, 0xE1, 0x01, 0x00, 0x00, 0x70, 0x61, 0x72, 0x61, 0x6D, 0x00, 0x00, 0x00,
	0x05, 0x00, 0x03, 0x00, 0xE5, 0x01, 0x00, 0x00, 0x65, 0x00, 0x00, 0x00, 0x05, 0x00, 0x04, 0x00,
	0x08, 0x02, 0x00, 0x00, 0x70, 0x61, 0x72, 0x61, 0x6D, 0x00, 0x00, 0x00, 0x05, 0x00, 0x04, 0x00,
	0x13, 0x02, 0x00, 0x00, 0x70, 0x61, 0x72, 0x61, 0x6D, 0x00, 0x00, 0x00, 0x05, 0x00, 0x04, 0x00,
	0x14, 0x02, 0x00, 0x00, 0x70, 0x61, 0x72, 0x61, 0x6D, 0x00, 0x00, 0x00, 0x05, 0x00, 0x04, 0x00,
	0x16, 0x02, 0x00, 0x00, 0x70, 0x61, 0x72, 0x61, 0x6D, 0x00, 0x00, 0x00, 0x05, 0x00, 0x04, 0x00,
	0x1E, 0x02, 0x00, 0x00, 0x70, 0x61, 0x72, 0x61, 0x6D, 0x00, 0x00, 0x00, 0x05, 0x00, 0x04, 0x00,
	0x1F, 0x02, 0x00, 0x00, 0x70, 0x61, 0x72, 0x61, 0x6D, 0x00, 0x00, 0x00, 0x05, 0x00, 0x04, 0x00,
	0x21, 0x02, 0x00, 0x00, 0x70, 0x61, 0x72, 0x61, 0x6D, 0x00, 0x00, 0x00, 0x05, 0x00, 0x04, 0x00,
	0x2C, 0x02, 0x00, 0x00, 0x70, 0x61, 0x72, 0x61, 0x6D, 0x00, 0x00, 0x00, 0x05, 0x00, 0x04, 0x00,
	0x2F, 0x02, 0x00, 0x00, 0x70, 0x61, 0x72, 0x61, 0x6D, 0x00, 0x00, 0x00, 0x05, 0x00, 0x04, 0x00,
	0x32, 0x02, 0x00, 0x00, 0x70, 0x61, 0x72, 0x61, 0x6D, 0x00, 0x00, 0x00, 0x05, 0x00, 0x04, 0x00,
	0x35, 0x02, 0x00, 0x00, 0x70, 0x61, 0x72, 0x61, 0x6D, 0x00, 0x00, 0x00, 0x05, 0x00, 0x04, 0x00,
	0x36, 0x02, 0x00, 0x00, 0x70, 0x61, 0x72, 0x61, 0x6D, 0x00, 0x00, 0x00, 0x05, 0x00, 0x04, 0x00,
	0x39, 0x02, 0x00, 0x00, 0x70, 0x61, 0x72, 0x61, 0x6D, 0x00, 0x00, 0x00, 0x05, 0x00, 0x04, 0x00,
	0x41, 0x02, 0x00, 0x00, 0x70, 0x61, 0x72, 0x61, 0x6D, 0x00, 0x00, 0x00, 0x05, 0x00, 0x04, 0x00,
	0x44, 0x02, 0x00, 0x00, 0x70, 0x61, 0x72, 0x61, 0x6D, 0x00, 0x00, 0x00, 0x05, 0x00, 0x04, 0x00,
	0x47, 0x02, 0x00, 0x00, 0x70, 0x61, 0x72, 0x61, 0x6D, 0x00, 0x00, 0x00, 0x05, 0x00, 0x04, 0x00,
	0x4A, 0x02, 0x00, 0x00, 0x70, 0x61, 0x72, 0x61, 0x6D, 0x00, 0x00, 0x00, 0x05, 0x00, 0x04, 0x00,
	0x4B, 0x02, 0x00, 0x00, 0x70, 0x61, 0x72, 0x61, 0x6D, 0x00, 0x00, 0x00, 0x05, 0x00, 0x04, 0x00,
	0x4E, 0x02, 0x00, 0x00, 0x70, 0x61, 0x72, 0x61, 0x6D, 0x00, 0x00, 0x00, 0x05, 0x00, 0x05, 0x00,
	0x55, 0x02, 0x00, 0x00, 0x63, 0x6F, 0x6E, 0x74, 0x61, 0x69, 0x6E, 0x69, 0x6E, 0x67, 0x00, 0x00,
	0x05, 0x00, 0x04, 0x00, 0x59, 0x02, 0x00, 0x00, 0x70, 0x61, 0x72, 0x61, 0x6D, 0x00, 0x00, 0x00,
	0x05, 0x00, 0x04, 0x00, 0x5A, 0x02, 0x00, 0x00, 0x70, 0x61, 0x72, 0x61, 0x6D, 0x00, 0x00, 0x00,
	0x05, 0x00, 0x04, 0x00, 0x5B, 0x02, 0x00, 0x00, 0x70, 0x61, 0x72, 0x61, 0x6D, 0x00, 0x00, 0x00,
	0x05, 0x00, 0x04, 0x00, 0x5D, 0x02, 0x00, 0x00, 0x70, 0x61, 0x72, 0x61, 0x6D, 0x00, 0x00, 0x00,
	0x05, 0x00, 0x04, 0x00, 0x5F, 0x02, 0x00, 0x00, 0x70, 0x61, 0x72, 0x61, 0x6D, 0x00, 0x00, 0x00,
	0x05, 0x00, 0x04, 0x00, 0x60, 0x02, 0x00, 0x00, 0x70, 0x61, 0x72, 0x61, 0x6D, 0x00, 0x00, 0x00,
	0x05, 0x00, 0x05, 0x00, 0x62, 0x02, 0x00, 0x00, 0x64, 0x69, 0x73, 0x63, 0x72, 0x65, 0x74, 0x65,
	0x50, 0x6F, 0x73, 0x00, 0x05, 0x00, 0x05, 0x00, 0x6B, 0x02, 0x00, 0x00, 0x65, 0x78, 0x70, 0x6C,
	0x69, 0x63, 0x69, 0x74, 0x6C, 0x79, 0x00, 0x00, 0x05, 0x00, 0x04, 0x00, 0x70, 0x02, 0x00, 0x00,
	0x70, 0x61, 0x72, 0x61, 0x6D, 0x00, 0x00, 0x00, 0x05, 0x00, 0x04, 0x00, 0x72, 0x02, 0x00, 0x00,
	0x70, 0x61, 0x72, 0x61, 0x6D, 0x00, 0x00, 0x00, 0x05, 0x00, 0x04, 0x00, 0x73, 0x02, 0x00, 0x00,
	0x70, 0x61, 0x72, 0x61, 0x6D, 0x00, 0x00, 0x00, 0x05, 0x00, 0x04, 0x00, 0x75, 0x02, 0x00, 0x00,
	0x70, 0x61, 0x72, 0x61, 0x6D, 0x00, 0x00, 0x00, 0x05, 0x00, 0x04, 0x00, 0x77, 0x02, 0x00, 0x00,
	0x70, 0x61, 0x72, 0x61, 0x6D, 0x00, 0x00, 0x00, 0x05, 0x00, 0x04, 0x00, 0x78, 0x02, 0x00, 0x00,
	0x70, 0x61, 0x72, 0x61, 0x6D, 0x00, 0x00, 0x00, 0x05, 0x00, 0x03, 0x00, 0x7F, 0x02, 0x00, 0x00,
	0x64, 0x65, 0x74, 0x00, 0x05, 0x00, 0x03, 0x00, 0xA4, 0x02, 0x00, 0x00, 0x72, 0x65, 0x73, 0x00,
	0x05, 0x00, 0x05, 0x00, 0xA8, 0x02, 0x00, 0x00, 0x78, 0x5F, 0x61, 0x5F, 0x61, 0x6E, 0x64, 0x5F,
	0x64, 0x00, 0x00, 0x00, 0x05, 0x00, 0x04, 0x00, 0xA9, 0x02, 0x00, 0x00, 0x70, 0x61, 0x72, 0x61,
	0x6D, 0x00, 0x00, 0x00, 0x05, 0x00, 0x04, 0x00, 0xAB, 0x02, 0x00, 0x00, 0x70, 0x61, 0x72, 0x61,
	0x6D, 0x00, 0x00, 0x00, 0x05, 0x00, 0x03, 0x00, 0xAE, 0x02, 0x00, 0x00, 0x78, 0x5F, 0x61, 0x00,
	0x05, 0x00, 0x03, 0x00, 0xB1, 0x02, 0x00, 0x00, 0x64, 0x00, 0x00, 0x00, 0x05, 0x00, 0x05, 0x00,
	0xB5, 0x02, 0x00, 0x00, 0x65, 0x6C, 0x6C, 0x69, 0x70, 0x73, 0x6F, 0x69, 0x64, 0x00, 0x00, 0x00,
	0x05, 0x00, 0x04, 0x00, 0xB6, 0x02, 0x00, 0x00, 0x70, 0x61, 0x72, 0x61, 0x6D, 0x00, 0x00, 0x00,
	0x05, 0x00, 0x05, 0x00, 0xB9, 0x02, 0x00, 0x00, 0x6C, 0x61, 0x6D, 0x62, 0x64, 0x61, 0x56, 0x61,
	0x6C, 0x00, 0x00, 0x00, 0x05, 0x00, 0x04, 0x00, 0xBD, 0x02, 0x00, 0x00, 0x70, 0x61, 0x72, 0x61,
	0x6D, 0x00, 0x00, 0x00, 0x05, 0x00, 0x04, 0x00, 0xBE, 0x02, 0x00, 0x00, 0x70, 0x61, 0x72, 0x61,
	0x6D, 0x00, 0x00, 0x00, 0x05, 0x00, 0x04, 0x00, 0xC1, 0x02, 0x00, 0x00, 0x6C, 0x61, 0x6D, 0x62,
	0x64, 0x61, 0x00, 0x00, 0x05, 0x00, 0x04, 0x00, 0xC6, 0x02, 0x00, 0x00, 0x74, 0x61, 0x70, 0x73,
	0x00, 0x00, 0x00, 0x00, 0x05, 0x00, 0x04, 0x00, 0xCE, 0x02, 0x00, 0x00, 0x75, 0x76, 0x5F, 0x4A,
	0x32, 0x00, 0x00, 0x00, 0x05, 0x00, 0x04, 0x00, 0xD2, 0x02, 0x00, 0x00, 0x73, 0x69, 0x67, 0x6D,
	0x61, 0x5F, 0x73, 0x00, 0x05, 0x00, 0x05, 0x00, 0xD7, 0x02, 0x00, 0x00, 0x69, 0x6E, 0x76, 0x53,
	0x69, 0x67, 0x6D, 0x61, 0x5F, 0x73, 0x00, 0x00, 0x05, 0x00, 0x05, 0x00, 0xD8, 0x02, 0x00, 0x00,
	0x69, 0x6E, 0x76, 0x4E, 0x6F, 0x72, 0x6D, 0x5F, 0x73, 0x00, 0x00, 0x00, 0x05, 0x00, 0x04, 0x00,
	0xD9, 0x02, 0x00, 0x00, 0x70, 0x61, 0x72, 0x61, 0x6D, 0x00, 0x00, 0x00, 0x05, 0x00, 0x04, 0x00,
	0xDB, 0x02, 0x00, 0x00, 0x70, 0x61, 0x72, 0x61, 0x6D, 0x00, 0x00, 0x00, 0x05, 0x00, 0x04, 0x00,
	0xDC, 0x02, 0x00, 0x00, 0x70, 0x61, 0x72, 0x61, 0x6D, 0x00, 0x00, 0x00, 0x05, 0x00, 0x04, 0x00,
	0xE0, 0x02, 0x00, 0x00, 0x73, 0x69, 0x67, 0x6D, 0x61, 0x5F, 0x61, 0x00, 0x05, 0x00, 0x05, 0x00,
	0xEA, 0x02, 0x00, 0x00, 0x69, 0x6E, 0x76, 0x53, 0x69, 0x67, 0x6D, 0x61, 0x5F, 0x61, 0x00, 0x00,
	0x05, 0x00, 0x05, 0x00, 0xEB, 0x02, 0x00, 0x00, 0x69, 0x6E, 0x76, 0x4E, 0x6F, 0x72, 0x6D, 0x5F,
	0x61, 0x00, 0x00, 0x00, 0x05, 0x00, 0x04, 0x00, 0xEC, 0x02, 0x00, 0x00, 0x70, 0x61, 0x72, 0x61,
	0x6D, 0x00, 0x00, 0x00, 0x05, 0x00, 0x04, 0x00, 0xEE, 0x02, 0x00, 0x00, 0x70, 0x61, 0x72, 0x61,
	0x6D, 0x00, 0x00, 0x00, 0x05, 0x00, 0x04, 0x00, 0xEF, 0x02, 0x00, 0x00, 0x70, 0x61, 0x72, 0x61,
	0x6D, 0x00, 0x00, 0x00, 0x05, 0x00, 0x05, 0x00, 0xF3, 0x02, 0x00, 0x00, 0x44, 0x5F, 0x66, 0x69,
	0x6C, 0x74, 0x65, 0x72, 0x00, 0x00, 0x00, 0x00, 0x05, 0x00, 0x05, 0x00, 0xF4, 0x02, 0x00, 0x00,
	0x63, 0x6F, 0x6D, 0x70, 0x41, 0x63, 0x63, 0x75, 0x6D, 0x00, 0x00, 0x00, 0x05, 0x00, 0x03, 0x00,
	0xF5, 0x02, 0x00, 0x00, 0x6D, 0x00, 0x00, 0x00, 0x05, 0x00, 0x03, 0x00, 0xFE, 0x02, 0x00, 0x00,
	0x6C, 0x00, 0x00, 0x00, 0x05, 0x00, 0x05, 0x00, 0x04, 0x03, 0x00, 0x00, 0x77, 0x5F, 0x6C, 0x61,
	0x6D, 0x62, 0x64, 0x61, 0x00, 0x00, 0x00, 0x00, 0x05, 0x00, 0x04, 0x00, 0x0B, 0x03, 0x00, 0x00,
	0x72, 0x65, 0x73, 0x5F, 0x73, 0x00, 0x00, 0x00, 0x05, 0x00, 0x04, 0x00, 0x13, 0x03, 0x00, 0x00,
	0x72, 0x65, 0x73, 0x5F, 0x61, 0x00, 0x00, 0x00, 0x05, 0x00, 0x05, 0x00, 0x16, 0x03, 0x00, 0x00,
	0x62, 0x61, 0x73, 0x65, 0x5F, 0x69, 0x5F, 0x61, 0x00, 0x00, 0x00, 0x00, 0x05, 0x00, 0x03, 0x00,
	0x20, 0x03, 0x00, 0x00, 0x6A, 0x5F, 0x61, 0x00, 0x05, 0x00, 0x03, 0x00, 0x29, 0x03, 0x00, 0x00,
	0x69, 0x5F, 0x61, 0x00, 0x05, 0x00, 0x05, 0x00, 0x35, 0x03, 0x00, 0x00, 0x62, 0x61, 0x73, 0x65,
	0x5F, 0x69, 0x5F, 0x73, 0x00, 0x00, 0x00, 0x00, 0x05, 0x00, 0x03, 0x00, 0x3A, 0x03, 0x00, 0x00,
	0x6A, 0x5F, 0x73, 0x00, 0x05, 0x00, 0x03, 0x00, 0x43, 0x03, 0x00, 0x00, 0x69, 0x5F, 0x73, 0x00,
	0x05, 0x00, 0x03, 0x00, 0x4F, 0x03, 0x00, 0x00, 0x67, 0x5F, 0x73, 0x00, 0x05, 0x00, 0x04, 0x00,
	0x51, 0x03, 0x00, 0x00, 0x70, 0x61, 0x72, 0x61, 0x6D, 0x00, 0x00, 0x00, 0x05, 0x00, 0x04, 0x00,
	0x53, 0x03, 0x00, 0x00, 0x70, 0x61, 0x72, 0x61, 0x6D, 0x00, 0x00, 0x00, 0x05, 0x00, 0x04, 0x00,
	0x55, 0x03, 0x00, 0x00, 0x70, 0x61, 0x72, 0x61, 0x6D, 0x00, 0x00, 0x00, 0x05, 0x00, 0x04, 0x00,
	0x57, 0x03, 0x00, 0x00, 0x70, 0x61, 0x72, 0x61, 0x6D, 0x00, 0x00, 0x00, 0x05, 0x00, 0x03, 0x00,
	0x5F, 0x03, 0x00, 0x00, 0x67, 0x5F, 0x61, 0x00, 0x05, 0x00, 0x04, 0x00, 0x61, 0x03, 0x00, 0x00,
	0x70, 0x61, 0x72, 0x61, 0x6D, 0x00, 0x00, 0x00, 0x05, 0x00, 0x04, 0x00, 0x63, 0x03, 0x00, 0x00,
	0x70, 0x61, 0x72, 0x61, 0x6D, 0x00, 0x00, 0x00, 0x05, 0x00, 0x04, 0x00, 0x65, 0x03, 0x00, 0x00,
	0x70, 0x61, 0x72, 0x61, 0x6D, 0x00, 0x00, 0x00, 0x05, 0x00, 0x04, 0x00, 0x67, 0x03, 0x00, 0x00,
	0x70, 0x61, 0x72, 0x61, 0x6D, 0x00, 0x00, 0x00, 0x05, 0x00, 0x03, 0x00, 0x6F, 0x03, 0x00, 0x00,
	0x72, 0x00, 0x00, 0x00, 0x05, 0x00, 0x04, 0x00, 0x71, 0x03, 0x00, 0x00, 0x70, 0x61, 0x72, 0x61,
	0x6D, 0x00, 0x00, 0x00, 0x05, 0x00, 0x04, 0x00, 0x73, 0x03, 0x00, 0x00, 0x70, 0x61, 0x72, 0x61,
	0x6D, 0x00, 0x00, 0x00, 0x05, 0x00, 0x04, 0x00, 0x75, 0x03, 0x00, 0x00, 0x70, 0x61, 0x72, 0x61,
	0x6D, 0x00, 0x00, 0x00, 0x05, 0x00, 0x04, 0x00, 0x77, 0x03, 0x00, 0x00, 0x70, 0x61, 0x72, 0x61,
	0x6D, 0x00, 0x00, 0x00, 0x05, 0x00, 0x05, 0x00, 0x79, 0x03, 0x00, 0x00, 0x72, 0x6F, 0x75, 0x6C,
	0x65, 0x74, 0x74, 0x65, 0x00, 0x00, 0x00, 0x00, 0x05, 0x00, 0x03, 0x00, 0x83, 0x03, 0x00, 0x00,
	0x6E, 0x5F, 0x61, 0x00, 0x05, 0x00, 0x04, 0x00, 0x87, 0x03, 0x00, 0x00, 0x70, 0x61, 0x72, 0x61,
	0x6D, 0x00, 0x00, 0x00, 0x05, 0x00, 0x04, 0x00, 0x88, 0x03, 0x00, 0x00, 0x70, 0x61, 0x72, 0x61,
	0x6D, 0x00, 0x00, 0x00, 0x05, 0x00, 0x04, 0x00, 0x8A, 0x03, 0x00, 0x00, 0x70, 0x61, 0x72, 0x61,
	0x6D, 0x00, 0x00, 0x00, 0x05, 0x00, 0x03, 0x00, 0x8D, 0x03, 0x00, 0x00, 0x6E, 0x5F, 0x73, 0x00,
	0x05, 0x00, 0x04, 0x00, 0x91, 0x03, 0x00, 0x00, 0x70, 0x61, 0x72, 0x61, 0x6D, 0x00, 0x00, 0x00,
	0x05, 0x00, 0x04, 0x00, 0x92, 0x03, 0x00, 0x00, 0x70, 0x61, 0x72, 0x61, 0x6D, 0x00, 0x00, 0x00,
	0x05, 0x00, 0x04, 0x00, 0x94, 0x03, 0x00, 0x00, 0x70, 0x61, 0x72, 0x61, 0x6D, 0x00, 0x00, 0x00,
	0x05, 0x00, 0x04, 0x00, 0xA7, 0x03, 0x00, 0x00, 0x70, 0x61, 0x72, 0x61, 0x6D, 0x00, 0x00, 0x00,
	0x05, 0x00, 0x04, 0x00, 0xA9, 0x03, 0x00, 0x00, 0x70, 0x61, 0x72, 0x61, 0x6D, 0x00, 0x00, 0x00,
	0x05, 0x00, 0x04, 0x00, 0xAB, 0x03, 0x00, 0x00, 0x70, 0x61, 0x72, 0x61, 0x6D, 0x00, 0x00, 0x00,
	0x05, 0x00, 0x04, 0x00, 0xB9, 0x03, 0x00, 0x00, 0x68, 0x5F, 0x6C, 0x6F, 0x63, 0x61, 0x6C, 0x00,
	0x05, 0x00, 0x04, 0x00, 0xBF, 0x03, 0x00, 0x00, 0x64, 0x65, 0x6E, 0x73, 0x69, 0x74, 0x79, 0x00,
	0x05, 0x00, 0x05, 0x00, 0xC3, 0x03, 0x00, 0x00, 0x6D, 0x69, 0x63, 0x72, 0x6F, 0x52, 0x6F, 0x75,
	0x67, 0x68, 0x00, 0x00, 0x05, 0x00, 0x05, 0x00, 0xC7, 0x03, 0x00, 0x00, 0x70, 0x69, 0x78, 0x65,
	0x6C, 0x46, 0x69, 0x6C, 0x74, 0x65, 0x72, 0x00, 0x05, 0x00, 0x04, 0x00, 0xCB, 0x03, 0x00, 0x00,
	0x6D, 0x61, 0x78, 0x4C, 0x6F, 0x64, 0x00, 0x00, 0x05, 0x00, 0x04, 0x00, 0xCF, 0x03, 0x00, 0x00,
	0x62, 0x75, 0x64, 0x67, 0x65, 0x74, 0x00, 0x00, 0x05, 0x00, 0x04, 0x00, 0xD7, 0x03, 0x00, 0x00,
	0x63, 0x6C, 0x61, 0x6D, 0x70, 0x44, 0x00, 0x00, 0x05, 0x00, 0x03, 0x00, 0xDC, 0x03, 0x00, 0x00,
	0x44, 0x00, 0x00, 0x00, 0x05, 0x00, 0x04, 0x00, 0xDD, 0x03, 0x00, 0x00, 0x70, 0x61, 0x72, 0x61,
	0x6D, 0x00, 0x00, 0x00, 0x05, 0x00, 0x04, 0x00, 0xDF, 0x03, 0x00, 0x00, 0x70, 0x61, 0x72, 0x61,
	0x6D, 0x00, 0x00, 0x00, 0x05, 0x00, 0x04, 0x00, 0xE1, 0x03, 0x00, 0x00, 0x70, 0x61, 0x72, 0x61,
	0x6D, 0x00, 0x00, 0x00, 0x05, 0x00, 0x04, 0x00, 0xE3, 0x03, 0x00, 0x00, 0x70, 0x61, 0x72, 0x61,
	0x6D, 0x00, 0x00, 0x00, 0x05, 0x00, 0x04, 0x00, 0xE5, 0x03, 0x00, 0x00, 0x70, 0x61, 0x72, 0x61,
	0x6D, 0x00, 0x00, 0x00, 0x05, 0x00, 0x04, 0x00, 0xE7, 0x03, 0x00, 0x00, 0x70, 0x61, 0x72, 0x61,
	0x6D, 0x00, 0x00, 0x00, 0x05, 0x00, 0x04, 0x00, 0xE9, 0x03, 0x00, 0x00, 0x70, 0x61, 0x72, 0x61,
	0x6D, 0x00, 0x00, 0x00, 0x05, 0x00, 0x04, 0x00, 0xEB, 0x03, 0x00, 0x00, 0x70, 0x61, 0x72, 0x61,
	0x6D, 0x00, 0x00, 0x00, 0x05, 0x00, 0x04, 0x00, 0xED, 0x03, 0x00, 0x00, 0x70, 0x61, 0x72, 0x61,
	0x6D, 0x00, 0x00, 0x00, 0x05, 0x00, 0x04, 0x00, 0xEF, 0x03, 0x00, 0x00, 0x70, 0x61, 0x72, 0x61,
	0x6D, 0x00, 0x00, 0x00, 0x05, 0x00, 0x04, 0x00, 0xF0, 0x03, 0x00, 0x00, 0x70, 0x61, 0x72, 0x61,
	0x6D, 0x00, 0x00, 0x00, 0x05, 0x00, 0x04, 0x00, 0xFA, 0x03, 0x00, 0x00, 0x65, 0x78, 0x74, 0x65,
	0x6E, 0x74, 0x00, 0x00, 0x05, 0x00, 0x06, 0x00, 0xFD, 0x03, 0x00, 0x00, 0x48, 0x79, 0x62, 0x72,
	0x69, 0x64, 0x31, 0x46, 0x72, 0x61, 0x6D, 0x65, 0x00, 0x00, 0x00, 0x00, 0x06, 0x00, 0x06, 0x00,
	0xFD, 0x03, 0x00, 0x00, 0x00, 0x00, 0x00, 0x00, 0x69, 0x6E, 0x76, 0x56, 0x69, 0x65, 0x77, 0x50,
	0x72, 0x6F, 0x6A, 0x00, 0x06, 0x00, 0x07, 0x00, 0xFD, 0x03, 0x00, 0x00, 0x01, 0x00, 0x00, 0x00,
	0x70, 0x72, 0x65, 0x76, 0x56, 0x69, 0x65, 0x77, 0x50, 0x72, 0x6F, 0x6A, 0x00, 0x00, 0x00, 0x00,
	0x06, 0x00, 0x06, 0x00, 0xFD, 0x03, 0x00, 0x00, 0x02, 0x00, 0x00, 0x00, 0x76, 0x69, 0x65, 0x77,
	0x50, 0x72, 0x6F, 0x6A, 0x00, 0x00, 0x00, 0x00, 0x06, 0x00, 0x06, 0x00, 0xFD, 0x03, 0x00, 0x00,
	0x03, 0x00, 0x00, 0x00, 0x76, 0x69, 0x65, 0x77, 0x4F, 0x72, 0x69, 0x67, 0x69, 0x6E, 0x00, 0x00,
	0x06, 0x00, 0x07, 0x00, 0xFD, 0x03, 0x00, 0x00, 0x04, 0x00, 0x00, 0x00, 0x73, 0x75, 0x6E, 0x44,
	0x69, 0x72, 0x65, 0x63, 0x74, 0x69, 0x6F, 0x6E, 0x00, 0x00, 0x00, 0x00, 0x06, 0x00, 0x06, 0x00,
	0xFD, 0x03, 0x00, 0x00, 0x05, 0x00, 0x00, 0x00, 0x6F, 0x75, 0x74, 0x70, 0x75, 0x74, 0x53, 0x69,
	0x7A, 0x65, 0x00, 0x00, 0x06, 0x00, 0x05, 0x00, 0xFD, 0x03, 0x00, 0x00, 0x06, 0x00, 0x00, 0x00,
	0x70, 0x61, 0x72, 0x61, 0x6D, 0x73, 0x30, 0x00, 0x06, 0x00, 0x05, 0x00, 0xFD, 0x03, 0x00, 0x00,
	0x07, 0x00, 0x00, 0x00, 0x70, 0x61, 0x72, 0x61, 0x6D, 0x73, 0x31, 0x00, 0x06, 0x00, 0x05, 0x00,
	0xFD, 0x03, 0x00, 0x00, 0x08, 0x00, 0x00, 0x00, 0x70, 0x61, 0x72, 0x61, 0x6D, 0x73, 0x32, 0x00,
	0x06, 0x00, 0x05, 0x00, 0xFD, 0x03, 0x00, 0x00, 0x09, 0x00, 0x00, 0x00, 0x70, 0x61, 0x72, 0x61,
	0x6D, 0x73, 0x33, 0x00, 0x06, 0x00, 0x05, 0x00, 0xFD, 0x03, 0x00, 0x00, 0x0A, 0x00, 0x00, 0x00,
	0x70, 0x61, 0x72, 0x61, 0x6D, 0x73, 0x34, 0x00, 0x06, 0x00, 0x05, 0x00, 0xFD, 0x03, 0x00, 0x00,
	0x0B, 0x00, 0x00, 0x00, 0x70, 0x61, 0x72, 0x61, 0x6D, 0x73, 0x35, 0x00, 0x06, 0x00, 0x06, 0x00,
	0xFD, 0x03, 0x00, 0x00, 0x0C, 0x00, 0x00, 0x00, 0x64, 0x6C, 0x69, 0x67, 0x68, 0x74, 0x44, 0x69,
	0x72, 0x00, 0x00, 0x00, 0x05, 0x00, 0x03, 0x00, 0xFF, 0x03, 0x00, 0x00, 0x68, 0x31, 0x00, 0x00,
	0x05, 0x00, 0x03, 0x00, 0x05, 0x04, 0x00, 0x00, 0x75, 0x76, 0x00, 0x00, 0x05, 0x00, 0x06, 0x00,
	0x08, 0x04, 0x00, 0x00, 0x67, 0x6C, 0x5F, 0x4C, 0x61, 0x75, 0x6E, 0x63, 0x68, 0x49, 0x44, 0x45,
	0x58, 0x54, 0x00, 0x00, 0x05, 0x00, 0x04, 0x00, 0x0F, 0x04, 0x00, 0x00, 0x64, 0x65, 0x70, 0x74,
	0x68, 0x00, 0x00, 0x00, 0x05, 0x00, 0x05, 0x00, 0x13, 0x04, 0x00, 0x00, 0x64, 0x65, 0x70, 0x74,
	0x68, 0x54, 0x65, 0x78, 0x00, 0x00, 0x00, 0x00, 0x05, 0x00, 0x04, 0x00, 0x21, 0x04, 0x00, 0x00,
	0x73, 0x70, 0x65, 0x63, 0x4F, 0x75, 0x74, 0x00, 0x05, 0x00, 0x04, 0x00, 0x2A, 0x04, 0x00, 0x00,
	0x63, 0x6C, 0x69, 0x70, 0x00, 0x00, 0x00, 0x00, 0x05, 0x00, 0x05, 0x00, 0x33, 0x04, 0x00, 0x00,
	0x77, 0x6F, 0x72, 0x6C, 0x64, 0x50, 0x6F, 0x73, 0x34, 0x00, 0x00, 0x00, 0x05, 0x00, 0x05, 0x00,
	0x41, 0x04, 0x00, 0x00, 0x77, 0x6F, 0x72, 0x6C, 0x64, 0x50, 0x6F, 0x73, 0x00, 0x00, 0x00, 0x00,
	0x05, 0x00, 0x03, 0x00, 0x44, 0x04, 0x00, 0x00, 0x4E, 0x00, 0x00, 0x00, 0x05, 0x00, 0x05, 0x00,
	0x46, 0x04, 0x00, 0x00, 0x72, 0x6F, 0x75, 0x67, 0x68, 0x6E, 0x65, 0x73, 0x73, 0x00, 0x00, 0x00,
	0x05, 0x00, 0x05, 0x00, 0x47, 0x04, 0x00, 0x00, 0x6D, 0x65, 0x74, 0x61, 0x6C, 0x6E, 0x65, 0x73,
	0x73, 0x00, 0x00, 0x00, 0x05, 0x00, 0x05, 0x00, 0x4F, 0x04, 0x00, 0x00, 0x6E, 0x6F, 0x72, 0x6D,
	0x61, 0x6C, 0x54, 0x65, 0x78, 0x00, 0x00, 0x00, 0x05, 0x00, 0x04, 0x00, 0x57, 0x04, 0x00, 0x00,
	0x6E, 0x4C, 0x65, 0x6E, 0x00, 0x00, 0x00, 0x00, 0x05, 0x00, 0x03, 0x00, 0x64, 0x04, 0x00, 0x00,
	0x6D, 0x61, 0x74, 0x00, 0x05, 0x00, 0x05, 0x00, 0x65, 0x04, 0x00, 0x00, 0x6D, 0x61, 0x74, 0x65,
	0x72, 0x69, 0x61, 0x6C, 0x54, 0x65, 0x78, 0x00, 0x05, 0x00, 0x03, 0x00, 0x70, 0x04, 0x00, 0x00,
	0x56, 0x00, 0x00, 0x00, 0x05, 0x00, 0x03, 0x00, 0x86, 0x04, 0x00, 0x00, 0x52, 0x00, 0x00, 0x00,
	0x05, 0x00, 0x03, 0x00, 0xAD, 0x04, 0x00, 0x00, 0x72, 0x6F, 0x00, 0x00, 0x05, 0x00, 0x03, 0x00,
	0xB5, 0x04, 0x00, 0x00, 0x72, 0x64, 0x00, 0x00, 0x05, 0x00, 0x03, 0x00, 0xB7, 0x04, 0x00, 0x00,
	0x48, 0x00, 0x00, 0x00, 0x05, 0x00, 0x03, 0x00, 0xB9, 0x04, 0x00, 0x00, 0x72, 0x30, 0x00, 0x00,
	0x05, 0x00, 0x03, 0x00, 0xC7, 0x04, 0x00, 0x00, 0x72, 0x31, 0x00, 0x00, 0x05, 0x00, 0x04, 0x00,
	0xDB, 0x04, 0x00, 0x00, 0x6C, 0x6F, 0x62, 0x65, 0x00, 0x00, 0x00, 0x00, 0x05, 0x00, 0x04, 0x00,
	0xE3, 0x04, 0x00, 0x00, 0x6A, 0x69, 0x74, 0x74, 0x65, 0x72, 0x00, 0x00, 0x05, 0x00, 0x04, 0x00,
	0xF4, 0x04, 0x00, 0x00, 0x6A, 0x4C, 0x65, 0x6E, 0x00, 0x00, 0x00, 0x00, 0x05, 0x00, 0x04, 0x00,
	0x04, 0x05, 0x00, 0x00, 0x63, 0x61, 0x6E, 0x64, 0x00, 0x00, 0x00, 0x00, 0x05, 0x00, 0x06, 0x00,
	0x23, 0x05, 0x00, 0x00, 0x73, 0x70, 0x65, 0x63, 0x52, 0x61, 0x64, 0x69, 0x61, 0x6E, 0x63, 0x65,
	0x00, 0x00, 0x00, 0x00, 0x05, 0x00, 0x05, 0x00, 0x2A, 0x05, 0x00, 0x00, 0x74, 0x6F, 0x70, 0x4C,
	0x65, 0x76, 0x65, 0x6C, 0x41, 0x53, 0x00, 0x00, 0x05, 0x00, 0x04, 0x00, 0x33, 0x05, 0x00, 0x00,
	0x6F, 0x75, 0x74, 0x52, 0x67, 0x62, 0x00, 0x00, 0x05, 0x00, 0x03, 0x00, 0x3B, 0x05, 0x00, 0x00,
	0x46, 0x30, 0x00, 0x00, 0x05, 0x00, 0x04, 0x00, 0x42, 0x05, 0x00, 0x00, 0x4E, 0x64, 0x6F, 0x74,
	0x56, 0x00, 0x00, 0x00, 0x05, 0x00, 0x04, 0x00, 0x47, 0x05, 0x00, 0x00, 0x70, 0x61, 0x72, 0x61,
	0x6D, 0x00, 0x00, 0x00, 0x05, 0x00, 0x04, 0x00, 0x49, 0x05, 0x00, 0x00, 0x70, 0x61, 0x72, 0x61,
	0x6D, 0x00, 0x00, 0x00, 0x05, 0x00, 0x04, 0x00, 0x53, 0x05, 0x00, 0x00, 0x72, 0x6F, 0x75, 0x67,
	0x68, 0x4C, 0x6F, 0x00, 0x05, 0x00, 0x04, 0x00, 0x5A, 0x05, 0x00, 0x00, 0x72, 0x6F, 0x75, 0x67,
	0x68, 0x48, 0x69, 0x00, 0x05, 0x00, 0x05, 0x00, 0x69, 0x05, 0x00, 0x00, 0x67, 0x6C, 0x69, 0x6E,
	0x74, 0x57, 0x65, 0x69, 0x67, 0x68, 0x74, 0x00, 0x05, 0x00, 0x03, 0x00, 0x74, 0x05, 0x00, 0x00,
	0x75, 0x70, 0x00, 0x00, 0x05, 0x00, 0x03, 0x00, 0x7C, 0x05, 0x00, 0x00, 0x54, 0x00, 0x00, 0x00,
	0x05, 0x00, 0x04, 0x00, 0x80, 0x05, 0x00, 0x00, 0x74, 0x4C, 0x65, 0x6E, 0x00, 0x00, 0x00, 0x00,
	0x05, 0x00, 0x03, 0x00, 0x8B, 0x05, 0x00, 0x00, 0x42, 0x00, 0x00, 0x00, 0x05, 0x00, 0x06, 0x00,
	0x8F, 0x05, 0x00, 0x00, 0x73, 0x68, 0x61, 0x64, 0x69, 0x6E, 0x67, 0x46, 0x72, 0x61, 0x6D, 0x65,
	0x00, 0x00, 0x00, 0x00, 0x05, 0x00, 0x04, 0x00, 0xA0, 0x05, 0x00, 0x00, 0x70, 0x69, 0x78, 0x65,
	0x6C, 0x00, 0x00, 0x00, 0x05, 0x00, 0x04, 0x00, 0xA4, 0x05, 0x00, 0x00, 0x75, 0x76, 0x4A, 0x61,
	0x63, 0x00, 0x00, 0x00, 0x05, 0x00, 0x04, 0x00, 0xB2, 0x05, 0x00, 0x00, 0x61, 0x6C, 0x70, 0x68,
	0x61, 0x00, 0x00, 0x00, 0x05, 0x00, 0x03, 0x00, 0xB7, 0x05, 0x00, 0x00, 0x67, 0x70, 0x00, 0x00,
	0x05, 0x00, 0x04, 0x00, 0xD1, 0x05, 0x00, 0x00, 0x6C, 0x61, 0x6D, 0x62, 0x64, 0x61, 0x00, 0x00,
	0x05, 0x00, 0x04, 0x00, 0xD2, 0x05, 0x00, 0x00, 0x63, 0x6F, 0x6D, 0x70, 0x00, 0x00, 0x00, 0x00,
	0x05, 0x00, 0x03, 0x00, 0xD3, 0x05, 0x00, 0x00, 0x44, 0x67, 0x6C, 0x00, 0x05, 0x00, 0x04, 0x00,
	0xD4, 0x05, 0x00, 0x00, 0x70, 0x61, 0x72, 0x61, 0x6D, 0x00, 0x00, 0x00, 0x05, 0x00, 0x04, 0x00,
	0xD6, 0x05, 0x00, 0x00, 0x70, 0x61, 0x72, 0x61, 0x6D, 0x00, 0x00, 0x00, 0x05, 0x00, 0x04, 0x00,
	0xD8, 0x05, 0x00, 0x00, 0x70, 0x61, 0x72, 0x61, 0x6D, 0x00, 0x00, 0x00, 0x05, 0x00, 0x04, 0x00,
	0xDA, 0x05, 0x00, 0x00, 0x70, 0x61, 0x72, 0x61, 0x6D, 0x00, 0x00, 0x00, 0x05, 0x00, 0x04, 0x00,
	0xDC, 0x05, 0x00, 0x00, 0x70, 0x61, 0x72, 0x61, 0x6D, 0x00, 0x00, 0x00, 0x05, 0x00, 0x04, 0x00,
	0xDE, 0x05, 0x00, 0x00, 0x70, 0x61, 0x72, 0x61, 0x6D, 0x00, 0x00, 0x00, 0x05, 0x00, 0x04, 0x00,
	0xE0, 0x05, 0x00, 0x00, 0x70, 0x61, 0x72, 0x61, 0x6D, 0x00, 0x00, 0x00, 0x05, 0x00, 0x04, 0x00,
	0xE1, 0x05, 0x00, 0x00, 0x70, 0x61, 0x72, 0x61, 0x6D, 0x00, 0x00, 0x00, 0x05, 0x00, 0x04, 0x00,
	0xE5, 0x05, 0x00, 0x00, 0x4E, 0x64, 0x6F, 0x74, 0x48, 0x00, 0x00, 0x00, 0x05, 0x00, 0x04, 0x00,
	0xEA, 0x05, 0x00, 0x00, 0x44, 0x67, 0x67, 0x78, 0x00, 0x00, 0x00, 0x00, 0x05, 0x00, 0x04, 0x00,
	0xEB, 0x05, 0x00, 0x00, 0x70, 0x61, 0x72, 0x61, 0x6D, 0x00, 0x00, 0x00, 0x05, 0x00, 0x04, 0x00,
	0xED, 0x05, 0x00, 0x00, 0x70, 0x61, 0x72, 0x61, 0x6D, 0x00, 0x00, 0x00, 0x05, 0x00, 0x04, 0x00,
	0xF1, 0x05, 0x00, 0x00, 0x72, 0x61, 0x74, 0x69, 0x6F, 0x00, 0x00, 0x00, 0x05, 0x00, 0x05, 0x00,
	0x02, 0x06, 0x00, 0x00, 0x72, 0x65, 0x69, 0x6E, 0x68, 0x61, 0x72, 0x64, 0x4D, 0x75, 0x6C, 0x00,
	0x05, 0x00, 0x03, 0x00, 0x0A, 0x06, 0x00, 0x00, 0x6C, 0x00, 0x00, 0x00, 0x47, 0x00, 0x03, 0x00,
	0xFD, 0x03, 0x00, 0x00, 0x02, 0x00, 0x00, 0x00, 0x48, 0x00, 0x04, 0x00, 0xFD, 0x03, 0x00, 0x00,
	0x00, 0x00, 0x00, 0x00, 0x05, 0x00, 0x00, 0x00, 0x48, 0x00, 0x05, 0x00, 0xFD, 0x03, 0x00, 0x00,
	0x00, 0x00, 0x00, 0x00, 0x07, 0x00, 0x00, 0x00, 0x10, 0x00, 0x00, 0x00, 0x48, 0x00, 0x05, 0x00,
	0xFD, 0x03, 0x00, 0x00, 0x00, 0x00, 0x00, 0x00, 0x23, 0x00, 0x00, 0x00, 0x00, 0x00, 0x00, 0x00,
	0x48, 0x00, 0x04, 0x00, 0xFD, 0x03, 0x00, 0x00, 0x01, 0x00, 0x00, 0x00, 0x05, 0x00, 0x00, 0x00,
	0x48, 0x00, 0x05, 0x00, 0xFD, 0x03, 0x00, 0x00, 0x01, 0x00, 0x00, 0x00, 0x07, 0x00, 0x00, 0x00,
	0x10, 0x00, 0x00, 0x00, 0x48, 0x00, 0x05, 0x00, 0xFD, 0x03, 0x00, 0x00, 0x01, 0x00, 0x00, 0x00,
	0x23, 0x00, 0x00, 0x00, 0x40, 0x00, 0x00, 0x00, 0x48, 0x00, 0x04, 0x00, 0xFD, 0x03, 0x00, 0x00,
	0x02, 0x00, 0x00, 0x00, 0x05, 0x00, 0x00, 0x00, 0x48, 0x00, 0x05, 0x00, 0xFD, 0x03, 0x00, 0x00,
	0x02, 0x00, 0x00, 0x00, 0x07, 0x00, 0x00, 0x00, 0x10, 0x00, 0x00, 0x00, 0x48, 0x00, 0x05, 0x00,
	0xFD, 0x03, 0x00, 0x00, 0x02, 0x00, 0x00, 0x00, 0x23, 0x00, 0x00, 0x00, 0x80, 0x00, 0x00, 0x00,
	0x48, 0x00, 0x05, 0x00, 0xFD, 0x03, 0x00, 0x00, 0x03, 0x00, 0x00, 0x00, 0x23, 0x00, 0x00, 0x00,
	0xC0, 0x00, 0x00, 0x00, 0x48, 0x00, 0x05, 0x00, 0xFD, 0x03, 0x00, 0x00, 0x04, 0x00, 0x00, 0x00,
	0x23, 0x00, 0x00, 0x00, 0xD0, 0x00, 0x00, 0x00, 0x48, 0x00, 0x05, 0x00, 0xFD, 0x03, 0x00, 0x00,
	0x05, 0x00, 0x00, 0x00, 0x23, 0x00, 0x00, 0x00, 0xE0, 0x00, 0x00, 0x00, 0x48, 0x00, 0x05, 0x00,
	0xFD, 0x03, 0x00, 0x00, 0x06, 0x00, 0x00, 0x00, 0x23, 0x00, 0x00, 0x00, 0xF0, 0x00, 0x00, 0x00,
	0x48, 0x00, 0x05, 0x00, 0xFD, 0x03, 0x00, 0x00, 0x07, 0x00, 0x00, 0x00, 0x23, 0x00, 0x00, 0x00,
	0x00, 0x01, 0x00, 0x00, 0x48, 0x00, 0x05, 0x00, 0xFD, 0x03, 0x00, 0x00, 0x08, 0x00, 0x00, 0x00,
	0x23, 0x00, 0x00, 0x00, 0x10, 0x01, 0x00, 0x00, 0x48, 0x00, 0x05, 0x00, 0xFD, 0x03, 0x00, 0x00,
	0x09, 0x00, 0x00, 0x00, 0x23, 0x00, 0x00, 0x00, 0x20, 0x01, 0x00, 0x00, 0x48, 0x00, 0x05, 0x00,
	0xFD, 0x03, 0x00, 0x00, 0x0A, 0x00, 0x00, 0x00, 0x23, 0x00, 0x00, 0x00, 0x30, 0x01, 0x00, 0x00,
	0x48, 0x00, 0x05, 0x00, 0xFD, 0x03, 0x00, 0x00, 0x0B, 0x00, 0x00, 0x00, 0x23, 0x00, 0x00, 0x00,
	0x40, 0x01, 0x00, 0x00, 0x48, 0x00, 0x05, 0x00, 0xFD, 0x03, 0x00, 0x00, 0x0C, 0x00, 0x00, 0x00,
	0x23, 0x00, 0x00, 0x00, 0x50, 0x01, 0x00, 0x00, 0x47, 0x00, 0x04, 0x00, 0xFF, 0x03, 0x00, 0x00,
	0x21, 0x00, 0x00, 0x00, 0x02, 0x00, 0x00, 0x00, 0x47, 0x00, 0x04, 0x00, 0xFF, 0x03, 0x00, 0x00,
	0x22, 0x00, 0x00, 0x00, 0x00, 0x00, 0x00, 0x00, 0x47, 0x00, 0x04, 0x00, 0x08, 0x04, 0x00, 0x00,
	0x0B, 0x00, 0x00, 0x00, 0xC7, 0x14, 0x00, 0x00, 0x47, 0x00, 0x04, 0x00, 0x13, 0x04, 0x00, 0x00,
	0x21, 0x00, 0x00, 0x00, 0x03, 0x00, 0x00, 0x00, 0x47, 0x00, 0x04, 0x00, 0x13, 0x04, 0x00, 0x00,
	0x22, 0x00, 0x00, 0x00, 0x00, 0x00, 0x00, 0x00, 0x47, 0x00, 0x03, 0x00, 0x21, 0x04, 0x00, 0x00,
	0x19, 0x00, 0x00, 0x00, 0x47, 0x00, 0x04, 0x00, 0x21, 0x04, 0x00, 0x00, 0x21, 0x00, 0x00, 0x00,
	0x01, 0x00, 0x00, 0x00, 0x47, 0x00, 0x04, 0x00, 0x21, 0x04, 0x00, 0x00, 0x22, 0x00, 0x00, 0x00,
	0x00, 0x00, 0x00, 0x00, 0x47, 0x00, 0x04, 0x00, 0x4F, 0x04, 0x00, 0x00, 0x21, 0x00, 0x00, 0x00,
	0x04, 0x00, 0x00, 0x00, 0x47, 0x00, 0x04, 0x00, 0x4F, 0x04, 0x00, 0x00, 0x22, 0x00, 0x00, 0x00,
	0x00, 0x00, 0x00, 0x00, 0x47, 0x00, 0x04, 0x00, 0x65, 0x04, 0x00, 0x00, 0x21, 0x00, 0x00, 0x00,
	0x05, 0x00, 0x00, 0x00, 0x47, 0x00, 0x04, 0x00, 0x65, 0x04, 0x00, 0x00, 0x22, 0x00, 0x00, 0x00,
	0x00, 0x00, 0x00, 0x00, 0x47, 0x00, 0x04, 0x00, 0x2A, 0x05, 0x00, 0x00, 0x21, 0x00, 0x00, 0x00,
	0x00, 0x00, 0x00, 0x00, 0x47, 0x00, 0x04, 0x00, 0x2A, 0x05, 0x00, 0x00, 0x22, 0x00, 0x00, 0x00,
	0x00, 0x00, 0x00, 0x00, 0x13, 0x00, 0x02, 0x00, 0x02, 0x00, 0x00, 0x00, 0x21, 0x00, 0x03, 0x00,
	0x03, 0x00, 0x00, 0x00, 0x02, 0x00, 0x00, 0x00, 0x16, 0x00, 0x03, 0x00, 0x06, 0x00, 0x00, 0x00,
	0x20, 0x00, 0x00, 0x00, 0x20, 0x00, 0x04, 0x00, 0x07, 0x00, 0x00, 0x00, 0x07, 0x00, 0x00, 0x00,
	0x06, 0x00, 0x00, 0x00, 0x21, 0x00, 0x05, 0x00, 0x08, 0x00, 0x00, 0x00, 0x06, 0x00, 0x00, 0x00,
	0x07, 0x00, 0x00, 0x00, 0x07, 0x00, 0x00, 0x00, 0x17, 0x00, 0x04, 0x00, 0x0D, 0x00, 0x00, 0x00,
	0x06, 0x00, 0x00, 0x00, 0x03, 0x00, 0x00, 0x00, 0x20, 0x00, 0x04, 0x00, 0x0E, 0x00, 0x00, 0x00,
	0x07, 0x00, 0x00, 0x00, 0x0D, 0x00, 0x00, 0x00, 0x21, 0x00, 0x05, 0x00, 0x0F, 0x00, 0x00, 0x00,
	0x0D, 0x00, 0x00, 0x00, 0x07, 0x00, 0x00, 0x00, 0x0E, 0x00, 0x00, 0x00, 0x17, 0x00, 0x04, 0x00,
	0x14, 0x00, 0x00, 0x00, 0x06, 0x00, 0x00, 0x00, 0x02, 0x00, 0x00, 0x00, 0x21, 0x00, 0x04, 0x00,
	0x15, 0x00, 0x00, 0x00, 0x14, 0x00, 0x00, 0x00, 0x0E, 0x00, 0x00, 0x00, 0x21, 0x00, 0x05, 0x00,
	0x19, 0x00, 0x00, 0x00, 0x0D, 0x00, 0x00, 0x00, 0x0E, 0x00, 0x00, 0x00, 0x07, 0x00, 0x00, 0x00,
	0x18, 0x00, 0x04, 0x00, 0x1E, 0x00, 0x00, 0x00, 0x14, 0x00, 0x00, 0x00, 0x02, 0x00, 0x00, 0x00,
	0x20, 0x00, 0x04, 0x00, 0x1F, 0x00, 0x00, 0x00, 0x07, 0x00, 0x00, 0x00, 0x1E, 0x00, 0x00, 0x00,
	0x21, 0x00, 0x04, 0x00, 0x20, 0x00, 0x00, 0x00, 0x1E, 0x00, 0x00, 0x00, 0x1F, 0x00, 0x00, 0x00,
	0x21, 0x00, 0x05, 0x00, 0x27, 0x00, 0x00, 0x00, 0x06, 0x00, 0x00, 0x00, 0x1F, 0x00, 0x00, 0x00,
	0x07, 0x00, 0x00, 0x00, 0x15, 0x00, 0x04, 0x00, 0x2C, 0x00, 0x00, 0x00, 0x20, 0x00, 0x00, 0x00,
	0x00, 0x00, 0x00, 0x00, 0x17, 0x00, 0x04, 0x00, 0x2D, 0x00, 0x00, 0x00, 0x2C, 0x00, 0x00, 0x00,
	0x02, 0x00, 0x00, 0x00, 0x20, 0x00, 0x04, 0x00, 0x2E, 0x00, 0x00, 0x00, 0x07, 0x00, 0x00, 0x00,
	0x2D, 0x00, 0x00, 0x00, 0x21, 0x00, 0x04, 0x00, 0x2F, 0x00, 0x00, 0x00, 0x2D, 0x00, 0x00, 0x00,
	0x2E, 0x00, 0x00, 0x00, 0x21, 0x00, 0x04, 0x00, 0x33, 0x00, 0x00, 0x00, 0x14, 0x00, 0x00, 0x00,
	0x2E, 0x00, 0x00, 0x00, 0x20, 0x00, 0x04, 0x00, 0x37, 0x00, 0x00, 0x00, 0x07, 0x00, 0x00, 0x00,
	0x14, 0x00, 0x00, 0x00, 0x20, 0x00, 0x04, 0x00, 0x38, 0x00, 0x00, 0x00, 0x07, 0x00, 0x00, 0x00,
	0x2C, 0x00, 0x00, 0x00, 0x21, 0x00, 0x07, 0x00, 0x39, 0x00, 0x00, 0x00, 0x06, 0x00, 0x00, 0x00,
	0x37, 0x00, 0x00, 0x00, 0x37, 0x00, 0x00, 0x00, 0x07, 0x00, 0x00, 0x00, 0x38, 0x00, 0x00, 0x00,
	0x21, 0x00, 0x07, 0x00, 0x40, 0x00, 0x00, 0x00, 0x14, 0x00, 0x00, 0x00, 0x37, 0x00, 0x00, 0x00,
	0x37, 0x00, 0x00, 0x00, 0x07, 0x00, 0x00, 0x00, 0x38, 0x00, 0x00, 0x00, 0x21, 0x00, 0x04, 0x00,
	0x47, 0x00, 0x00, 0x00, 0x06, 0x00, 0x00, 0x00, 0x07, 0x00, 0x00, 0x00, 0x21, 0x00, 0x06, 0x00,
	0x4B, 0x00, 0x00, 0x00, 0x06, 0x00, 0x00, 0x00, 0x07, 0x00, 0x00, 0x00, 0x07, 0x00, 0x00, 0x00,
	0x07, 0x00, 0x00, 0x00, 0x21, 0x00, 0x09, 0x00, 0x51, 0x00, 0x00, 0x00, 0x06, 0x00, 0x00, 0x00,
	0x07, 0x00, 0x00, 0x00, 0x07, 0x00, 0x00, 0x00, 0x07, 0x00, 0x00, 0x00, 0x07, 0x00, 0x00, 0x00,
	0x07, 0x00, 0x00, 0x00, 0x07, 0x00, 0x00, 0x00, 0x21, 0x00, 0x09, 0x00, 0x5A, 0x00, 0x00, 0x00,
	0x06, 0x00, 0x00, 0x00, 0x37, 0x00, 0x00, 0x00, 0x37, 0x00, 0x00, 0x00, 0x37, 0x00, 0x00, 0x00,
	0x1F, 0x00, 0x00, 0x00, 0x37, 0x00, 0x00, 0x00, 0x37, 0x00, 0x00, 0x00, 0x21, 0x00, 0x06, 0x00,
	0x63, 0x00, 0x00, 0x00, 0x06, 0x00, 0x00, 0x00, 0x37, 0x00, 0x00, 0x00, 0x1F, 0x00, 0x00, 0x00,
	0x07, 0x00, 0x00, 0x00, 0x21, 0x00, 0x06, 0x00, 0x69, 0x00, 0x00, 0x00, 0x02, 0x00, 0x00, 0x00,
	0x1F, 0x00, 0x00, 0x00, 0x1F, 0x00, 0x00, 0x00, 0x07, 0x00, 0x00, 0x00, 0x15, 0x00, 0x04, 0x00,
	0x74, 0x00, 0x00, 0x00, 0x20, 0x00, 0x00, 0x00, 0x01, 0x00, 0x00, 0x00, 0x20, 0x00, 0x04, 0x00,
	0x75, 0x00, 0x00, 0x00, 0x07, 0x00, 0x00, 0x00, 0x74, 0x00, 0x00, 0x00, 0x21, 0x00, 0x0E, 0x00,
	0x76, 0x00, 0x00, 0x00, 0x06, 0x00, 0x00, 0x00, 0x0E, 0x00, 0x00, 0x00, 0x07, 0x00, 0x00, 0x00,
	0x07, 0x00, 0x00, 0x00, 0x37, 0x00, 0x00, 0x00, 0x1F, 0x00, 0x00, 0x00, 0x07, 0x00, 0x00, 0x00,
	0x07, 0x00, 0x00, 0x00, 0x75, 0x00, 0x00, 0x00, 0x07, 0x00, 0x00, 0x00, 0x07, 0x00, 0x00, 0x00,
	0x07, 0x00, 0x00, 0x00, 0x18, 0x00, 0x04, 0x00, 0x84, 0x00, 0x00, 0x00, 0x0D, 0x00, 0x00, 0x00,
	0x03, 0x00, 0x00, 0x00, 0x20, 0x00, 0x04, 0x00, 0x85, 0x00, 0x00, 0x00, 0x07, 0x00, 0x00, 0x00,
	0x84, 0x00, 0x00, 0x00, 0x1E, 0x00, 0x08, 0x00, 0x86, 0x00, 0x00, 0x00, 0x06, 0x00, 0x00, 0x00,
	0x06, 0x00, 0x00, 0x00, 0x06, 0x00, 0x00, 0x00, 0x06, 0x00, 0x00, 0x00, 0x06, 0x00, 0x00, 0x00,
	0x06, 0x00, 0x00, 0x00, 0x20, 0x00, 0x04, 0x00, 0x87, 0x00, 0x00, 0x00, 0x07, 0x00, 0x00, 0x00,
	0x86, 0x00, 0x00, 0x00, 0x21, 0x00, 0x0B, 0x00, 0x88, 0x00, 0x00, 0x00, 0x06, 0x00, 0x00, 0x00,
	0x85, 0x00, 0x00, 0x00, 0x0E, 0x00, 0x00, 0x00, 0x37, 0x00, 0x00, 0x00, 0x1F, 0x00, 0x00, 0x00,
	0x07, 0x00, 0x00, 0x00, 0x87, 0x00, 0x00, 0x00, 0x07, 0x00, 0x00, 0x00, 0x07, 0x00, 0x00, 0x00,
	0x2B, 0x00, 0x04, 0x00, 0x06, 0x00, 0x00, 0x00, 0x97, 0x00, 0x00, 0x00, 0xBD, 0x37, 0x86, 0x35,
	0x2B, 0x00, 0x04, 0x00, 0x06, 0x00, 0x00, 0x00, 0xA1, 0x00, 0x00, 0x00, 0x00, 0x00, 0x80, 0x3F,
	0x2B, 0x00, 0x04, 0x00, 0x06, 0x00, 0x00, 0x00, 0xA5, 0x00, 0x00, 0x00, 0xDB, 0x0F, 0x49, 0x40,
	0x2B, 0x00, 0x04, 0x00, 0x06, 0x00, 0x00, 0x00, 0xB3, 0x00, 0x00, 0x00, 0x00, 0x00, 0x00, 0x00,
	0x2B, 0x00, 0x04, 0x00, 0x06, 0x00, 0x00, 0x00, 0xB5, 0x00, 0x00, 0x00, 0x00, 0x00, 0xA0, 0x40,
	0x2B, 0x00, 0x04, 0x00, 0x2C, 0x00, 0x00, 0x00, 0xBD, 0x00, 0x00, 0x00, 0x02, 0x00, 0x00, 0x00,
	0x2B, 0x00, 0x04, 0x00, 0x06, 0x00, 0x00, 0x00, 0xDC, 0x00, 0x00, 0x00, 0x00, 0x00, 0x00, 0x3F,
	0x2B, 0x00, 0x04, 0x00, 0x06, 0x00, 0x00, 0x00, 0xF2, 0x00, 0x00, 0x00, 0xCC, 0xBC, 0x8C, 0x2B,
	0x2B, 0x00, 0x04, 0x00, 0x74, 0x00, 0x00, 0x00, 0xF4, 0x00, 0x00, 0x00, 0x01, 0x00, 0x00, 0x00,
	0x2B, 0x00, 0x04, 0x00, 0x2C, 0x00, 0x00, 0x00, 0xF5, 0x00, 0x00, 0x00, 0x01, 0x00, 0x00, 0x00,
	0x2B, 0x00, 0x04, 0x00, 0x74, 0x00, 0x00, 0x00, 0xF8, 0x00, 0x00, 0x00, 0x00, 0x00, 0x00, 0x00,
	0x2B, 0x00, 0x04, 0x00, 0x2C, 0x00, 0x00, 0x00, 0xFC, 0x00, 0x00, 0x00, 0x00, 0x00, 0x00, 0x00,
	0x2C, 0x00, 0x05, 0x00, 0x14, 0x00, 0x00, 0x00, 0x3D, 0x01, 0x00, 0x00, 0x97, 0x00, 0x00, 0x00,
	0x97, 0x00, 0x00, 0x00, 0x2B, 0x00, 0x04, 0x00, 0x06, 0x00, 0x00, 0x00, 0x61, 0x01, 0x00, 0x00,
	0x6F, 0x12, 0x83, 0x3A, 0x2B, 0x00, 0x04, 0x00, 0x06, 0x00, 0x00, 0x00, 0x69, 0x01, 0x00, 0x00,
	0x00, 0x00, 0x00, 0x40, 0x2B, 0x00, 0x04, 0x00, 0x2C, 0x00, 0x00, 0x00, 0x72, 0x01, 0x00, 0x00,
	0x0D, 0x66, 0x19, 0x00, 0x2B, 0x00, 0x04, 0x00, 0x2C, 0x00, 0x00, 0x00, 0x75, 0x01, 0x00, 0x00,
	0x5F, 0xF3, 0x6E, 0x3C, 0x2B, 0x00, 0x04, 0x00, 0x2C, 0x00, 0x00, 0x00, 0x87, 0x01, 0x00, 0x00,
	0x10, 0x00, 0x00, 0x00, 0x2C, 0x00, 0x05, 0x00, 0x2D, 0x00, 0x00, 0x00, 0x88, 0x01, 0x00, 0x00,
	0x87, 0x01, 0x00, 0x00, 0x87, 0x01, 0x00, 0x00, 0x2B, 0x00, 0x04, 0x00, 0x06, 0x00, 0x00, 0x00,
	0xA5, 0x01, 0x00, 0x00, 0x00, 0x00, 0x80, 0x2F, 0x2B, 0x00, 0x04, 0x00, 0x2C, 0x00, 0x00, 0x00,
	0xBF, 0x01, 0x00, 0x00, 0x24, 0x01, 0x00, 0x00, 0x2B, 0x00, 0x04, 0x00, 0x06, 0x00, 0x00, 0x00,
	0xF3, 0x01, 0x00, 0x00, 0xDB, 0x0F, 0xC9, 0x3F, 0x2B, 0x00, 0x04, 0x00, 0x06, 0x00, 0x00, 0x00,
	0xF4, 0x01, 0x00, 0x00, 0x52, 0xB8, 0x1E, 0x3E, 0x2B, 0x00, 0x04, 0x00, 0x06, 0x00, 0x00, 0x00,
	0xF8, 0x01, 0x00, 0x00, 0x8D, 0x97, 0x2E, 0x3D, 0x2B, 0x00, 0x04, 0x00, 0x06, 0x00, 0x00, 0x00,
	0x05, 0x02, 0x00, 0x00, 0xF3, 0x04, 0xB5, 0x3F, 0x2B, 0x00, 0x04, 0x00, 0x06, 0x00, 0x00, 0x00,
	0x29, 0x02, 0x00, 0x00, 0x77, 0xCC, 0x2B, 0x32, 0x2C, 0x00, 0x05, 0x00, 0x14, 0x00, 0x00, 0x00,
	0x56, 0x02, 0x00, 0x00, 0xDC, 0x00, 0x00, 0x00, 0xDC, 0x00, 0x00, 0x00, 0x2C, 0x00, 0x05, 0x00,
	0x14, 0x00, 0x00, 0x00, 0x57, 0x02, 0x00, 0x00, 0xB3, 0x00, 0x00, 0x00, 0xB3, 0x00, 0x00, 0x00,
	0x2C, 0x00, 0x05, 0x00, 0x14, 0x00, 0x00, 0x00, 0x58, 0x02, 0x00, 0x00, 0xA1, 0x00, 0x00, 0x00,
	0xA1, 0x00, 0x00, 0x00, 0x2B, 0x00, 0x04, 0x00, 0x06, 0x00, 0x00, 0x00, 0x95, 0x02, 0x00, 0x00,
	0xDB, 0x0F, 0xC9, 0x40, 0x2B, 0x00, 0x04, 0x00, 0x06, 0x00, 0x00, 0x00, 0x98, 0x02, 0x00, 0x00,
	0x00, 0x00, 0x00, 0xBF, 0x2B, 0x00, 0x04, 0x00, 0x74, 0x00, 0x00, 0x00, 0xC8, 0x02, 0x00, 0x00,
	0x02, 0x00, 0x00, 0x00, 0x2B, 0x00, 0x04, 0x00, 0x74, 0x00, 0x00, 0x00, 0xCC, 0x02, 0x00, 0x00,
	0x04, 0x00, 0x00, 0x00, 0x2C, 0x00, 0x05, 0x00, 0x14, 0x00, 0x00, 0x00, 0xE6, 0x02, 0x00, 0x00,
	0xA1, 0x00, 0x00, 0x00, 0xB3, 0x00, 0x00, 0x00, 0x2C, 0x00, 0x05, 0x00, 0x14, 0x00, 0x00, 0x00,
	0xE7, 0x02, 0x00, 0x00, 0xB3, 0x00, 0x00, 0x00, 0xA1, 0x00, 0x00, 0x00, 0x2C, 0x00, 0x05, 0x00,
	0x1E, 0x00, 0x00, 0x00, 0xE8, 0x02, 0x00, 0x00, 0xE6, 0x02, 0x00, 0x00, 0xE7, 0x02, 0x00, 0x00,
	0x14, 0x00, 0x02, 0x00, 0xFC, 0x02, 0x00, 0x00, 0x2B, 0x00, 0x04, 0x00, 0x06, 0x00, 0x00, 0x00,
	0x11, 0x03, 0x00, 0x00, 0x17, 0xB7, 0xD1, 0x38, 0x2B, 0x00, 0x04, 0x00, 0x2C, 0x00, 0x00, 0x00,
	0x70, 0x03, 0x00, 0x00, 0x04, 0x00, 0x00, 0x00, 0x2B, 0x00, 0x04, 0x00, 0x06, 0x00, 0x00, 0x00,
	0x7B, 0x03, 0x00, 0x00, 0xCD, 0xCC, 0xCC, 0x3D, 0x2B, 0x00, 0x04, 0x00, 0x74, 0x00, 0x00, 0x00,
	0xD0, 0x03, 0x00, 0x00, 0x03, 0x00, 0x00, 0x00, 0x2B, 0x00, 0x04, 0x00, 0x74, 0x00, 0x00, 0x00,
	0xD8, 0x03, 0x00, 0x00, 0x05, 0x00, 0x00, 0x00, 0x17, 0x00, 0x04, 0x00, 0xFB, 0x03, 0x00, 0x00,
	0x06, 0x00, 0x00, 0x00, 0x04, 0x00, 0x00, 0x00, 0x18, 0x00, 0x04, 0x00, 0xFC, 0x03, 0x00, 0x00,
	0xFB, 0x03, 0x00, 0x00, 0x04, 0x00, 0x00, 0x00, 0x1E, 0x00, 0x0F, 0x00, 0xFD, 0x03, 0x00, 0x00,
	0xFC, 0x03, 0x00, 0x00, 0xFC, 0x03, 0x00, 0x00, 0xFC, 0x03, 0x00, 0x00, 0xFB, 0x03, 0x00, 0x00,
	0xFB, 0x03, 0x00, 0x00, 0xFB, 0x03, 0x00, 0x00, 0xFB, 0x03, 0x00, 0x00, 0xFB, 0x03, 0x00, 0x00,
	0xFB, 0x03, 0x00, 0x00, 0xFB, 0x03, 0x00, 0x00, 0xFB, 0x03, 0x00, 0x00, 0xFB, 0x03, 0x00, 0x00,
	0xFB, 0x03, 0x00, 0x00, 0x20, 0x00, 0x04, 0x00, 0xFE, 0x03, 0x00, 0x00, 0x02, 0x00, 0x00, 0x00,
	0xFD, 0x03, 0x00, 0x00, 0x3B, 0x00, 0x04, 0x00, 0xFE, 0x03, 0x00, 0x00, 0xFF, 0x03, 0x00, 0x00,
	0x02, 0x00, 0x00, 0x00, 0x20, 0x00, 0x04, 0x00, 0x00, 0x04, 0x00, 0x00, 0x02, 0x00, 0x00, 0x00,
	0xFB, 0x03, 0x00, 0x00, 0x17, 0x00, 0x04, 0x00, 0x06, 0x04, 0x00, 0x00, 0x2C, 0x00, 0x00, 0x00,
	0x03, 0x00, 0x00, 0x00, 0x20, 0x00, 0x04, 0x00, 0x07, 0x04, 0x00, 0x00, 0x01, 0x00, 0x00, 0x00,
	0x06, 0x04, 0x00, 0x00, 0x3B, 0x00, 0x04, 0x00, 0x07, 0x04, 0x00, 0x00, 0x08, 0x04, 0x00, 0x00,
	0x01, 0x00, 0x00, 0x00, 0x19, 0x00, 0x09, 0x00, 0x10, 0x04, 0x00, 0x00, 0x06, 0x00, 0x00, 0x00,
	0x01, 0x00, 0x00, 0x00, 0x00, 0x00, 0x00, 0x00, 0x00, 0x00, 0x00, 0x00, 0x00, 0x00, 0x00, 0x00,
	0x01, 0x00, 0x00, 0x00, 0x00, 0x00, 0x00, 0x00, 0x1B, 0x00, 0x03, 0x00, 0x11, 0x04, 0x00, 0x00,
	0x10, 0x04, 0x00, 0x00, 0x20, 0x00, 0x04, 0x00, 0x12, 0x04, 0x00, 0x00, 0x00, 0x00, 0x00, 0x00,
	0x11, 0x04, 0x00, 0x00, 0x3B, 0x00, 0x04, 0x00, 0x12, 0x04, 0x00, 0x00, 0x13, 0x04, 0x00, 0x00,
	0x00, 0x00, 0x00, 0x00, 0x19, 0x00, 0x09, 0x00, 0x1F, 0x04, 0x00, 0x00, 0x06, 0x00, 0x00, 0x00,
	0x01, 0x00, 0x00, 0x00, 0x00, 0x00, 0x00, 0x00, 0x00, 0x00, 0x00, 0x00, 0x00, 0x00, 0x00, 0x00,
	0x02, 0x00, 0x00, 0x00, 0x02, 0x00, 0x00, 0x00, 0x20, 0x00, 0x04, 0x00, 0x20, 0x04, 0x00, 0x00,
	0x00, 0x00, 0x00, 0x00, 0x1F, 0x04, 0x00, 0x00, 0x3B, 0x00, 0x04, 0x00, 0x20, 0x04, 0x00, 0x00,
	0x21, 0x04, 0x00, 0x00, 0x00, 0x00, 0x00, 0x00, 0x17, 0x00, 0x04, 0x00, 0x25, 0x04, 0x00, 0x00,
	0x74, 0x00, 0x00, 0x00, 0x02, 0x00, 0x00, 0x00, 0x2C, 0x00, 0x07, 0x00, 0xFB, 0x03, 0x00, 0x00,
	0x27, 0x04, 0x00, 0x00, 0xB3, 0x00, 0x00, 0x00, 0xB3, 0x00, 0x00, 0x00, 0xB3, 0x00, 0x00, 0x00,
	0xA1, 0x00, 0x00, 0x00, 0x20, 0x00, 0x04, 0x00, 0x29, 0x04, 0x00, 0x00, 0x07, 0x00, 0x00, 0x00,
	0xFB, 0x03, 0x00, 0x00, 0x20, 0x00, 0x04, 0x00, 0x34, 0x04, 0x00, 0x00, 0x02, 0x00, 0x00, 0x00,
	0xFC, 0x03, 0x00, 0x00, 0x2B, 0x00, 0x04, 0x00, 0x2C, 0x00, 0x00, 0x00, 0x39, 0x04, 0x00, 0x00,
	0x03, 0x00, 0x00, 0x00, 0x2C, 0x00, 0x06, 0x00, 0x0D, 0x00, 0x00, 0x00, 0x45, 0x04, 0x00, 0x00,
	0xB3, 0x00, 0x00, 0x00, 0xB3, 0x00, 0x00, 0x00, 0xA1, 0x00, 0x00, 0x00, 0x2B, 0x00, 0x04, 0x00,
	0x74, 0x00, 0x00, 0x00, 0x48, 0x04, 0x00, 0x00, 0x07, 0x00, 0x00, 0x00, 0x20, 0x00, 0x04, 0x00,
	0x49, 0x04, 0x00, 0x00, 0x02, 0x00, 0x00, 0x00, 0x06, 0x00, 0x00, 0x00, 0x3B, 0x00, 0x04, 0x00,
	0x12, 0x04, 0x00, 0x00, 0x4F, 0x04, 0x00, 0x00, 0x00, 0x00, 0x00, 0x00, 0x2B, 0x00, 0x04, 0x00,
	0x06, 0x00, 0x00, 0x00, 0x5B, 0x04, 0x00, 0x00, 0x0A, 0xD7, 0x23, 0x3C, 0x3B, 0x00, 0x04, 0x00,
	0x12, 0x04, 0x00, 0x00, 0x65, 0x04, 0x00, 0x00, 0x00, 0x00, 0x00, 0x00, 0x2B, 0x00, 0x04, 0x00,
	0x06, 0x00, 0x00, 0x00, 0x6E, 0x04, 0x00, 0x00, 0x0A, 0xD7, 0xA3, 0x3C, 0x17, 0x00, 0x04, 0x00,
	0x8D, 0x04, 0x00, 0x00, 0xFC, 0x02, 0x00, 0x00, 0x03, 0x00, 0x00, 0x00, 0x2B, 0x00, 0x04, 0x00,
	0x74, 0x00, 0x00, 0x00, 0xA0, 0x04, 0x00, 0x00, 0x08, 0x00, 0x00, 0x00, 0x2B, 0x00, 0x04, 0x00,
	0x74, 0x00, 0x00, 0x00, 0xBB, 0x04, 0x00, 0x00, 0x06, 0x00, 0x00, 0x00, 0x2B, 0x00, 0x04, 0x00,
	0x06, 0x00, 0x00, 0x00, 0xBF, 0x04, 0x00, 0x00, 0x39, 0xD6, 0x4F, 0x41, 0x2B, 0x00, 0x04, 0x00,
	0x06, 0x00, 0x00, 0x00, 0xC0, 0x04, 0x00, 0x00, 0x4C, 0x77, 0x9C, 0x42, 0x2C, 0x00, 0x05, 0x00,
	0x14, 0x00, 0x00, 0x00, 0xC1, 0x04, 0x00, 0x00, 0xBF, 0x04, 0x00, 0x00, 0xC0, 0x04, 0x00, 0x00,
	0x2B, 0x00, 0x04, 0x00, 0x06, 0x00, 0x00, 0x00, 0xC4, 0x04, 0x00, 0x00, 0x8C, 0xEE, 0x2A, 0x47,
	0x2B, 0x00, 0x04, 0x00, 0x06, 0x00, 0x00, 0x00, 0xCB, 0x04, 0x00, 0x00, 0x00, 0x00, 0x88, 0x41,
	0x2B, 0x00, 0x04, 0x00, 0x06, 0x00, 0x00, 0x00, 0xCE, 0x04, 0x00, 0x00, 0x4E, 0x62, 0x1D, 0x42,
	0x2B, 0x00, 0x04, 0x00, 0x06, 0x00, 0x00, 0x00, 0xCF, 0x04, 0x00, 0x00, 0xF6, 0x28, 0x32, 0x41,
	0x2C, 0x00, 0x05, 0x00, 0x14, 0x00, 0x00, 0x00, 0xD0, 0x04, 0x00, 0x00, 0xCE, 0x04, 0x00, 0x00,
	0xCF, 0x04, 0x00, 0x00, 0x2B, 0x00, 0x04, 0x00, 0x06, 0x00, 0x00, 0x00, 0xD3, 0x04, 0x00, 0x00,
	0x4B, 0x64, 0xB0, 0x46, 0x2B, 0x00, 0x04, 0x00, 0x06, 0x00, 0x00, 0x00, 0xD7, 0x04, 0x00, 0x00,
	0xCD, 0xCC, 0x4C, 0x3D, 0x2B, 0x00, 0x04, 0x00, 0x74, 0x00, 0x00, 0x00, 0xDC, 0x04, 0x00, 0x00,
	0x09, 0x00, 0x00, 0x00, 0x20, 0x00, 0x04, 0x00, 0x22, 0x05, 0x00, 0x00, 0xDA, 0x14, 0x00, 0x00,
	0xFB, 0x03, 0x00, 0x00, 0x3B, 0x00, 0x04, 0x00, 0x22, 0x05, 0x00, 0x00, 0x23, 0x05, 0x00, 0x00,
	0xDA, 0x14, 0x00, 0x00, 0x2C, 0x00, 0x07, 0x00, 0xFB, 0x03, 0x00, 0x00, 0x24, 0x05, 0x00, 0x00,
	0xB3, 0x00, 0x00, 0x00, 0xB3, 0x00, 0x00, 0x00, 0xB3, 0x00, 0x00, 0x00, 0xB3, 0x00, 0x00, 0x00,
	0x20, 0x00, 0x04, 0x00, 0x26, 0x05, 0x00, 0x00, 0xDA, 0x14, 0x00, 0x00, 0x06, 0x00, 0x00, 0x00,
	0xDD, 0x14, 0x02, 0x00, 0x28, 0x05, 0x00, 0x00, 0x20, 0x00, 0x04, 0x00, 0x29, 0x05, 0x00, 0x00,
	0x00, 0x00, 0x00, 0x00, 0x28, 0x05, 0x00, 0x00, 0x3B, 0x00, 0x04, 0x00, 0x29, 0x05, 0x00, 0x00,
	0x2A, 0x05, 0x00, 0x00, 0x00, 0x00, 0x00, 0x00, 0x2B, 0x00, 0x04, 0x00, 0x2C, 0x00, 0x00, 0x00,
	0x2C, 0x05, 0x00, 0x00, 0xFF, 0x00, 0x00, 0x00, 0x2B, 0x00, 0x04, 0x00, 0x06, 0x00, 0x00, 0x00,
	0x32, 0x05, 0x00, 0x00, 0x00, 0x50, 0xC3, 0x47, 0x2B, 0x00, 0x04, 0x00, 0x06, 0x00, 0x00, 0x00,
	0x3C, 0x05, 0x00, 0x00, 0x0A, 0xD7, 0x23, 0x3D, 0x2C, 0x00, 0x06, 0x00, 0x0D, 0x00, 0x00, 0x00,
	0x3D, 0x05, 0x00, 0x00, 0x3C, 0x05, 0x00, 0x00, 0x3C, 0x05, 0x00, 0x00, 0x3C, 0x05, 0x00, 0x00,
	0x2C, 0x00, 0x06, 0x00, 0x0D, 0x00, 0x00, 0x00, 0x3E, 0x05, 0x00, 0x00, 0xA1, 0x00, 0x00, 0x00,
	0xA1, 0x00, 0x00, 0x00, 0xA1, 0x00, 0x00, 0x00, 0x2B, 0x00, 0x04, 0x00, 0x74, 0x00, 0x00, 0x00,
	0x54, 0x05, 0x00, 0x00, 0x0B, 0x00, 0x00, 0x00, 0x2B, 0x00, 0x04, 0x00, 0x06, 0x00, 0x00, 0x00,
	0x78, 0x05, 0x00, 0x00, 0x77, 0xBE, 0x7F, 0x3F, 0x2C, 0x00, 0x06, 0x00, 0x0D, 0x00, 0x00, 0x00,
	0x7A, 0x05, 0x00, 0x00, 0xA1, 0x00, 0x00, 0x00, 0xB3, 0x00, 0x00, 0x00, 0xB3, 0x00, 0x00, 0x00,
	0x2B, 0x00, 0x04, 0x00, 0x74, 0x00, 0x00, 0x00, 0xB8, 0x05, 0x00, 0x00, 0x0A, 0x00, 0x00, 0x00,
	0x2B, 0x00, 0x04, 0x00, 0x06, 0x00, 0x00, 0x00, 0xF5, 0x05, 0x00, 0x00, 0x00, 0x00, 0x80, 0x40,
	0x2B, 0x00, 0x04, 0x00, 0x06, 0x00, 0x00, 0x00, 0x0C, 0x06, 0x00, 0x00, 0xD0, 0xB3, 0x59, 0x3E,
	0x2B, 0x00, 0x04, 0x00, 0x06, 0x00, 0x00, 0x00, 0x0D, 0x06, 0x00, 0x00, 0x59, 0x17, 0x37, 0x3F,
	0x2B, 0x00, 0x04, 0x00, 0x06, 0x00, 0x00, 0x00, 0x0E, 0x06, 0x00, 0x00, 0x98, 0xDD, 0x93, 0x3D,
	0x2C, 0x00, 0x06, 0x00, 0x0D, 0x00, 0x00, 0x00, 0x0F, 0x06, 0x00, 0x00, 0x0C, 0x06, 0x00, 0x00,
	0x0D, 0x06, 0x00, 0x00, 0x0E, 0x06, 0x00, 0x00, 0x2C, 0x00, 0x06, 0x00, 0x0D, 0x00, 0x00, 0x00,
	0x1F, 0x06, 0x00, 0x00, 0xB3, 0x00, 0x00, 0x00, 0xB3, 0x00, 0x00, 0x00, 0xB3, 0x00, 0x00, 0x00,
	0x36, 0x00, 0x05, 0x00, 0x02, 0x00, 0x00, 0x00, 0x04, 0x00, 0x00, 0x00, 0x00, 0x00, 0x00, 0x00,
	0x03, 0x00, 0x00, 0x00, 0xF8, 0x00, 0x02, 0x00, 0x05, 0x00, 0x00, 0x00, 0x3B, 0x00, 0x04, 0x00,
	0x37, 0x00, 0x00, 0x00, 0xFA, 0x03, 0x00, 0x00, 0x07, 0x00, 0x00, 0x00, 0x3B, 0x00, 0x04, 0x00,
	0x37, 0x00, 0x00, 0x00, 0x05, 0x04, 0x00, 0x00, 0x07, 0x00, 0x00, 0x00, 0x3B, 0x00, 0x04, 0x00,
	0x07, 0x00, 0x00, 0x00, 0x0F, 0x04, 0x00, 0x00, 0x07, 0x00, 0x00, 0x00, 0x3B, 0x00, 0x04, 0x00,
	0x29, 0x04, 0x00, 0x00, 0x2A, 0x04, 0x00, 0x00, 0x07, 0x00, 0x00, 0x00, 0x3B, 0x00, 0x04, 0x00,
	0x29, 0x04, 0x00, 0x00, 0x33, 0x04, 0x00, 0x00, 0x07, 0x00, 0x00, 0x00, 0x3B, 0x00, 0x04, 0x00,
	0x0E, 0x00, 0x00, 0x00, 0x41, 0x04, 0x00, 0x00, 0x07, 0x00, 0x00, 0x00, 0x3B, 0x00, 0x04, 0x00,
	0x0E, 0x00, 0x00, 0x00, 0x44, 0x04, 0x00, 0x00, 0x07, 0x00, 0x00, 0x00, 0x3B, 0x00, 0x04, 0x00,
	0x07, 0x00, 0x00, 0x00, 0x46, 0x04, 0x00, 0x00, 0x07, 0x00, 0x00, 0x00, 0x3B, 0x00, 0x04, 0x00,
	0x07, 0x00, 0x00, 0x00, 0x47, 0x04, 0x00, 0x00, 0x07, 0x00, 0x00, 0x00, 0x3B, 0x00, 0x04, 0x00,
	0x07, 0x00, 0x00, 0x00, 0x57, 0x04, 0x00, 0x00, 0x07, 0x00, 0x00, 0x00, 0x3B, 0x00, 0x04, 0x00,
	0x29, 0x04, 0x00, 0x00, 0x64, 0x04, 0x00, 0x00, 0x07, 0x00, 0x00, 0x00, 0x3B, 0x00, 0x04, 0x00,
	0x0E, 0x00, 0x00, 0x00, 0x70, 0x04, 0x00, 0x00, 0x07, 0x00, 0x00, 0x00, 0x3B, 0x00, 0x04, 0x00,
	0x0E, 0x00, 0x00, 0x00, 0x86, 0x04, 0x00, 0x00, 0x07, 0x00, 0x00, 0x00, 0x3B, 0x00, 0x04, 0x00,
	0x0E, 0x00, 0x00, 0x00, 0xAD, 0x04, 0x00, 0x00, 0x07, 0x00, 0x00, 0x00, 0x3B, 0x00, 0x04, 0x00,
	0x0E, 0x00, 0x00, 0x00, 0xB5, 0x04, 0x00, 0x00, 0x07, 0x00, 0x00, 0x00, 0x3B, 0x00, 0x04, 0x00,
	0x0E, 0x00, 0x00, 0x00, 0xB7, 0x04, 0x00, 0x00, 0x07, 0x00, 0x00, 0x00, 0x3B, 0x00, 0x04, 0x00,
	0x07, 0x00, 0x00, 0x00, 0xB9, 0x04, 0x00, 0x00, 0x07, 0x00, 0x00, 0x00, 0x3B, 0x00, 0x04, 0x00,
	0x07, 0x00, 0x00, 0x00, 0xC7, 0x04, 0x00, 0x00, 0x07, 0x00, 0x00, 0x00, 0x3B, 0x00, 0x04, 0x00,
	0x07, 0x00, 0x00, 0x00, 0xDB, 0x04, 0x00, 0x00, 0x07, 0x00, 0x00, 0x00, 0x3B, 0x00, 0x04, 0x00,
	0x0E, 0x00, 0x00, 0x00, 0xE3, 0x04, 0x00, 0x00, 0x07, 0x00, 0x00, 0x00, 0x3B, 0x00, 0x04, 0x00,
	0x07, 0x00, 0x00, 0x00, 0xF4, 0x04, 0x00, 0x00, 0x07, 0x00, 0x00, 0x00, 0x3B, 0x00, 0x04, 0x00,
	0x0E, 0x00, 0x00, 0x00, 0x04, 0x05, 0x00, 0x00, 0x07, 0x00, 0x00, 0x00, 0x3B, 0x00, 0x04, 0x00,
	0x0E, 0x00, 0x00, 0x00, 0x33, 0x05, 0x00, 0x00, 0x07, 0x00, 0x00, 0x00, 0x3B, 0x00, 0x04, 0x00,
	0x0E, 0x00, 0x00, 0x00, 0x3B, 0x05, 0x00, 0x00, 0x07, 0x00, 0x00, 0x00, 0x3B, 0x00, 0x04, 0x00,
	0x07, 0x00, 0x00, 0x00, 0x42, 0x05, 0x00, 0x00, 0x07, 0x00, 0x00, 0x00, 0x3B, 0x00, 0x04, 0x00,
	0x07, 0x00, 0x00, 0x00, 0x47, 0x05, 0x00, 0x00, 0x07, 0x00, 0x00, 0x00, 0x3B, 0x00, 0x04, 0x00,
	0x0E, 0x00, 0x00, 0x00, 0x49, 0x05, 0x00, 0x00, 0x07, 0x00, 0x00, 0x00, 0x3B, 0x00, 0x04, 0x00,
	0x07, 0x00, 0x00, 0x00, 0x53, 0x05, 0x00, 0x00, 0x07, 0x00, 0x00, 0x00, 0x3B, 0x00, 0x04, 0x00,
	0x07, 0x00, 0x00, 0x00, 0x5A, 0x05, 0x00, 0x00, 0x07, 0x00, 0x00, 0x00, 0x3B, 0x00, 0x04, 0x00,
	0x07, 0x00, 0x00, 0x00, 0x69, 0x05, 0x00, 0x00, 0x07, 0x00, 0x00, 0x00, 0x3B, 0x00, 0x04, 0x00,
	0x0E, 0x00, 0x00, 0x00, 0x74, 0x05, 0x00, 0x00, 0x07, 0x00, 0x00, 0x00, 0x3B, 0x00, 0x04, 0x00,
	0x0E, 0x00, 0x00, 0x00, 0x7C, 0x05, 0x00, 0x00, 0x07, 0x00, 0x00, 0x00, 0x3B, 0x00, 0x04, 0x00,
	0x07, 0x00, 0x00, 0x00, 0x80, 0x05, 0x00, 0x00, 0x07, 0x00, 0x00, 0x00, 0x3B, 0x00, 0x04, 0x00,
	0x0E, 0x00, 0x00, 0x00, 0x8B, 0x05, 0x00, 0x00, 0x07, 0x00, 0x00, 0x00, 0x3B, 0x00, 0x04, 0x00,
	0x85, 0x00, 0x00, 0x00, 0x8F, 0x05, 0x00, 0x00, 0x07, 0x00, 0x00, 0x00, 0x3B, 0x00, 0x04, 0x00,
	0x37, 0x00, 0x00, 0x00, 0xA0, 0x05, 0x00, 0x00, 0x07, 0x00, 0x00, 0x00, 0x3B, 0x00, 0x04, 0x00,
	0x1F, 0x00, 0x00, 0x00, 0xA4, 0x05, 0x00, 0x00, 0x07, 0x00, 0x00, 0x00, 0x3B, 0x00, 0x04, 0x00,
	0x07, 0x00, 0x00, 0x00, 0xB2, 0x05, 0x00, 0x00, 0x07, 0x00, 0x00, 0x00, 0x3B, 0x00, 0x04, 0x00,
	0x87, 0x00, 0x00, 0x00, 0xB7, 0x05, 0x00, 0x00, 0x07, 0x00, 0x00, 0x00, 0x3B, 0x00, 0x04, 0x00,
	0x07, 0x00, 0x00, 0x00, 0xD1, 0x05, 0x00, 0x00, 0x07, 0x00, 0x00, 0x00, 0x3B, 0x00, 0x04, 0x00,
	0x07, 0x00, 0x00, 0x00, 0xD2, 0x05, 0x00, 0x00, 0x07, 0x00, 0x00, 0x00, 0x3B, 0x00, 0x04, 0x00,
	0x07, 0x00, 0x00, 0x00, 0xD3, 0x05, 0x00, 0x00, 0x07, 0x00, 0x00, 0x00, 0x3B, 0x00, 0x04, 0x00,
	0x85, 0x00, 0x00, 0x00, 0xD4, 0x05, 0x00, 0x00, 0x07, 0x00, 0x00, 0x00, 0x3B, 0x00, 0x04, 0x00,
	0x0E, 0x00, 0x00, 0x00, 0xD6, 0x05, 0x00, 0x00, 0x07, 0x00, 0x00, 0x00, 0x3B, 0x00, 0x04, 0x00,
	0x37, 0x00, 0x00, 0x00, 0xD8, 0x05, 0x00, 0x00, 0x07, 0x00, 0x00, 0x00, 0x3B, 0x00, 0x04, 0x00,
	0x1F, 0x00, 0x00, 0x00, 0xDA, 0x05, 0x00, 0x00, 0x07, 0x00, 0x00, 0x00, 0x3B, 0x00, 0x04, 0x00,
	0x07, 0x00, 0x00, 0x00, 0xDC, 0x05, 0x00, 0x00, 0x07, 0x00, 0x00, 0x00, 0x3B, 0x00, 0x04, 0x00,
	0x87, 0x00, 0x00, 0x00, 0xDE, 0x05, 0x00, 0x00, 0x07, 0x00, 0x00, 0x00, 0x3B, 0x00, 0x04, 0x00,
	0x07, 0x00, 0x00, 0x00, 0xE0, 0x05, 0x00, 0x00, 0x07, 0x00, 0x00, 0x00, 0x3B, 0x00, 0x04, 0x00,
	0x07, 0x00, 0x00, 0x00, 0xE1, 0x05, 0x00, 0x00, 0x07, 0x00, 0x00, 0x00, 0x3B, 0x00, 0x04, 0x00,
	0x07, 0x00, 0x00, 0x00, 0xE5, 0x05, 0x00, 0x00, 0x07, 0x00, 0x00, 0x00, 0x3B, 0x00, 0x04, 0x00,
	0x07, 0x00, 0x00, 0x00, 0xEA, 0x05, 0x00, 0x00, 0x07, 0x00, 0x00, 0x00, 0x3B, 0x00, 0x04, 0x00,
	0x07, 0x00, 0x00, 0x00, 0xEB, 0x05, 0x00, 0x00, 0x07, 0x00, 0x00, 0x00, 0x3B, 0x00, 0x04, 0x00,
	0x07, 0x00, 0x00, 0x00, 0xED, 0x05, 0x00, 0x00, 0x07, 0x00, 0x00, 0x00, 0x3B, 0x00, 0x04, 0x00,
	0x07, 0x00, 0x00, 0x00, 0xF1, 0x05, 0x00, 0x00, 0x07, 0x00, 0x00, 0x00, 0x3B, 0x00, 0x04, 0x00,
	0x07, 0x00, 0x00, 0x00, 0x02, 0x06, 0x00, 0x00, 0x07, 0x00, 0x00, 0x00, 0x3B, 0x00, 0x04, 0x00,
	0x07, 0x00, 0x00, 0x00, 0x0A, 0x06, 0x00, 0x00, 0x07, 0x00, 0x00, 0x00, 0x41, 0x00, 0x05, 0x00,
	0x00, 0x04, 0x00, 0x00, 0x01, 0x04, 0x00, 0x00, 0xFF, 0x03, 0x00, 0x00, 0xD8, 0x03, 0x00, 0x00,
	0x3D, 0x00, 0x04, 0x00, 0xFB, 0x03, 0x00, 0x00, 0x02, 0x04, 0x00, 0x00, 0x01, 0x04, 0x00, 0x00,
	0x4F, 0x00, 0x07, 0x00, 0x14, 0x00, 0x00, 0x00, 0x03, 0x04, 0x00, 0x00, 0x02, 0x04, 0x00, 0x00,
	0x02, 0x04, 0x00, 0x00, 0x00, 0x00, 0x00, 0x00, 0x01, 0x00, 0x00, 0x00, 0x0C, 0x00, 0x07, 0x00,
	0x14, 0x00, 0x00, 0x00, 0x04, 0x04, 0x00, 0x00, 0x01, 0x00, 0x00, 0x00, 0x28, 0x00, 0x00, 0x00,
	0x03, 0x04, 0x00, 0x00, 0x58, 0x02, 0x00, 0x00, 0x3E, 0x00, 0x03, 0x00, 0xFA, 0x03, 0x00, 0x00,
	0x04, 0x04, 0x00, 0x00, 0x3D, 0x00, 0x04, 0x00, 0x06, 0x04, 0x00, 0x00, 0x09, 0x04, 0x00, 0x00,
	0x08, 0x04, 0x00, 0x00, 0x4F, 0x00, 0x07, 0x00, 0x2D, 0x00, 0x00, 0x00, 0x0A, 0x04, 0x00, 0x00,
	0x09, 0x04, 0x00, 0x00, 0x09, 0x04, 0x00, 0x00, 0x00, 0x00, 0x00, 0x00, 0x01, 0x00, 0x00, 0x00,
	0x70, 0x00, 0x04, 0x00, 0x14, 0x00, 0x00, 0x00, 0x0B, 0x04, 0x00, 0x00, 0x0A, 0x04, 0x00, 0x00,
	0x81, 0x00, 0x05, 0x00, 0x14, 0x00, 0x00, 0x00, 0x0C, 0x04, 0x00, 0x00, 0x0B, 0x04, 0x00, 0x00,
	0x56, 0x02, 0x00, 0x00, 0x3D, 0x00, 0x04, 0x00, 0x14, 0x00, 0x00, 0x00, 0x0D, 0x04, 0x00, 0x00,
	0xFA, 0x03, 0x00, 0x00, 0x88, 0x00, 0x05, 0x00, 0x14, 0x00, 0x00, 0x00, 0x0E, 0x04, 0x00, 0x00,
	0x0C, 0x04, 0x00, 0x00, 0x0D, 0x04, 0x00, 0x00, 0x3E, 0x00, 0x03, 0x00, 0x05, 0x04, 0x00, 0x00,
	0x0E, 0x04, 0x00, 0x00, 0x3D, 0x00, 0x04, 0x00, 0x11, 0x04, 0x00, 0x00, 0x14, 0x04, 0x00, 0x00,
	0x13, 0x04, 0x00, 0x00, 0x3D, 0x00, 0x04, 0x00, 0x14, 0x00, 0x00, 0x00, 0x15, 0x04, 0x00, 0x00,
	0x05, 0x04, 0x00, 0x00, 0x58, 0x00, 0x07, 0x00, 0xFB, 0x03, 0x00, 0x00, 0x16, 0x04, 0x00, 0x00,
	0x14, 0x04, 0x00, 0x00, 0x15, 0x04, 0x00, 0x00, 0x02, 0x00, 0x00, 0x00, 0xB3, 0x00, 0x00, 0x00,
	0x51, 0x00, 0x05, 0x00, 0x06, 0x00, 0x00, 0x00, 0x17, 0x04, 0x00, 0x00, 0x16, 0x04, 0x00, 0x00,
	0x00, 0x00, 0x00, 0x00, 0x3E, 0x00, 0x03, 0x00, 0x0F, 0x04, 0x00, 0x00, 0x17, 0x04, 0x00, 0x00,
	0x3D, 0x00, 0x04, 0x00, 0x06, 0x00, 0x00, 0x00, 0x18, 0x04, 0x00, 0x00, 0x0F, 0x04, 0x00, 0x00,
	0xBC, 0x00, 0x05, 0x00, 0xFC, 0x02, 0x00, 0x00, 0x19, 0x04, 0x00, 0x00, 0x18, 0x04, 0x00, 0x00,
	0xB3, 0x00, 0x00, 0x00, 0x3D, 0x00, 0x04, 0x00, 0x06, 0x00, 0x00, 0x00, 0x1A, 0x04, 0x00, 0x00,
	0x0F, 0x04, 0x00, 0x00, 0xBE, 0x00, 0x05, 0x00, 0xFC, 0x02, 0x00, 0x00, 0x1B, 0x04, 0x00, 0x00,
	0x1A, 0x04, 0x00, 0x00, 0xA1, 0x00, 0x00, 0x00, 0xA6, 0x00, 0x05, 0x00, 0xFC, 0x02, 0x00, 0x00,
	0x1C, 0x04, 0x00, 0x00, 0x19, 0x04, 0x00, 0x00, 0x1B, 0x04, 0x00, 0x00, 0xF7, 0x00, 0x03, 0x00,
	0x1E, 0x04, 0x00, 0x00, 0x00, 0x00, 0x00, 0x00, 0xFA, 0x00, 0x04, 0x00, 0x1C, 0x04, 0x00, 0x00,
	0x1D, 0x04, 0x00, 0x00, 0x1E, 0x04, 0x00, 0x00, 0xF8, 0x00, 0x02, 0x00, 0x1D, 0x04, 0x00, 0x00,
	0x3D, 0x00, 0x04, 0x00, 0x1F, 0x04, 0x00, 0x00, 0x22, 0x04, 0x00, 0x00, 0x21, 0x04, 0x00, 0x00,
	0x3D, 0x00, 0x04, 0x00, 0x06, 0x04, 0x00, 0x00, 0x23, 0x04, 0x00, 0x00, 0x08, 0x04, 0x00, 0x00,
	0x4F, 0x00, 0x07, 0x00, 0x2D, 0x00, 0x00, 0x00, 0x24, 0x04, 0x00, 0x00, 0x23, 0x04, 0x00, 0x00,
	0x23, 0x04, 0x00, 0x00, 0x00, 0x00, 0x00, 0x00, 0x01, 0x00, 0x00, 0x00, 0x7C, 0x00, 0x04, 0x00,
	0x25, 0x04, 0x00, 0x00, 0x26, 0x04, 0x00, 0x00, 0x24, 0x04, 0x00, 0x00, 0x63, 0x00, 0x04, 0x00,
	0x22, 0x04, 0x00, 0x00, 0x26, 0x04, 0x00, 0x00, 0x27, 0x04, 0x00, 0x00, 0xFD, 0x00, 0x01, 0x00,
	0xF8, 0x00, 0x02, 0x00, 0x1E, 0x04, 0x00, 0x00, 0x3D, 0x00, 0x04, 0x00, 0x14, 0x00, 0x00, 0x00,
	0x2B, 0x04, 0x00, 0x00, 0x05, 0x04, 0x00, 0x00, 0x8E, 0x00, 0x05, 0x00, 0x14, 0x00, 0x00, 0x00,
	0x2C, 0x04, 0x00, 0x00, 0x2B, 0x04, 0x00, 0x00, 0x69, 0x01, 0x00, 0x00, 0x50, 0x00, 0x05, 0x00,
	0x14, 0x00, 0x00, 0x00, 0x2D, 0x04, 0x00, 0x00, 0xA1, 0x00, 0x00, 0x00, 0xA1, 0x00, 0x00, 0x00,
	0x83, 0x00, 0x05, 0x00, 0x14, 0x00, 0x00, 0x00, 0x2E, 0x04, 0x00, 0x00, 0x2C, 0x04, 0x00, 0x00,
	0x2D, 0x04, 0x00, 0x00, 0x3D, 0x00, 0x04, 0x00, 0x06, 0x00, 0x00, 0x00, 0x2F, 0x04, 0x00, 0x00,
	0x0F, 0x04, 0x00, 0x00, 0x51, 0x00, 0x05, 0x00, 0x06, 0x00, 0x00, 0x00, 0x30, 0x04, 0x00, 0x00,
	0x2E, 0x04, 0x00, 0x00, 0x00, 0x00, 0x00, 0x00, 0x51, 0x00, 0x05, 0x00, 0x06, 0x00, 0x00, 0x00,
	0x31, 0x04, 0x00, 0x00, 0x2E, 0x04, 0x00, 0x00, 0x01, 0x00, 0x00, 0x00, 0x50, 0x00, 0x07, 0x00,
	0xFB, 0x03, 0x00, 0x00, 0x32, 0x04, 0x00, 0x00, 0x30, 0x04, 0x00, 0x00, 0x31, 0x04, 0x00, 0x00,
	0x2F, 0x04, 0x00, 0x00, 0xA1, 0x00, 0x00, 0x00, 0x3E, 0x00, 0x03, 0x00, 0x2A, 0x04, 0x00, 0x00,
	0x32, 0x04, 0x00, 0x00, 0x41, 0x00, 0x05, 0x00, 0x34, 0x04, 0x00, 0x00, 0x35, 0x04, 0x00, 0x00,
	0xFF, 0x03, 0x00, 0x00, 0xF8, 0x00, 0x00, 0x00, 0x3D, 0x00, 0x04, 0x00, 0xFC, 0x03, 0x00, 0x00,
	0x36, 0x04, 0x00, 0x00, 0x35, 0x04, 0x00, 0x00, 0x3D, 0x00, 0x04, 0x00, 0xFB, 0x03, 0x00, 0x00,
	0x37, 0x04, 0x00, 0x00, 0x2A, 0x04, 0x00, 0x00, 0x91, 0x00, 0x05, 0x00, 0xFB, 0x03, 0x00, 0x00,
	0x38, 0x04, 0x00, 0x00, 0x36, 0x04, 0x00, 0x00, 0x37, 0x04, 0x00, 0x00, 0x3E, 0x00, 0x03, 0x00,
	0x33, 0x04, 0x00, 0x00, 0x38, 0x04, 0x00, 0x00, 0x41, 0x00, 0x05, 0x00, 0x07, 0x00, 0x00, 0x00,
	0x3A, 0x04, 0x00, 0x00, 0x33, 0x04, 0x00, 0x00, 0x39, 0x04, 0x00, 0x00, 0x3D, 0x00, 0x04, 0x00,
	0x06, 0x00, 0x00, 0x00, 0x3B, 0x04, 0x00, 0x00, 0x3A, 0x04, 0x00, 0x00, 0x0C, 0x00, 0x06, 0x00,
	0x06, 0x00, 0x00, 0x00, 0x3C, 0x04, 0x00, 0x00, 0x01, 0x00, 0x00, 0x00, 0x04, 0x00, 0x00, 0x00,
	0x3B, 0x04, 0x00, 0x00, 0x0C, 0x00, 0x07, 0x00, 0x06, 0x00, 0x00, 0x00, 0x3D, 0x04, 0x00, 0x00,
	0x01, 0x00, 0x00, 0x00, 0x28, 0x00, 0x00, 0x00, 0x3C, 0x04, 0x00, 0x00, 0x97, 0x00, 0x00, 0x00,
	0x3D, 0x00, 0x04, 0x00, 0xFB, 0x03, 0x00, 0x00, 0x3E, 0x04, 0x00, 0x00, 0x33, 0x04, 0x00, 0x00,
	0x50, 0x00, 0x07, 0x00, 0xFB, 0x03, 0x00, 0x00, 0x3F, 0x04, 0x00, 0x00, 0x3D, 0x04, 0x00, 0x00,
	0x3D, 0x04, 0x00, 0x00, 0x3D, 0x04, 0x00, 0x00, 0x3D, 0x04, 0x00, 0x00, 0x88, 0x00, 0x05, 0x00,
	0xFB, 0x03, 0x00, 0x00, 0x40, 0x04, 0x00, 0x00, 0x3E, 0x04, 0x00, 0x00, 0x3F, 0x04, 0x00, 0x00,
	0x3E, 0x00, 0x03, 0x00, 0x33, 0x04, 0x00, 0x00, 0x40, 0x04, 0x00, 0x00, 0x3D, 0x00, 0x04, 0x00,
	0xFB, 0x03, 0x00, 0x00, 0x42, 0x04, 0x00, 0x00, 0x33, 0x04, 0x00, 0x00, 0x4F, 0x00, 0x08, 0x00,
	0x0D, 0x00, 0x00, 0x00, 0x43, 0x04, 0x00, 0x00, 0x42, 0x04, 0x00, 0x00, 0x42, 0x04, 0x00, 0x00,
	0x00, 0x00, 0x00, 0x00, 0x01, 0x00, 0x00, 0x00, 0x02, 0x00, 0x00, 0x00, 0x3E, 0x00, 0x03, 0x00,
	0x41, 0x04, 0x00, 0x00, 0x43, 0x04, 0x00, 0x00, 0x3E, 0x00, 0x03, 0x00, 0x44, 0x04, 0x00, 0x00,
	0x45, 0x04, 0x00, 0x00, 0x3E, 0x00, 0x03, 0x00, 0x46, 0x04, 0x00, 0x00, 0xDC, 0x00, 0x00, 0x00,
	0x3E, 0x00, 0x03, 0x00, 0x47, 0x04, 0x00, 0x00, 0xB3, 0x00, 0x00, 0x00, 0x41, 0x00, 0x06, 0x00,
	0x49, 0x04, 0x00, 0x00, 0x4A, 0x04, 0x00, 0x00, 0xFF, 0x03, 0x00, 0x00, 0x48, 0x04, 0x00, 0x00,
	0xBD, 0x00, 0x00, 0x00, 0x3D, 0x00, 0x04, 0x00, 0x06, 0x00, 0x00, 0x00, 0x4B, 0x04, 0x00, 0x00,
	0x4A, 0x04, 0x00, 0x00, 0xBA, 0x00, 0x05, 0x00, 0xFC, 0x02, 0x00, 0x00, 0x4C, 0x04, 0x00, 0x00,
	0x4B, 0x04, 0x00, 0x00, 0xDC, 0x00, 0x00, 0x00, 0xF7, 0x00, 0x03, 0x00, 0x4E, 0x04, 0x00, 0x00,
	0x00, 0x00, 0x00, 0x00, 0xFA, 0x00, 0x04, 0x00, 0x4C, 0x04, 0x00, 0x00, 0x4D, 0x04, 0x00, 0x00,
	0x4E, 0x04, 0x00, 0x00, 0xF8, 0x00, 0x02, 0x00, 0x4D, 0x04, 0x00, 0x00, 0x3D, 0x00, 0x04, 0x00,
	0x11, 0x04, 0x00, 0x00, 0x50, 0x04, 0x00, 0x00, 0x4F, 0x04, 0x00, 0x00, 0x3D, 0x00, 0x04, 0x00,
	0x14, 0x00, 0x00, 0x00, 0x51, 0x04, 0x00, 0x00, 0x05, 0x04, 0x00, 0x00, 0x58, 0x00, 0x07, 0x00,
	0xFB, 0x03, 0x00, 0x00, 0x52, 0x04, 0x00, 0x00, 0x50, 0x04, 0x00, 0x00, 0x51, 0x04, 0x00, 0x00,
	0x02, 0x00, 0x00, 0x00, 0xB3, 0x00, 0x00, 0x00, 0x4F, 0x00, 0x08, 0x00, 0x0D, 0x00, 0x00, 0x00,
	0x53, 0x04, 0x00, 0x00, 0x52, 0x04, 0x00, 0x00, 0x52, 0x04, 0x00, 0x00, 0x00, 0x00, 0x00, 0x00,
	0x01, 0x00, 0x00, 0x00, 0x02, 0x00, 0x00, 0x00, 0x8E, 0x00, 0x05, 0x00, 0x0D, 0x00, 0x00, 0x00,
	0x54, 0x04, 0x00, 0x00, 0x53, 0x04, 0x00, 0x00, 0x69, 0x01, 0x00, 0x00, 0x50, 0x00, 0x06, 0x00,
	0x0D, 0x00, 0x00, 0x00, 0x55, 0x04, 0x00, 0x00, 0xA1, 0x00, 0x00, 0x00, 0xA1, 0x00, 0x00, 0x00,
	0xA1, 0x00, 0x00, 0x00, 0x83, 0x00, 0x05, 0x00, 0x0D, 0x00, 0x00, 0x00, 0x56, 0x04, 0x00, 0x00,
	0x54, 0x04, 0x00, 0x00, 0x55, 0x04, 0x00, 0x00, 0x3E, 0x00, 0x03, 0x00, 0x44, 0x04, 0x00, 0x00,
	0x56, 0x04, 0x00, 0x00, 0x3D, 0x00, 0x04, 0x00, 0x0D, 0x00, 0x00, 0x00, 0x58, 0x04, 0x00, 0x00,
	0x44, 0x04, 0x00, 0x00, 0x0C, 0x00, 0x06, 0x00, 0x06, 0x00, 0x00, 0x00, 0x59, 0x04, 0x00, 0x00,
	0x01, 0x00, 0x00, 0x00, 0x42, 0x00, 0x00, 0x00, 0x58, 0x04, 0x00, 0x00, 0x3E, 0x00, 0x03, 0x00,
	0x57, 0x04, 0x00, 0x00, 0x59, 0x04, 0x00, 0x00, 0x3D, 0x00, 0x04, 0x00, 0x06, 0x00, 0x00, 0x00,
	0x5A, 0x04, 0x00, 0x00, 0x57, 0x04, 0x00, 0x00, 0xBA, 0x00, 0x05, 0x00, 0xFC, 0x02, 0x00, 0x00,
	0x5C, 0x04, 0x00, 0x00, 0x5A, 0x04, 0x00, 0x00, 0x5B, 0x04, 0x00, 0x00, 0xF7, 0x00, 0x03, 0x00,
	0x5E, 0x04, 0x00, 0x00, 0x00, 0x00, 0x00, 0x00, 0xFA, 0x00, 0x04, 0x00, 0x5C, 0x04, 0x00, 0x00,
	0x5D, 0x04, 0x00, 0x00, 0x63, 0x04, 0x00, 0x00, 0xF8, 0x00, 0x02, 0x00, 0x5D, 0x04, 0x00, 0x00,
	0x3D, 0x00, 0x04, 0x00, 0x06, 0x00, 0x00, 0x00, 0x5F, 0x04, 0x00, 0x00, 0x57, 0x04, 0x00, 0x00,
	0x3D, 0x00, 0x04, 0x00, 0x0D, 0x00, 0x00, 0x00, 0x60, 0x04, 0x00, 0x00, 0x44, 0x04, 0x00, 0x00,
	0x50, 0x00, 0x06, 0x00, 0x0D, 0x00, 0x00, 0x00, 0x61, 0x04, 0x00, 0x00, 0x5F, 0x04, 0x00, 0x00,
	0x5F, 0x04, 0x00, 0x00, 0x5F, 0x04, 0x00, 0x00, 0x88, 0x00, 0x05, 0x00, 0x0D, 0x00, 0x00, 0x00,
	0x62, 0x04, 0x00, 0x00, 0x60, 0x04, 0x00, 0x00, 0x61, 0x04, 0x00, 0x00, 0x3E, 0x00, 0x03, 0x00,
	0x44, 0x04, 0x00, 0x00, 0x62, 0x04, 0x00, 0x00, 0xF9, 0x00, 0x02, 0x00, 0x5E, 0x04, 0x00, 0x00,
	0xF8, 0x00, 0x02, 0x00, 0x63, 0x04, 0x00, 0x00, 0x3E, 0x00, 0x03, 0x00, 0x44, 0x04, 0x00, 0x00,
	0x45, 0x04, 0x00, 0x00, 0xF9, 0x00, 0x02, 0x00, 0x5E, 0x04, 0x00, 0x00, 0xF8, 0x00, 0x02, 0x00,
	0x5E, 0x04, 0x00, 0x00, 0x3D, 0x00, 0x04, 0x00, 0x11, 0x04, 0x00, 0x00, 0x66, 0x04, 0x00, 0x00,
	0x65, 0x04, 0x00, 0x00, 0x3D, 0x00, 0x04, 0x00, 0x14, 0x00, 0x00, 0x00, 0x67, 0x04, 0x00, 0x00,
	0x05, 0x04, 0x00, 0x00, 0x58, 0x00, 0x07, 0x00, 0xFB, 0x03, 0x00, 0x00, 0x68, 0x04, 0x00, 0x00,
	0x66, 0x04, 0x00, 0x00, 0x67, 0x04, 0x00, 0x00, 0x02, 0x00, 0x00, 0x00, 0xB3, 0x00, 0x00, 0x00,
	0x3E, 0x00, 0x03, 0x00, 0x64, 0x04, 0x00, 0x00, 0x68, 0x04, 0x00, 0x00, 0x41, 0x00, 0x05, 0x00,
	0x07, 0x00, 0x00, 0x00, 0x69, 0x04, 0x00, 0x00, 0x64, 0x04, 0x00, 0x00, 0xFC, 0x00, 0x00, 0x00,
	0x3D, 0x00, 0x04, 0x00, 0x06, 0x00, 0x00, 0x00, 0x6A, 0x04, 0x00, 0x00, 0x69, 0x04, 0x00, 0x00,
	0x0C, 0x00, 0x08, 0x00, 0x06, 0x00, 0x00, 0x00, 0x6B, 0x04, 0x00, 0x00, 0x01, 0x00, 0x00, 0x00,
	0x2B, 0x00, 0x00, 0x00, 0x6A, 0x04, 0x00, 0x00, 0xB3, 0x00, 0x00, 0x00, 0xA1, 0x00, 0x00, 0x00,
	0x3E, 0x00, 0x03, 0x00, 0x47, 0x04, 0x00, 0x00, 0x6B, 0x04, 0x00, 0x00, 0x41, 0x00, 0x05, 0x00,
	0x07, 0x00, 0x00, 0x00, 0x6C, 0x04, 0x00, 0x00, 0x64, 0x04, 0x00, 0x00, 0xF5, 0x00, 0x00, 0x00,
	0x3D, 0x00, 0x04, 0x00, 0x06, 0x00, 0x00, 0x00, 0x6D, 0x04, 0x00, 0x00, 0x6C, 0x04, 0x00, 0x00,
	0x0C, 0x00, 0x08, 0x00, 0x06, 0x00, 0x00, 0x00, 0x6F, 0x04, 0x00, 0x00, 0x01, 0x00, 0x00, 0x00,
	0x2B, 0x00, 0x00, 0x00, 0x6D, 0x04, 0x00, 0x00, 0x6E, 0x04, 0x00, 0x00, 0xA1, 0x00, 0x00, 0x00,
	0x3E, 0x00, 0x03, 0x00, 0x46, 0x04, 0x00, 0x00, 0x6F, 0x04, 0x00, 0x00, 0xF9, 0x00, 0x02, 0x00,
	0x4E, 0x04, 0x00, 0x00, 0xF8, 0x00, 0x02, 0x00, 0x4E, 0x04, 0x00, 0x00, 0x41, 0x00, 0x05, 0x00,
	0x00, 0x04, 0x00, 0x00, 0x71, 0x04, 0x00, 0x00, 0xFF, 0x03, 0x00, 0x00, 0xD0, 0x03, 0x00, 0x00,
	0x3D, 0x00, 0x04, 0x00, 0xFB, 0x03, 0x00, 0x00, 0x72, 0x04, 0x00, 0x00, 0x71, 0x04, 0x00, 0x00,
	0x4F, 0x00, 0x08, 0x00, 0x0D, 0x00, 0x00, 0x00, 0x73, 0x04, 0x00, 0x00, 0x72, 0x04, 0x00, 0x00,
	0x72, 0x04, 0x00, 0x00, 0x00, 0x00, 0x00, 0x00, 0x01, 0x00, 0x00, 0x00, 0x02, 0x00, 0x00, 0x00,
	0x3D, 0x00, 0x04, 0x00, 0x0D, 0x00, 0x00, 0x00, 0x74, 0x04, 0x00, 0x00, 0x41, 0x04, 0x00, 0x00,
	0x83, 0x00, 0x05, 0x00, 0x0D, 0x00, 0x00, 0x00, 0x75, 0x04, 0x00, 0x00, 0x73, 0x04, 0x00, 0x00,
	0x74, 0x04, 0x00, 0x00, 0x0C, 0x00, 0x06, 0x00, 0x0D, 0x00, 0x00, 0x00, 0x76, 0x04, 0x00, 0x00,
	0x01, 0x00, 0x00, 0x00, 0x45, 0x00, 0x00, 0x00, 0x75, 0x04, 0x00, 0x00, 0x3E, 0x00, 0x03, 0x00,
	0x70, 0x04, 0x00, 0x00, 0x76, 0x04, 0x00, 0x00, 0x3D, 0x00, 0x04, 0x00, 0x0D, 0x00, 0x00, 0x00,
	0x77, 0x04, 0x00, 0x00, 0x70, 0x04, 0x00, 0x00, 0x3D, 0x00, 0x04, 0x00, 0x0D, 0x00, 0x00, 0x00,
	0x78, 0x04, 0x00, 0x00, 0x44, 0x04, 0x00, 0x00, 0x94, 0x00, 0x05, 0x00, 0x06, 0x00, 0x00, 0x00,
	0x79, 0x04, 0x00, 0x00, 0x77, 0x04, 0x00, 0x00, 0x78, 0x04, 0x00, 0x00, 0xBC, 0x00, 0x05, 0x00,
	0xFC, 0x02, 0x00, 0x00, 0x7A, 0x04, 0x00, 0x00, 0x79, 0x04, 0x00, 0x00, 0x11, 0x03, 0x00, 0x00,
	0xF7, 0x00, 0x03, 0x00, 0x7C, 0x04, 0x00, 0x00, 0x00, 0x00, 0x00, 0x00, 0xFA, 0x00, 0x04, 0x00,
	0x7A, 0x04, 0x00, 0x00, 0x7B, 0x04, 0x00, 0x00, 0x7C, 0x04, 0x00, 0x00, 0xF8, 0x00, 0x02, 0x00,
	0x7B, 0x04, 0x00, 0x00, 0x3D, 0x00, 0x04, 0x00, 0x0D, 0x00, 0x00, 0x00, 0x7D, 0x04, 0x00, 0x00,
	0x70, 0x04, 0x00, 0x00, 0x3D, 0x00, 0x04, 0x00, 0x0D, 0x00, 0x00, 0x00, 0x7E, 0x04, 0x00, 0x00,
	0x44, 0x04, 0x00, 0x00, 0x3D, 0x00, 0x04, 0x00, 0x0D, 0x00, 0x00, 0x00, 0x7F, 0x04, 0x00, 0x00,
	0x70, 0x04, 0x00, 0x00, 0x3D, 0x00, 0x04, 0x00, 0x0D, 0x00, 0x00, 0x00, 0x80, 0x04, 0x00, 0x00,
	0x44, 0x04, 0x00, 0x00, 0x94, 0x00, 0x05, 0x00, 0x06, 0x00, 0x00, 0x00, 0x81, 0x04, 0x00, 0x00,
	0x7F, 0x04, 0x00, 0x00, 0x80, 0x04, 0x00, 0x00, 0x83, 0x00, 0x05, 0x00, 0x06, 0x00, 0x00, 0x00,
	0x82, 0x04, 0x00, 0x00, 0x61, 0x01, 0x00, 0x00, 0x81, 0x04, 0x00, 0x00, 0x8E, 0x00, 0x05, 0x00,
	0x0D, 0x00, 0x00, 0x00, 0x83, 0x04, 0x00, 0x00, 0x7E, 0x04, 0x00, 0x00, 0x82, 0x04, 0x00, 0x00,
	0x81, 0x00, 0x05, 0x00, 0x0D, 0x00, 0x00, 0x00, 0x84, 0x04, 0x00, 0x00, 0x7D, 0x04, 0x00, 0x00,
	0x83, 0x04, 0x00, 0x00, 0x0C, 0x00, 0x06, 0x00, 0x0D, 0x00, 0x00, 0x00, 0x85, 0x04, 0x00, 0x00,
	0x01, 0x00, 0x00, 0x00, 0x45, 0x00, 0x00, 0x00, 0x84, 0x04, 0x00, 0x00, 0x3E, 0x00, 0x03, 0x00,
	0x70, 0x04, 0x00, 0x00, 0x85, 0x04, 0x00, 0x00, 0xF9, 0x00, 0x02, 0x00, 0x7C, 0x04, 0x00, 0x00,
	0xF8, 0x00, 0x02, 0x00, 0x7C, 0x04, 0x00, 0x00, 0x3D, 0x00, 0x04, 0x00, 0x0D, 0x00, 0x00, 0x00,
	0x87, 0x04, 0x00, 0x00, 0x70, 0x04, 0x00, 0x00, 0x7F, 0x00, 0x04, 0x00, 0x0D, 0x00, 0x00, 0x00,
	0x88, 0x04, 0x00, 0x00, 0x87, 0x04, 0x00, 0x00, 0x3D, 0x00, 0x04, 0x00, 0x0D, 0x00, 0x00, 0x00,
	0x89, 0x04, 0x00, 0x00, 0x44, 0x04, 0x00, 0x00, 0x0C, 0x00, 0x07, 0x00, 0x0D, 0x00, 0x00, 0x00,
	0x8A, 0x04, 0x00, 0x00, 0x01, 0x00, 0x00, 0x00, 0x47, 0x00, 0x00, 0x00, 0x88, 0x04, 0x00, 0x00,
	0x89, 0x04, 0x00, 0x00, 0x3E, 0x00, 0x03, 0x00, 0x86, 0x04, 0x00, 0x00, 0x8A, 0x04, 0x00, 0x00,
	0x3D, 0x00, 0x04, 0x00, 0x0D, 0x00, 0x00, 0x00, 0x8B, 0x04, 0x00, 0x00, 0x86, 0x04, 0x00, 0x00,
	0x3D, 0x00, 0x04, 0x00, 0x0D, 0x00, 0x00, 0x00, 0x8C, 0x04, 0x00, 0x00, 0x86, 0x04, 0x00, 0x00,
	0xB4, 0x00, 0x05, 0x00, 0x8D, 0x04, 0x00, 0x00, 0x8E, 0x04, 0x00, 0x00, 0x8B, 0x04, 0x00, 0x00,
	0x8C, 0x04, 0x00, 0x00, 0x9B, 0x00, 0x04, 0x00, 0xFC, 0x02, 0x00, 0x00, 0x8F, 0x04, 0x00, 0x00,
	0x8E, 0x04, 0x00, 0x00, 0xA8, 0x00, 0x04, 0x00, 0xFC, 0x02, 0x00, 0x00, 0x90, 0x04, 0x00, 0x00,
	0x8F, 0x04, 0x00, 0x00, 0xA8, 0x00, 0x04, 0x00, 0xFC, 0x02, 0x00, 0x00, 0x91, 0x04, 0x00, 0x00,
	0x90, 0x04, 0x00, 0x00, 0xF7, 0x00, 0x03, 0x00, 0x93, 0x04, 0x00, 0x00, 0x00, 0x00, 0x00, 0x00,
	0xFA, 0x00, 0x04, 0x00, 0x91, 0x04, 0x00, 0x00, 0x92, 0x04, 0x00, 0x00, 0x93, 0x04, 0x00, 0x00,
	0xF8, 0x00, 0x02, 0x00, 0x92, 0x04, 0x00, 0x00, 0x3D, 0x00, 0x04, 0x00, 0x0D, 0x00, 0x00, 0x00,
	0x94, 0x04, 0x00, 0x00, 0x86, 0x04, 0x00, 0x00, 0x3D, 0x00, 0x04, 0x00, 0x0D, 0x00, 0x00, 0x00,
	0x95, 0x04, 0x00, 0x00, 0x86, 0x04, 0x00, 0x00, 0x94, 0x00, 0x05, 0x00, 0x06, 0x00, 0x00, 0x00,
	0x96, 0x04, 0x00, 0x00, 0x94, 0x04, 0x00, 0x00, 0x95, 0x04, 0x00, 0x00, 0xB8, 0x00, 0x05, 0x00,
	0xFC, 0x02, 0x00, 0x00, 0x97, 0x04, 0x00, 0x00, 0x96, 0x04, 0x00, 0x00, 0x29, 0x02, 0x00, 0x00,
	0xF9, 0x00, 0x02, 0x00, 0x93, 0x04, 0x00, 0x00, 0xF8, 0x00, 0x02, 0x00, 0x93, 0x04, 0x00, 0x00,
	0xF5, 0x00, 0x07, 0x00, 0xFC, 0x02, 0x00, 0x00, 0x98, 0x04, 0x00, 0x00, 0x90, 0x04, 0x00, 0x00,
	0x7C, 0x04, 0x00, 0x00, 0x97, 0x04, 0x00, 0x00, 0x92, 0x04, 0x00, 0x00, 0xF7, 0x00, 0x03, 0x00,
	0x9A, 0x04, 0x00, 0x00, 0x00, 0x00, 0x00, 0x00, 0xFA, 0x00, 0x04, 0x00, 0x98, 0x04, 0x00, 0x00,
	0x99, 0x04, 0x00, 0x00, 0x9C, 0x04, 0x00, 0x00, 0xF8, 0x00, 0x02, 0x00, 0x99, 0x04, 0x00, 0x00,
	0x3D, 0x00, 0x04, 0x00, 0x0D, 0x00, 0x00, 0x00, 0x9B, 0x04, 0x00, 0x00, 0x44, 0x04, 0x00, 0x00,
	0x3E, 0x00, 0x03, 0x00, 0x86, 0x04, 0x00, 0x00, 0x9B, 0x04, 0x00, 0x00, 0xF9, 0x00, 0x02, 0x00,
	0x9A, 0x04, 0x00, 0x00, 0xF8, 0x00, 0x02, 0x00, 0x9C, 0x04, 0x00, 0x00, 0x3D, 0x00, 0x04, 0x00,
	0x0D, 0x00, 0x00, 0x00, 0x9D, 0x04, 0x00, 0x00, 0x86, 0x04, 0x00, 0x00, 0x0C, 0x00, 0x06, 0x00,
	0x0D, 0x00, 0x00, 0x00, 0x9E, 0x04, 0x00, 0x00, 0x01, 0x00, 0x00, 0x00, 0x45, 0x00, 0x00, 0x00,
	0x9D, 0x04, 0x00, 0x00, 0x3E, 0x00, 0x03, 0x00, 0x86, 0x04, 0x00, 0x00, 0x9E, 0x04, 0x00, 0x00,
	0xF9, 0x00, 0x02, 0x00, 0x9A, 0x04, 0x00, 0x00, 0xF8, 0x00, 0x02, 0x00, 0x9A, 0x04, 0x00, 0x00,
	0x3D, 0x00, 0x04, 0x00, 0x06, 0x00, 0x00, 0x00, 0x9F, 0x04, 0x00, 0x00, 0x46, 0x04, 0x00, 0x00,
	0x41, 0x00, 0x06, 0x00, 0x49, 0x04, 0x00, 0x00, 0xA1, 0x04, 0x00, 0x00, 0xFF, 0x03, 0x00, 0x00,
	0xA0, 0x04, 0x00, 0x00, 0x39, 0x04, 0x00, 0x00, 0x3D, 0x00, 0x04, 0x00, 0x06, 0x00, 0x00, 0x00,
	0xA2, 0x04, 0x00, 0x00, 0xA1, 0x04, 0x00, 0x00, 0xBE, 0x00, 0x05, 0x00, 0xFC, 0x02, 0x00, 0x00,
	0xA3, 0x04, 0x00, 0x00, 0x9F, 0x04, 0x00, 0x00, 0xA2, 0x04, 0x00, 0x00, 0xF7, 0x00, 0x03, 0x00,
	0xA5, 0x04, 0x00, 0x00, 0x00, 0x00, 0x00, 0x00, 0xFA, 0x00, 0x04, 0x00, 0xA3, 0x04, 0x00, 0x00,
	0xA4, 0x04, 0x00, 0x00, 0xA5, 0x04, 0x00, 0x00, 0xF8, 0x00, 0x02, 0x00, 0xA4, 0x04, 0x00, 0x00,
	0x3D, 0x00, 0x04, 0x00, 0x1F, 0x04, 0x00, 0x00, 0xA6, 0x04, 0x00, 0x00, 0x21, 0x04, 0x00, 0x00,
	0x3D, 0x00, 0x04, 0x00, 0x06, 0x04, 0x00, 0x00, 0xA7, 0x04, 0x00, 0x00, 0x08, 0x04, 0x00, 0x00,
	0x4F, 0x00, 0x07, 0x00, 0x2D, 0x00, 0x00, 0x00, 0xA8, 0x04, 0x00, 0x00, 0xA7, 0x04, 0x00, 0x00,
	0xA7, 0x04, 0x00, 0x00, 0x00, 0x00, 0x00, 0x00, 0x01, 0x00, 0x00, 0x00, 0x7C, 0x00, 0x04, 0x00,
	0x25, 0x04, 0x00, 0x00, 0xA9, 0x04, 0x00, 0x00, 0xA8, 0x04, 0x00, 0x00, 0x3D, 0x00, 0x04, 0x00,
	0x06, 0x00, 0x00, 0x00, 0xAA, 0x04, 0x00, 0x00, 0x46, 0x04, 0x00, 0x00, 0x50, 0x00, 0x07, 0x00,
	0xFB, 0x03, 0x00, 0x00, 0xAB, 0x04, 0x00, 0x00, 0xB3, 0x00, 0x00, 0x00, 0xB3, 0x00, 0x00, 0x00,
	0xB3, 0x00, 0x00, 0x00, 0xAA, 0x04, 0x00, 0x00, 0x63, 0x00, 0x04, 0x00, 0xA6, 0x04, 0x00, 0x00,
	0xA9, 0x04, 0x00, 0x00, 0xAB, 0x04, 0x00, 0x00, 0xFD, 0x00, 0x01, 0x00, 0xF8, 0x00, 0x02, 0x00,
	0xA5, 0x04, 0x00, 0x00, 0x3D, 0x00, 0x04, 0x00, 0x0D, 0x00, 0x00, 0x00, 0xAE, 0x04, 0x00, 0x00,
	0x41, 0x04, 0x00, 0x00, 0x3D, 0x00, 0x04, 0x00, 0x0D, 0x00, 0x00, 0x00, 0xAF, 0x04, 0x00, 0x00,
	0x44, 0x04, 0x00, 0x00, 0x41, 0x00, 0x06, 0x00, 0x49, 0x04, 0x00, 0x00, 0xB0, 0x04, 0x00, 0x00,
	0xFF, 0x03, 0x00, 0x00, 0xA0, 0x04, 0x00, 0x00, 0xFC, 0x00, 0x00, 0x00, 0x3D, 0x00, 0x04, 0x00,
	0x06, 0x00, 0x00, 0x00, 0xB1, 0x04, 0x00, 0x00, 0xB0, 0x04, 0x00, 0x00, 0x0C, 0x00, 0x07, 0x00,
	0x06, 0x00, 0x00, 0x00, 0xB2, 0x04, 0x00, 0x00, 0x01, 0x00, 0x00, 0x00, 0x28, 0x00, 0x00, 0x00,
	0xB1, 0x04, 0x00, 0x00, 0xB3, 0x00, 0x00, 0x00, 0x8E, 0x00, 0x05, 0x00, 0x0D, 0x00, 0x00, 0x00,
	0xB3, 0x04, 0x00, 0x00, 0xAF, 0x04, 0x00, 0x00, 0xB2, 0x04, 0x00, 0x00, 0x81, 0x00, 0x05, 0x00,
	0x0D, 0x00, 0x00, 0x00, 0xB4, 0x04, 0x00, 0x00, 0xAE, 0x04, 0x00, 0x00, 0xB3, 0x04, 0x00, 0x00,
	0x3E, 0x00, 0x03, 0x00, 0xAD, 0x04, 0x00, 0x00, 0xB4, 0x04, 0x00, 0x00, 0x3D, 0x00, 0x04, 0x00,
	0x0D, 0x00, 0x00, 0x00, 0xB6, 0x04, 0x00, 0x00, 0x86, 0x04, 0x00, 0x00, 0x3E, 0x00, 0x03, 0x00,
	0xB5, 0x04, 0x00, 0x00, 0xB6, 0x04, 0x00, 0x00, 0x3D, 0x00, 0x04, 0x00, 0x0D, 0x00, 0x00, 0x00,
	0xB8, 0x04, 0x00, 0x00, 0x44, 0x04, 0x00, 0x00, 0x3E, 0x00, 0x03, 0x00, 0xB7, 0x04, 0x00, 0x00,
	0xB8, 0x04, 0x00, 0x00, 0x3D, 0x00, 0x04, 0x00, 0x14, 0x00, 0x00, 0x00, 0xBA, 0x04, 0x00, 0x00,
	0x05, 0x04, 0x00, 0x00, 0x41, 0x00, 0x06, 0x00, 0x49, 0x04, 0x00, 0x00, 0xBC, 0x04, 0x00, 0x00,
	0xFF, 0x03, 0x00, 0x00, 0xBB, 0x04, 0x00, 0x00, 0x39, 0x04, 0x00, 0x00, 0x3D, 0x00, 0x04, 0x00,
	0x06, 0x00, 0x00, 0x00, 0xBD, 0x04, 0x00, 0x00, 0xBC, 0x04, 0x00, 0x00, 0x8E, 0x00, 0x05, 0x00,
	0x14, 0x00, 0x00, 0x00, 0xBE, 0x04, 0x00, 0x00, 0xBA, 0x04, 0x00, 0x00, 0xBD, 0x04, 0x00, 0x00,
	0x94, 0x00, 0x05, 0x00, 0x06, 0x00, 0x00, 0x00, 0xC2, 0x04, 0x00, 0x00, 0xBE, 0x04, 0x00, 0x00,
	0xC1, 0x04, 0x00, 0x00, 0x0C, 0x00, 0x06, 0x00, 0x06, 0x00, 0x00, 0x00, 0xC3, 0x04, 0x00, 0x00,
	0x01, 0x00, 0x00, 0x00, 0x0D, 0x00, 0x00, 0x00, 0xC2, 0x04, 0x00, 0x00, 0x85, 0x00, 0x05, 0x00,
	0x06, 0x00, 0x00, 0x00, 0xC5, 0x04, 0x00, 0x00, 0xC3, 0x04, 0x00, 0x00, 0xC4, 0x04, 0x00, 0x00,
	0x0C, 0x00, 0x06, 0x00, 0x06, 0x00, 0x00, 0x00, 0xC6, 0x04, 0x00, 0x00, 0x01, 0x00, 0x00, 0x00,
	0x0A, 0x00, 0x00, 0x00, 0xC5, 0x04, 0x00, 0x00, 0x3E, 0x00, 0x03, 0x00, 0xB9, 0x04, 0x00, 0x00,
	0xC6, 0x04, 0x00, 0x00, 0x3D, 0x00, 0x04, 0x00, 0x14, 0x00, 0x00, 0x00, 0xC8, 0x04, 0x00, 0x00,
	0x05, 0x04, 0x00, 0x00, 0x41, 0x00, 0x06, 0x00, 0x49, 0x04, 0x00, 0x00, 0xC9, 0x04, 0x00, 0x00,
	0xFF, 0x03, 0x00, 0x00, 0xBB, 0x04, 0x00, 0x00, 0x39, 0x04, 0x00, 0x00, 0x3D, 0x00, 0x04, 0x00,
	0x06, 0x00, 0x00, 0x00, 0xCA, 0x04, 0x00, 0x00, 0xC9, 0x04, 0x00, 0x00, 0x81, 0x00, 0x05, 0x00,
	0x06, 0x00, 0x00, 0x00, 0xCC, 0x04, 0x00, 0x00, 0xCA, 0x04, 0x00, 0x00, 0xCB, 0x04, 0x00, 0x00,
	0x8E, 0x00, 0x05, 0x00, 0x14, 0x00, 0x00, 0x00, 0xCD, 0x04, 0x00, 0x00, 0xC8, 0x04, 0x00, 0x00,
	0xCC, 0x04, 0x00, 0x00, 0x94, 0x00, 0x05, 0x00, 0x06, 0x00, 0x00, 0x00, 0xD1, 0x04, 0x00, 0x00,
	0xCD, 0x04, 0x00, 0x00, 0xD0, 0x04, 0x00, 0x00, 0x0C, 0x00, 0x06, 0x00, 0x06, 0x00, 0x00, 0x00,
	0xD2, 0x04, 0x00, 0x00, 0x01, 0x00, 0x00, 0x00, 0x0D, 0x00, 0x00, 0x00, 0xD1, 0x04, 0x00, 0x00,
	0x85, 0x00, 0x05, 0x00, 0x06, 0x00, 0x00, 0x00, 0xD4, 0x04, 0x00, 0x00, 0xD2, 0x04, 0x00, 0x00,
	0xD3, 0x04, 0x00, 0x00, 0x0C, 0x00, 0x06, 0x00, 0x06, 0x00, 0x00, 0x00, 0xD5, 0x04, 0x00, 0x00,
	0x01, 0x00, 0x00, 0x00, 0x0A, 0x00, 0x00, 0x00, 0xD4, 0x04, 0x00, 0x00, 0x3E, 0x00, 0x03, 0x00,
	0xC7, 0x04, 0x00, 0x00, 0xD5, 0x04, 0x00, 0x00, 0x3D, 0x00, 0x04, 0x00, 0x06, 0x00, 0x00, 0x00,
	0xD6, 0x04, 0x00, 0x00, 0x46, 0x04, 0x00, 0x00, 0xBA, 0x00, 0x05, 0x00, 0xFC, 0x02, 0x00, 0x00,
	0xD8, 0x04, 0x00, 0x00, 0xD6, 0x04, 0x00, 0x00, 0xD7, 0x04, 0x00, 0x00, 0xF7, 0x00, 0x03, 0x00,
	0xDA, 0x04, 0x00, 0x00, 0x00, 0x00, 0x00, 0x00, 0xFA, 0x00, 0x04, 0x00, 0xD8, 0x04, 0x00, 0x00,
	0xD9, 0x04, 0x00, 0x00, 0xDA, 0x04, 0x00, 0x00, 0xF8, 0x00, 0x02, 0x00, 0xD9, 0x04, 0x00, 0x00,
	0x41, 0x00, 0x06, 0x00, 0x49, 0x04, 0x00, 0x00, 0xDD, 0x04, 0x00, 0x00, 0xFF, 0x03, 0x00, 0x00,
	0xDC, 0x04, 0x00, 0x00, 0xFC, 0x00, 0x00, 0x00, 0x3D, 0x00, 0x04, 0x00, 0x06, 0x00, 0x00, 0x00,
	0xDE, 0x04, 0x00, 0x00, 0xDD, 0x04, 0x00, 0x00, 0xBA, 0x00, 0x05, 0x00, 0xFC, 0x02, 0x00, 0x00,
	0xDF, 0x04, 0x00, 0x00, 0xDE, 0x04, 0x00, 0x00, 0xDC, 0x00, 0x00, 0x00, 0x3D, 0x00, 0x04, 0x00,
	0x06, 0x00, 0x00, 0x00, 0xE0, 0x04, 0x00, 0x00, 0x46, 0x04, 0x00, 0x00, 0x3D, 0x00, 0x04, 0x00,
	0x06, 0x00, 0x00, 0x00, 0xE1, 0x04, 0x00, 0x00, 0x46, 0x04, 0x00, 0x00, 0xA9, 0x00, 0x06, 0x00,
	0x06, 0x00, 0x00, 0x00, 0xE2, 0x04, 0x00, 0x00, 0xDF, 0x04, 0x00, 0x00, 0xE0, 0x04, 0x00, 0x00,
	0xE1, 0x04, 0x00, 0x00, 0x3E, 0x00, 0x03, 0x00, 0xDB, 0x04, 0x00, 0x00, 0xE2, 0x04, 0x00, 0x00,
	0x3D, 0x00, 0x04, 0x00, 0x0D, 0x00, 0x00, 0x00, 0xE4, 0x04, 0x00, 0x00, 0x44, 0x04, 0x00, 0x00,
	0x3D, 0x00, 0x04, 0x00, 0x06, 0x00, 0x00, 0x00, 0xE5, 0x04, 0x00, 0x00, 0xDB, 0x04, 0x00, 0x00,
	0x3D, 0x00, 0x04, 0x00, 0x06, 0x00, 0x00, 0x00, 0xE6, 0x04, 0x00, 0x00, 0xB9, 0x04, 0x00, 0x00,
	0x85, 0x00, 0x05, 0x00, 0x06, 0x00, 0x00, 0x00, 0xE7, 0x04, 0x00, 0x00, 0xE6, 0x04, 0x00, 0x00,
	0x69, 0x01, 0x00, 0x00, 0x83, 0x00, 0x05, 0x00, 0x06, 0x00, 0x00, 0x00, 0xE8, 0x04, 0x00, 0x00,
	0xE7, 0x04, 0x00, 0x00, 0xA1, 0x00, 0x00, 0x00, 0x3D, 0x00, 0x04, 0x00, 0x06, 0x00, 0x00, 0x00,
	0xE9, 0x04, 0x00, 0x00, 0xC7, 0x04, 0x00, 0x00, 0x85, 0x00, 0x05, 0x00, 0x06, 0x00, 0x00, 0x00,
	0xEA, 0x04, 0x00, 0x00, 0xE9, 0x04, 0x00, 0x00, 0x69, 0x01, 0x00, 0x00, 0x83, 0x00, 0x05, 0x00,
	0x06, 0x00, 0x00, 0x00, 0xEB, 0x04, 0x00, 0x00, 0xEA, 0x04, 0x00, 0x00, 0xA1, 0x00, 0x00, 0x00,
	0x3D, 0x00, 0x04, 0x00, 0x06, 0x00, 0x00, 0x00, 0xEC, 0x04, 0x00, 0x00, 0xB9, 0x04, 0x00, 0x00,
	0x3D, 0x00, 0x04, 0x00, 0x06, 0x00, 0x00, 0x00, 0xED, 0x04, 0x00, 0x00, 0xC7, 0x04, 0x00, 0x00,
	0x81, 0x00, 0x05, 0x00, 0x06, 0x00, 0x00, 0x00, 0xEE, 0x04, 0x00, 0x00, 0xEC, 0x04, 0x00, 0x00,
	0xED, 0x04, 0x00, 0x00, 0x85, 0x00, 0x05, 0x00, 0x06, 0x00, 0x00, 0x00, 0xEF, 0x04, 0x00, 0x00,
	0xEE, 0x04, 0x00, 0x00, 0x69, 0x01, 0x00, 0x00, 0x83, 0x00, 0x05, 0x00, 0x06, 0x00, 0x00, 0x00,
	0xF0, 0x04, 0x00, 0x00, 0xEF, 0x04, 0x00, 0x00, 0xA1, 0x00, 0x00, 0x00, 0x50, 0x00, 0x06, 0x00,
	0x0D, 0x00, 0x00, 0x00, 0xF1, 0x04, 0x00, 0x00, 0xE8, 0x04, 0x00, 0x00, 0xEB, 0x04, 0x00, 0x00,
	0xF0, 0x04, 0x00, 0x00, 0x8E, 0x00, 0x05, 0x00, 0x0D, 0x00, 0x00, 0x00, 0xF2, 0x04, 0x00, 0x00,
	0xF1, 0x04, 0x00, 0x00, 0xE5, 0x04, 0x00, 0x00, 0x81, 0x00, 0x05, 0x00, 0x0D, 0x00, 0x00, 0x00,
	0xF3, 0x04, 0x00, 0x00, 0xE4, 0x04, 0x00, 0x00, 0xF2, 0x04, 0x00, 0x00, 0x3E, 0x00, 0x03, 0x00,
	0xE3, 0x04, 0x00, 0x00, 0xF3, 0x04, 0x00, 0x00, 0x3D, 0x00, 0x04, 0x00, 0x0D, 0x00, 0x00, 0x00,
	0xF5, 0x04, 0x00, 0x00, 0xE3, 0x04, 0x00, 0x00, 0x0C, 0x00, 0x06, 0x00, 0x06, 0x00, 0x00, 0x00,
	0xF6, 0x04, 0x00, 0x00, 0x01, 0x00, 0x00, 0x00, 0x42, 0x00, 0x00, 0x00, 0xF5, 0x04, 0x00, 0x00,
	0x3E, 0x00, 0x03, 0x00, 0xF4, 0x04, 0x00, 0x00, 0xF6, 0x04, 0x00, 0x00, 0x3D, 0x00, 0x04, 0x00,
	0x06, 0x00, 0x00, 0x00, 0xF7, 0x04, 0x00, 0x00, 0xF4, 0x04, 0x00, 0x00, 0xBA, 0x00, 0x05, 0x00,
	0xFC, 0x02, 0x00, 0x00, 0xF8, 0x04, 0x00, 0x00, 0xF7, 0x04, 0x00, 0x00, 0x97, 0x00, 0x00, 0x00,
	0xF7, 0x00, 0x03, 0x00, 0xFA, 0x04, 0x00, 0x00, 0x00, 0x00, 0x00, 0x00, 0xFA, 0x00, 0x04, 0x00,
	0xF8, 0x04, 0x00, 0x00, 0xF9, 0x04, 0x00, 0x00, 0xFA, 0x04, 0x00, 0x00, 0xF8, 0x00, 0x02, 0x00,
	0xF9, 0x04, 0x00, 0x00, 0x3D, 0x00, 0x04, 0x00, 0x0D, 0x00, 0x00, 0x00, 0xFB, 0x04, 0x00, 0x00,
	0x44, 0x04, 0x00, 0x00, 0x3D, 0x00, 0x04, 0x00, 0x0D, 0x00, 0x00, 0x00, 0xFC, 0x04, 0x00, 0x00,
	0xE3, 0x04, 0x00, 0x00, 0x3D, 0x00, 0x04, 0x00, 0x06, 0x00, 0x00, 0x00, 0xFD, 0x04, 0x00, 0x00,
	0xF4, 0x04, 0x00, 0x00, 0x50, 0x00, 0x06, 0x00, 0x0D, 0x00, 0x00, 0x00, 0xFE, 0x04, 0x00, 0x00,
	0xFD, 0x04, 0x00, 0x00, 0xFD, 0x04, 0x00, 0x00, 0xFD, 0x04, 0x00, 0x00, 0x88, 0x00, 0x05, 0x00,
	0x0D, 0x00, 0x00, 0x00, 0xFF, 0x04, 0x00, 0x00, 0xFC, 0x04, 0x00, 0x00, 0xFE, 0x04, 0x00, 0x00,
	0x3D, 0x00, 0x04, 0x00, 0x06, 0x00, 0x00, 0x00, 0x00, 0x05, 0x00, 0x00, 0xDB, 0x04, 0x00, 0x00,
	0x50, 0x00, 0x06, 0x00, 0x0D, 0x00, 0x00, 0x00, 0x01, 0x05, 0x00, 0x00, 0x00, 0x05, 0x00, 0x00,
	0x00, 0x05, 0x00, 0x00, 0x00, 0x05, 0x00, 0x00, 0x0C, 0x00, 0x08, 0x00, 0x0D, 0x00, 0x00, 0x00,
	0x02, 0x05, 0x00, 0x00, 0x01, 0x00, 0x00, 0x00, 0x2E, 0x00, 0x00, 0x00, 0xFB, 0x04, 0x00, 0x00,
	0xFF, 0x04, 0x00, 0x00, 0x01, 0x05, 0x00, 0x00, 0x0C, 0x00, 0x06, 0x00, 0x0D, 0x00, 0x00, 0x00,
	0x03, 0x05, 0x00, 0x00, 0x01, 0x00, 0x00, 0x00, 0x45, 0x00, 0x00, 0x00, 0x02, 0x05, 0x00, 0x00,
	0x3E, 0x00, 0x03, 0x00, 0xB7, 0x04, 0x00, 0x00, 0x03, 0x05, 0x00, 0x00, 0x3D, 0x00, 0x04, 0x00,
	0x0D, 0x00, 0x00, 0x00, 0x05, 0x05, 0x00, 0x00, 0x70, 0x04, 0x00, 0x00, 0x7F, 0x00, 0x04, 0x00,
	0x0D, 0x00, 0x00, 0x00, 0x06, 0x05, 0x00, 0x00, 0x05, 0x05, 0x00, 0x00, 0x3D, 0x00, 0x04, 0x00,
	0x0D, 0x00, 0x00, 0x00, 0x07, 0x05, 0x00, 0x00, 0xB7, 0x04, 0x00, 0x00, 0x0C, 0x00, 0x07, 0x00,
	0x0D, 0x00, 0x00, 0x00, 0x08, 0x05, 0x00, 0x00, 0x01, 0x00, 0x00, 0x00, 0x47, 0x00, 0x00, 0x00,
	0x06, 0x05, 0x00, 0x00, 0x07, 0x05, 0x00, 0x00, 0x3E, 0x00, 0x03, 0x00, 0x04, 0x05, 0x00, 0x00,
	0x08, 0x05, 0x00, 0x00, 0x3D, 0x00, 0x04, 0x00, 0x0D, 0x00, 0x00, 0x00, 0x09, 0x05, 0x00, 0x00,
	0x04, 0x05, 0x00, 0x00, 0x3D, 0x00, 0x04, 0x00, 0x0D, 0x00, 0x00, 0x00, 0x0A, 0x05, 0x00, 0x00,
	0x04, 0x05, 0x00, 0x00, 0xB4, 0x00, 0x05, 0x00, 0x8D, 0x04, 0x00, 0x00, 0x0B, 0x05, 0x00, 0x00,
	0x09, 0x05, 0x00, 0x00, 0x0A, 0x05, 0x00, 0x00, 0x9B, 0x00, 0x04, 0x00, 0xFC, 0x02, 0x00, 0x00,
	0x0C, 0x05, 0x00, 0x00, 0x0B, 0x05, 0x00, 0x00, 0xF7, 0x00, 0x03, 0x00, 0x0E, 0x05, 0x00, 0x00,
	0x00, 0x00, 0x00, 0x00, 0xFA, 0x00, 0x04, 0x00, 0x0C, 0x05, 0x00, 0x00, 0x0D, 0x05, 0x00, 0x00,
	0x0E, 0x05, 0x00, 0x00, 0xF8, 0x00, 0x02, 0x00, 0x0D, 0x05, 0x00, 0x00, 0x3D, 0x00, 0x04, 0x00,
	0x0D, 0x00, 0x00, 0x00, 0x0F, 0x05, 0x00, 0x00, 0x04, 0x05, 0x00, 0x00, 0x3D, 0x00, 0x04, 0x00,
	0x0D, 0x00, 0x00, 0x00, 0x10, 0x05, 0x00, 0x00, 0x04, 0x05, 0x00, 0x00, 0x94, 0x00, 0x05, 0x00,
	0x06, 0x00, 0x00, 0x00, 0x11, 0x05, 0x00, 0x00, 0x0F, 0x05, 0x00, 0x00, 0x10, 0x05, 0x00, 0x00,
	0xBE, 0x00, 0x05, 0x00, 0xFC, 0x02, 0x00, 0x00, 0x12, 0x05, 0x00, 0x00, 0x11, 0x05, 0x00, 0x00,
	0x29, 0x02, 0x00, 0x00, 0xF9, 0x00, 0x02, 0x00, 0x0E, 0x05, 0x00, 0x00, 0xF8, 0x00, 0x02, 0x00,
	0x0E, 0x05, 0x00, 0x00, 0xF5, 0x00, 0x07, 0x00, 0xFC, 0x02, 0x00, 0x00, 0x13, 0x05, 0x00, 0x00,
	0x0C, 0x05, 0x00, 0x00, 0xF9, 0x04, 0x00, 0x00, 0x12, 0x05, 0x00, 0x00, 0x0D, 0x05, 0x00, 0x00,
	0xF7, 0x00, 0x03, 0x00, 0x15, 0x05, 0x00, 0x00, 0x00, 0x00, 0x00, 0x00, 0xFA, 0x00, 0x04, 0x00,
	0x13, 0x05, 0x00, 0x00, 0x14, 0x05, 0x00, 0x00, 0x15, 0x05, 0x00, 0x00, 0xF8, 0x00, 0x02, 0x00,
	0x14, 0x05, 0x00, 0x00, 0x3D, 0x00, 0x04, 0x00, 0x0D, 0x00, 0x00, 0x00, 0x16, 0x05, 0x00, 0x00,
	0x04, 0x05, 0x00, 0x00, 0x3D, 0x00, 0x04, 0x00, 0x0D, 0x00, 0x00, 0x00, 0x17, 0x05, 0x00, 0x00,
	0x44, 0x04, 0x00, 0x00, 0x94, 0x00, 0x05, 0x00, 0x06, 0x00, 0x00, 0x00, 0x18, 0x05, 0x00, 0x00,
	0x16, 0x05, 0x00, 0x00, 0x17, 0x05, 0x00, 0x00, 0xBA, 0x00, 0x05, 0x00, 0xFC, 0x02, 0x00, 0x00,
	0x19, 0x05, 0x00, 0x00, 0x18, 0x05, 0x00, 0x00, 0x11, 0x03, 0x00, 0x00, 0xF9, 0x00, 0x02, 0x00,
	0x15, 0x05, 0x00, 0x00, 0xF8, 0x00, 0x02, 0x00, 0x15, 0x05, 0x00, 0x00, 0xF5, 0x00, 0x07, 0x00,
	0xFC, 0x02, 0x00, 0x00, 0x1A, 0x05, 0x00, 0x00, 0x13, 0x05, 0x00, 0x00, 0x0E, 0x05, 0x00, 0x00,
	0x19, 0x05, 0x00, 0x00, 0x14, 0x05, 0x00, 0x00, 0xF7, 0x00, 0x03, 0x00, 0x1C, 0x05, 0x00, 0x00,
	0x00, 0x00, 0x00, 0x00, 0xFA, 0x00, 0x04, 0x00, 0x1A, 0x05, 0x00, 0x00, 0x1B, 0x05, 0x00, 0x00,
	0x1F, 0x05, 0x00, 0x00, 0xF8, 0x00, 0x02, 0x00, 0x1B, 0x05, 0x00, 0x00, 0x3D, 0x00, 0x04, 0x00,
	0x0D, 0x00, 0x00, 0x00, 0x1D, 0x05, 0x00, 0x00, 0x04, 0x05, 0x00, 0x00, 0x0C, 0x00, 0x06, 0x00,
	0x0D, 0x00, 0x00, 0x00, 0x1E, 0x05, 0x00, 0x00, 0x01, 0x00, 0x00, 0x00, 0x45, 0x00, 0x00, 0x00,
	0x1D, 0x05, 0x00, 0x00, 0x3E, 0x00, 0x03, 0x00, 0xB5, 0x04, 0x00, 0x00, 0x1E, 0x05, 0x00, 0x00,
	0xF9, 0x00, 0x02, 0x00, 0x1C, 0x05, 0x00, 0x00, 0xF8, 0x00, 0x02, 0x00, 0x1F, 0x05, 0x00, 0x00,
	0x3D, 0x00, 0x04, 0x00, 0x0D, 0x00, 0x00, 0x00, 0x20, 0x05, 0x00, 0x00, 0x44, 0x04, 0x00, 0x00,
	0x3E, 0x00, 0x03, 0x00, 0xB7, 0x04, 0x00, 0x00, 0x20, 0x05, 0x00, 0x00, 0x3D, 0x00, 0x04, 0x00,
	0x0D, 0x00, 0x00, 0x00, 0x21, 0x05, 0x00, 0x00, 0x86, 0x04, 0x00, 0x00, 0x3E, 0x00, 0x03, 0x00,
	0xB5, 0x04, 0x00, 0x00, 0x21, 0x05, 0x00, 0x00, 0xF9, 0x00, 0x02, 0x00, 0x1C, 0x05, 0x00, 0x00,
	0xF8, 0x00, 0x02, 0x00, 0x1C, 0x05, 0x00, 0x00, 0xF9, 0x00, 0x02, 0x00, 0xFA, 0x04, 0x00, 0x00,
	0xF8, 0x00, 0x02, 0x00, 0xFA, 0x04, 0x00, 0x00, 0xF9, 0x00, 0x02, 0x00, 0xDA, 0x04, 0x00, 0x00,
	0xF8, 0x00, 0x02, 0x00, 0xDA, 0x04, 0x00, 0x00, 0x3E, 0x00, 0x03, 0x00, 0x23, 0x05, 0x00, 0x00,
	0x24, 0x05, 0x00, 0x00, 0x3D, 0x00, 0x04, 0x00, 0x06, 0x00, 0x00, 0x00, 0x25, 0x05, 0x00, 0x00,
	0x46, 0x04, 0x00, 0x00, 0x41, 0x00, 0x05, 0x00, 0x26, 0x05, 0x00, 0x00, 0x27, 0x05, 0x00, 0x00,
	0x23, 0x05, 0x00, 0x00, 0x39, 0x04, 0x00, 0x00, 0x3E, 0x00, 0x03, 0x00, 0x27, 0x05, 0x00, 0x00,
	0x25, 0x05, 0x00, 0x00, 0x3D, 0x00, 0x04, 0x00, 0x28, 0x05, 0x00, 0x00, 0x2B, 0x05, 0x00, 0x00,
	0x2A, 0x05, 0x00, 0x00, 0x3D, 0x00, 0x04, 0x00, 0x0D, 0x00, 0x00, 0x00, 0x2D, 0x05, 0x00, 0x00,
	0xAD, 0x04, 0x00, 0x00, 0x41, 0x00, 0x06, 0x00, 0x49, 0x04, 0x00, 0x00, 0x2E, 0x05, 0x00, 0x00,
	0xFF, 0x03, 0x00, 0x00, 0xA0, 0x04, 0x00, 0x00, 0xF5, 0x00, 0x00, 0x00, 0x3D, 0x00, 0x04, 0x00,
	0x06, 0x00, 0x00, 0x00, 0x2F, 0x05, 0x00, 0x00, 0x2E, 0x05, 0x00, 0x00, 0x0C, 0x00, 0x07, 0x00,
	0x06, 0x00, 0x00, 0x00, 0x30, 0x05, 0x00, 0x00, 0x01, 0x00, 0x00, 0x00, 0x28, 0x00, 0x00, 0x00,
	0x2F, 0x05, 0x00, 0x00, 0x11, 0x03, 0x00, 0x00, 0x3D, 0x00, 0x04, 0x00, 0x0D, 0x00, 0x00, 0x00,
	0x31, 0x05, 0x00, 0x00, 0xB5, 0x04, 0x00, 0x00, 0x5D, 0x11, 0x0C, 0x00, 0x2B, 0x05, 0x00, 0x00,
	0xF5, 0x00, 0x00, 0x00, 0x2C, 0x05, 0x00, 0x00, 0xFC, 0x00, 0x00, 0x00, 0xFC, 0x00, 0x00, 0x00,
	0xFC, 0x00, 0x00, 0x00, 0x2D, 0x05, 0x00, 0x00, 0x30, 0x05, 0x00, 0x00, 0x31, 0x05, 0x00, 0x00,
	0x32, 0x05, 0x00, 0x00, 0x23, 0x05, 0x00, 0x00, 0x3D, 0x00, 0x04, 0x00, 0xFB, 0x03, 0x00, 0x00,
	0x34, 0x05, 0x00, 0x00, 0x23, 0x05, 0x00, 0x00, 0x4F, 0x00, 0x08, 0x00, 0x0D, 0x00, 0x00, 0x00,
	0x35, 0x05, 0x00, 0x00, 0x34, 0x05, 0x00, 0x00, 0x34, 0x05, 0x00, 0x00, 0x00, 0x00, 0x00, 0x00,
	0x01, 0x00, 0x00, 0x00, 0x02, 0x00, 0x00, 0x00, 0x3E, 0x00, 0x03, 0x00, 0x33, 0x05, 0x00, 0x00,
	0x35, 0x05, 0x00, 0x00, 0x41, 0x00, 0x06, 0x00, 0x49, 0x04, 0x00, 0x00, 0x36, 0x05, 0x00, 0x00,
	0xFF, 0x03, 0x00, 0x00, 0xDC, 0x04, 0x00, 0x00, 0xFC, 0x00, 0x00, 0x00, 0x3D, 0x00, 0x04, 0x00,
	0x06, 0x00, 0x00, 0x00, 0x37, 0x05, 0x00, 0x00, 0x36, 0x05, 0x00, 0x00, 0xBA, 0x00, 0x05, 0x00,
	0xFC, 0x02, 0x00, 0x00, 0x38, 0x05, 0x00, 0x00, 0x37, 0x05, 0x00, 0x00, 0xDC, 0x00, 0x00, 0x00,
	0xF7, 0x00, 0x03, 0x00, 0x3A, 0x05, 0x00, 0x00, 0x00, 0x00, 0x00, 0x00, 0xFA, 0x00, 0x04, 0x00,
	0x38, 0x05, 0x00, 0x00, 0x39, 0x05, 0x00, 0x00, 0x3A, 0x05, 0x00, 0x00, 0xF8, 0x00, 0x02, 0x00,
	0x39, 0x05, 0x00, 0x00, 0x3D, 0x00, 0x04, 0x00, 0x06, 0x00, 0x00, 0x00, 0x3F, 0x05, 0x00, 0x00,
	0x47, 0x04, 0x00, 0x00, 0x50, 0x00, 0x06, 0x00, 0x0D, 0x00, 0x00, 0x00, 0x40, 0x05, 0x00, 0x00,
	0x3F, 0x05, 0x00, 0x00, 0x3F, 0x05, 0x00, 0x00, 0x3F, 0x05, 0x00, 0x00, 0x0C, 0x00, 0x08, 0x00,
	0x0D, 0x00, 0x00, 0x00, 0x41, 0x05, 0x00, 0x00, 0x01, 0x00, 0x00, 0x00, 0x2E, 0x00, 0x00, 0x00,
	0x3D, 0x05, 0x00, 0x00, 0x3E, 0x05, 0x00, 0x00, 0x40, 0x05, 0x00, 0x00, 0x3E, 0x00, 0x03, 0x00,
	0x3B, 0x05, 0x00, 0x00, 0x41, 0x05, 0x00, 0x00, 0x3D, 0x00, 0x04, 0x00, 0x0D, 0x00, 0x00, 0x00,
	0x43, 0x05, 0x00, 0x00, 0x44, 0x04, 0x00, 0x00, 0x3D, 0x00, 0x04, 0x00, 0x0D, 0x00, 0x00, 0x00,
	0x44, 0x05, 0x00, 0x00, 0x70, 0x04, 0x00, 0x00, 0x94, 0x00, 0x05, 0x00, 0x06, 0x00, 0x00, 0x00,
	0x45, 0x05, 0x00, 0x00, 0x43, 0x05, 0x00, 0x00, 0x44, 0x05, 0x00, 0x00, 0x0C, 0x00, 0x07, 0x00,
	0x06, 0x00, 0x00, 0x00, 0x46, 0x05, 0x00, 0x00, 0x01, 0x00, 0x00, 0x00, 0x28, 0x00, 0x00, 0x00,
	0x45, 0x05, 0x00, 0x00, 0xB3, 0x00, 0x00, 0x00, 0x3E, 0x00, 0x03, 0x00, 0x42, 0x05, 0x00, 0x00,
	0x46, 0x05, 0x00, 0x00, 0x3D, 0x00, 0x04, 0x00, 0x06, 0x00, 0x00, 0x00, 0x48, 0x05, 0x00, 0x00,
	0x42, 0x05, 0x00, 0x00, 0x3E, 0x00, 0x03, 0x00, 0x47, 0x05, 0x00, 0x00, 0x48, 0x05, 0x00, 0x00,
	0x3D, 0x00, 0x04, 0x00, 0x0D, 0x00, 0x00, 0x00, 0x4A, 0x05, 0x00, 0x00, 0x3B, 0x05, 0x00, 0x00,
	0x3E, 0x00, 0x03, 0x00, 0x49, 0x05, 0x00, 0x00, 0x4A, 0x05, 0x00, 0x00, 0x39, 0x00, 0x06, 0x00,
	0x0D, 0x00, 0x00, 0x00, 0x4B, 0x05, 0x00, 0x00, 0x12, 0x00, 0x00, 0x00, 0x47, 0x05, 0x00, 0x00,
	0x49, 0x05, 0x00, 0x00, 0x3D, 0x00, 0x04, 0x00, 0x0D, 0x00, 0x00, 0x00, 0x4C, 0x05, 0x00, 0x00,
	0x33, 0x05, 0x00, 0x00, 0x85, 0x00, 0x05, 0x00, 0x0D, 0x00, 0x00, 0x00, 0x4D, 0x05, 0x00, 0x00,
	0x4C, 0x05, 0x00, 0x00, 0x4B, 0x05, 0x00, 0x00, 0x3E, 0x00, 0x03, 0x00, 0x33, 0x05, 0x00, 0x00,
	0x4D, 0x05, 0x00, 0x00, 0xF9, 0x00, 0x02, 0x00, 0x3A, 0x05, 0x00, 0x00, 0xF8, 0x00, 0x02, 0x00,
	0x3A, 0x05, 0x00, 0x00, 0x41, 0x00, 0x06, 0x00, 0x49, 0x04, 0x00, 0x00, 0x4E, 0x05, 0x00, 0x00,
	0xFF, 0x03, 0x00, 0x00, 0xDC, 0x04, 0x00, 0x00, 0x39, 0x04, 0x00, 0x00, 0x3D, 0x00, 0x04, 0x00,
	0x06, 0x00, 0x00, 0x00, 0x4F, 0x05, 0x00, 0x00, 0x4E, 0x05, 0x00, 0x00, 0xBA, 0x00, 0x05, 0x00,
	0xFC, 0x02, 0x00, 0x00, 0x50, 0x05, 0x00, 0x00, 0x4F, 0x05, 0x00, 0x00, 0xDC, 0x00, 0x00, 0x00,
	0xF7, 0x00, 0x03, 0x00, 0x52, 0x05, 0x00, 0x00, 0x00, 0x00, 0x00, 0x00, 0xFA, 0x00, 0x04, 0x00,
	0x50, 0x05, 0x00, 0x00, 0x51, 0x05, 0x00, 0x00, 0x52, 0x05, 0x00, 0x00, 0xF8, 0x00, 0x02, 0x00,
	0x51, 0x05, 0x00, 0x00, 0x41, 0x00, 0x06, 0x00, 0x49, 0x04, 0x00, 0x00, 0x55, 0x05, 0x00, 0x00,
	0xFF, 0x03, 0x00, 0x00, 0x54, 0x05, 0x00, 0x00, 0xBD, 0x00, 0x00, 0x00, 0x3D, 0x00, 0x04, 0x00,
	0x06, 0x00, 0x00, 0x00, 0x56, 0x05, 0x00, 0x00, 0x55, 0x05, 0x00, 0x00, 0x41, 0x00, 0x06, 0x00,
	0x49, 0x04, 0x00, 0x00, 0x57, 0x05, 0x00, 0x00, 0xFF, 0x03, 0x00, 0x00, 0x54, 0x05, 0x00, 0x00,
	0x39, 0x04, 0x00, 0x00, 0x3D, 0x00, 0x04, 0x00, 0x06, 0x00, 0x00, 0x00, 0x58, 0x05, 0x00, 0x00,
	0x57, 0x05, 0x00, 0x00, 0x0C, 0x00, 0x07, 0x00, 0x06, 0x00, 0x00, 0x00, 0x59, 0x05, 0x00, 0x00,
	0x01, 0x00, 0x00, 0x00, 0x25, 0x00, 0x00, 0x00, 0x56, 0x05, 0x00, 0x00, 0x58, 0x05, 0x00, 0x00,
	0x3E, 0x00, 0x03, 0x00, 0x53, 0x05, 0x00, 0x00, 0x59, 0x05, 0x00, 0x00, 0x41, 0x00, 0x06, 0x00,
	0x49, 0x04, 0x00, 0x00, 0x5B, 0x05, 0x00, 0x00, 0xFF, 0x03, 0x00, 0x00, 0x54, 0x05, 0x00, 0x00,
	0xBD, 0x00, 0x00, 0x00, 0x3D, 0x00, 0x04, 0x00, 0x06, 0x00, 0x00, 0x00, 0x5C, 0x05, 0x00, 0x00,
	0x5B, 0x05, 0x00, 0x00, 0x41, 0x00, 0x06, 0x00, 0x49, 0x04, 0x00, 0x00, 0x5D, 0x05, 0x00, 0x00,
	0xFF, 0x03, 0x00, 0x00, 0x54, 0x05, 0x00, 0x00, 0x39, 0x04, 0x00, 0x00, 0x3D, 0x00, 0x04, 0x00,
	0x06, 0x00, 0x00, 0x00, 0x5E, 0x05, 0x00, 0x00, 0x5D, 0x05, 0x00, 0x00, 0x0C, 0x00, 0x07, 0x00,
	0x06, 0x00, 0x00, 0x00, 0x5F, 0x05, 0x00, 0x00, 0x01, 0x00, 0x00, 0x00, 0x28, 0x00, 0x00, 0x00,
	0x5C, 0x05, 0x00, 0x00, 0x5E, 0x05, 0x00, 0x00, 0x3E, 0x00, 0x03, 0x00, 0x5A, 0x05, 0x00, 0x00,
	0x5F, 0x05, 0x00, 0x00, 0x3D, 0x00, 0x04, 0x00, 0x06, 0x00, 0x00, 0x00, 0x60, 0x05, 0x00, 0x00,
	0x5A, 0x05, 0x00, 0x00, 0x3D, 0x00, 0x04, 0x00, 0x06, 0x00, 0x00, 0x00, 0x61, 0x05, 0x00, 0x00,
	0x53, 0x05, 0x00, 0x00, 0x81, 0x00, 0x05, 0x00, 0x06, 0x00, 0x00, 0x00, 0x62, 0x05, 0x00, 0x00,
	0x61, 0x05, 0x00, 0x00, 0x61, 0x01, 0x00, 0x00, 0x0C, 0x00, 0x07, 0x00, 0x06, 0x00, 0x00, 0x00,
	0x63, 0x05, 0x00, 0x00, 0x01, 0x00, 0x00, 0x00, 0x28, 0x00, 0x00, 0x00, 0x60, 0x05, 0x00, 0x00,
	0x62, 0x05, 0x00, 0x00, 0x3E, 0x00, 0x03, 0x00, 0x5A, 0x05, 0x00, 0x00, 0x63, 0x05, 0x00, 0x00,
	0x3D, 0x00, 0x04, 0x00, 0x06, 0x00, 0x00, 0x00, 0x64, 0x05, 0x00, 0x00, 0x46, 0x04, 0x00, 0x00,
	0x3D, 0x00, 0x04, 0x00, 0x06, 0x00, 0x00, 0x00, 0x65, 0x05, 0x00, 0x00, 0x5A, 0x05, 0x00, 0x00,
	0xB8, 0x00, 0x05, 0x00, 0xFC, 0x02, 0x00, 0x00, 0x66, 0x05, 0x00, 0x00, 0x64, 0x05, 0x00, 0x00,
	0x65, 0x05, 0x00, 0x00, 0xF7, 0x00, 0x03, 0x00, 0x68, 0x05, 0x00, 0x00, 0x00, 0x00, 0x00, 0x00,
	0xFA, 0x00, 0x04, 0x00, 0x66, 0x05, 0x00, 0x00, 0x67, 0x05, 0x00, 0x00, 0x68, 0x05, 0x00, 0x00,
	0xF8, 0x00, 0x02, 0x00, 0x67, 0x05, 0x00, 0x00, 0x3D, 0x00, 0x04, 0x00, 0x06, 0x00, 0x00, 0x00,
	0x6A, 0x05, 0x00, 0x00, 0x53, 0x05, 0x00, 0x00, 0x3D, 0x00, 0x04, 0x00, 0x06, 0x00, 0x00, 0x00,
	0x6B, 0x05, 0x00, 0x00, 0x5A, 0x05, 0x00, 0x00, 0x3D, 0x00, 0x04, 0x00, 0x06, 0x00, 0x00, 0x00,
	0x6C, 0x05, 0x00, 0x00, 0x46, 0x04, 0x00, 0x00, 0x0C, 0x00, 0x08, 0x00, 0x06, 0x00, 0x00, 0x00,
	0x6D, 0x05, 0x00, 0x00, 0x01, 0x00, 0x00, 0x00, 0x31, 0x00, 0x00, 0x00, 0x6A, 0x05, 0x00, 0x00,
	0x6B, 0x05, 0x00, 0x00, 0x6C, 0x05, 0x00, 0x00, 0x83, 0x00, 0x05, 0x00, 0x06, 0x00, 0x00, 0x00,
	0x6E, 0x05, 0x00, 0x00, 0xA1, 0x00, 0x00, 0x00, 0x6D, 0x05, 0x00, 0x00, 0x0C, 0x00, 0x08, 0x00,
	0x06, 0x00, 0x00, 0x00, 0x6F, 0x05, 0x00, 0x00, 0x01, 0x00, 0x00, 0x00, 0x2B, 0x00, 0x00, 0x00,
	0x6E, 0x05, 0x00, 0x00, 0xB3, 0x00, 0x00, 0x00, 0xA1, 0x00, 0x00, 0x00, 0x3E, 0x00, 0x03, 0x00,
	0x69, 0x05, 0x00, 0x00, 0x6F, 0x05, 0x00, 0x00, 0x3D, 0x00, 0x04, 0x00, 0x06, 0x00, 0x00, 0x00,
	0x70, 0x05, 0x00, 0x00, 0x69, 0x05, 0x00, 0x00, 0xBA, 0x00, 0x05, 0x00, 0xFC, 0x02, 0x00, 0x00,
	0x71, 0x05, 0x00, 0x00, 0x70, 0x05, 0x00, 0x00, 0xB3, 0x00, 0x00, 0x00, 0xF7, 0x00, 0x03, 0x00,
	0x73, 0x05, 0x00, 0x00, 0x00, 0x00, 0x00, 0x00, 0xFA, 0x00, 0x04, 0x00, 0x71, 0x05, 0x00, 0x00,
	0x72, 0x05, 0x00, 0x00, 0x73, 0x05, 0x00, 0x00, 0xF8, 0x00, 0x02, 0x00, 0x72, 0x05, 0x00, 0x00,
	0x41, 0x00, 0x05, 0x00, 0x07, 0x00, 0x00, 0x00, 0x75, 0x05, 0x00, 0x00, 0x44, 0x04, 0x00, 0x00,
	0xBD, 0x00, 0x00, 0x00, 0x3D, 0x00, 0x04, 0x00, 0x06, 0x00, 0x00, 0x00, 0x76, 0x05, 0x00, 0x00,
	0x75, 0x05, 0x00, 0x00, 0x0C, 0x00, 0x06, 0x00, 0x06, 0x00, 0x00, 0x00, 0x77, 0x05, 0x00, 0x00,
	0x01, 0x00, 0x00, 0x00, 0x04, 0x00, 0x00, 0x00, 0x76, 0x05, 0x00, 0x00, 0xB8, 0x00, 0x05, 0x00,
	0xFC, 0x02, 0x00, 0x00, 0x79, 0x05, 0x00, 0x00, 0x77, 0x05, 0x00, 0x00, 0x78, 0x05, 0x00, 0x00,
	0xA9, 0x00, 0x06, 0x00, 0x0D, 0x00, 0x00, 0x00, 0x7B, 0x05, 0x00, 0x00, 0x79, 0x05, 0x00, 0x00,
	0x45, 0x04, 0x00, 0x00, 0x7A, 0x05, 0x00, 0x00, 0x3E, 0x00, 0x03, 0x00, 0x74, 0x05, 0x00, 0x00,
	0x7B, 0x05, 0x00, 0x00, 0x3D, 0x00, 0x04, 0x00, 0x0D, 0x00, 0x00, 0x00, 0x7D, 0x05, 0x00, 0x00,
	0x74, 0x05, 0x00, 0x00, 0x3D, 0x00, 0x04, 0x00, 0x0D, 0x00, 0x00, 0x00, 0x7E, 0x05, 0x00, 0x00,
	0x44, 0x04, 0x00, 0x00, 0x0C, 0x00, 0x07, 0x00, 0x0D, 0x00, 0x00, 0x00, 0x7F, 0x05, 0x00, 0x00,
	0x01, 0x00, 0x00, 0x00, 0x44, 0x00, 0x00, 0x00, 0x7D, 0x05, 0x00, 0x00, 0x7E, 0x05, 0x00, 0x00,
	0x3E, 0x00, 0x03, 0x00, 0x7C, 0x05, 0x00, 0x00, 0x7F, 0x05, 0x00, 0x00, 0x3D, 0x00, 0x04, 0x00,
	0x0D, 0x00, 0x00, 0x00, 0x81, 0x05, 0x00, 0x00, 0x7C, 0x05, 0x00, 0x00, 0x0C, 0x00, 0x06, 0x00,
	0x06, 0x00, 0x00, 0x00, 0x82, 0x05, 0x00, 0x00, 0x01, 0x00, 0x00, 0x00, 0x42, 0x00, 0x00, 0x00,
	0x81, 0x05, 0x00, 0x00, 0x3E, 0x00, 0x03, 0x00, 0x80, 0x05, 0x00, 0x00, 0x82, 0x05, 0x00, 0x00,
	0x3D, 0x00, 0x04, 0x00, 0x06, 0x00, 0x00, 0x00, 0x83, 0x05, 0x00, 0x00, 0x80, 0x05, 0x00, 0x00,
	0xBA, 0x00, 0x05, 0x00, 0xFC, 0x02, 0x00, 0x00, 0x84, 0x05, 0x00, 0x00, 0x83, 0x05, 0x00, 0x00,
	0x97, 0x00, 0x00, 0x00, 0xF7, 0x00, 0x03, 0x00, 0x86, 0x05, 0x00, 0x00, 0x00, 0x00, 0x00, 0x00,
	0xFA, 0x00, 0x04, 0x00, 0x84, 0x05, 0x00, 0x00, 0x85, 0x05, 0x00, 0x00, 0x86, 0x05, 0x00, 0x00,
	0xF8, 0x00, 0x02, 0x00, 0x85, 0x05, 0x00, 0x00, 0x3D, 0x00, 0x04, 0x00, 0x06, 0x00, 0x00, 0x00,
	0x87, 0x05, 0x00, 0x00, 0x80, 0x05, 0x00, 0x00, 0x3D, 0x00, 0x04, 0x00, 0x0D, 0x00, 0x00, 0x00,
	0x88, 0x05, 0x00, 0x00, 0x7C, 0x05, 0x00, 0x00, 0x50, 0x00, 0x06, 0x00, 0x0D, 0x00, 0x00, 0x00,
	0x89, 0x05, 0x00, 0x00, 0x87, 0x05, 0x00, 0x00, 0x87, 0x05, 0x00, 0x00, 0x87, 0x05, 0x00, 0x00,
	0x88, 0x00, 0x05, 0x00, 0x0D, 0x00, 0x00, 0x00, 0x8A, 0x05, 0x00, 0x00, 0x88, 0x05, 0x00, 0x00,
	0x89, 0x05, 0x00, 0x00, 0x3E, 0x00, 0x03, 0x00, 0x7C, 0x05, 0x00, 0x00, 0x8A, 0x05, 0x00, 0x00,
	0x3D, 0x00, 0x04, 0x00, 0x0D, 0x00, 0x00, 0x00, 0x8C, 0x05, 0x00, 0x00, 0x44, 0x04, 0x00, 0x00,
	0x3D, 0x00, 0x04, 0x00, 0x0D, 0x00, 0x00, 0x00, 0x8D, 0x05, 0x00, 0x00, 0x7C, 0x05, 0x00, 0x00,
	0x0C, 0x00, 0x07, 0x00, 0x0D, 0x00, 0x00, 0x00, 0x8E, 0x05, 0x00, 0x00, 0x01, 0x00, 0x00, 0x00,
	0x44, 0x00, 0x00, 0x00, 0x8C, 0x05, 0x00, 0x00, 0x8D, 0x05, 0x00, 0x00, 0x3E, 0x00, 0x03, 0x00,
	0x8B, 0x05, 0x00, 0x00, 0x8E, 0x05, 0x00, 0x00, 0x3D, 0x00, 0x04, 0x00, 0x0D, 0x00, 0x00, 0x00,
	0x90, 0x05, 0x00, 0x00, 0x7C, 0x05, 0x00, 0x00, 0x3D, 0x00, 0x04, 0x00, 0x0D, 0x00, 0x00, 0x00,
	0x91, 0x05, 0x00, 0x00, 0x8B, 0x05, 0x00, 0x00, 0x3D, 0x00, 0x04, 0x00, 0x0D, 0x00, 0x00, 0x00,
	0x92, 0x05, 0x00, 0x00, 0x44, 0x04, 0x00, 0x00, 0x51, 0x00, 0x05, 0x00, 0x06, 0x00, 0x00, 0x00,
	0x93, 0x05, 0x00, 0x00, 0x90, 0x05, 0x00, 0x00, 0x00, 0x00, 0x00, 0x00, 0x51, 0x00, 0x05, 0x00,
	0x06, 0x00, 0x00, 0x00, 0x94, 0x05, 0x00, 0x00, 0x90, 0x05, 0x00, 0x00, 0x01, 0x00, 0x00, 0x00,
	0x51, 0x00, 0x05, 0x00, 0x06, 0x00, 0x00, 0x00, 0x95, 0x05, 0x00, 0x00, 0x90, 0x05, 0x00, 0x00,
	0x02, 0x00, 0x00, 0x00, 0x51, 0x00, 0x05, 0x00, 0x06, 0x00, 0x00, 0x00, 0x96, 0x05, 0x00, 0x00,
	0x91, 0x05, 0x00, 0x00, 0x00, 0x00, 0x00, 0x00, 0x51, 0x00, 0x05, 0x00, 0x06, 0x00, 0x00, 0x00,
	0x97, 0x05, 0x00, 0x00, 0x91, 0x05, 0x00, 0x00, 0x01, 0x00, 0x00, 0x00, 0x51, 0x00, 0x05, 0x00,
	0x06, 0x00, 0x00, 0x00, 0x98, 0x05, 0x00, 0x00, 0x91, 0x05, 0x00, 0x00, 0x02, 0x00, 0x00, 0x00,
	0x51, 0x00, 0x05, 0x00, 0x06, 0x00, 0x00, 0x00, 0x99, 0x05, 0x00, 0x00, 0x92, 0x05, 0x00, 0x00,
	0x00, 0x00, 0x00, 0x00, 0x51, 0x00, 0x05, 0x00, 0x06, 0x00, 0x00, 0x00, 0x9A, 0x05, 0x00, 0x00,
	0x92, 0x05, 0x00, 0x00, 0x01, 0x00, 0x00, 0x00, 0x51, 0x00, 0x05, 0x00, 0x06, 0x00, 0x00, 0x00,
	0x9B, 0x05, 0x00, 0x00, 0x92, 0x05, 0x00, 0x00, 0x02, 0x00, 0x00, 0x00, 0x50, 0x00, 0x06, 0x00,
	0x0D, 0x00, 0x00, 0x00, 0x9C, 0x05, 0x00, 0x00, 0x93, 0x05, 0x00, 0x00, 0x94, 0x05, 0x00, 0x00,
	0x95, 0x05, 0x00, 0x00, 0x50, 0x00, 0x06, 0x00, 0x0D, 0x00, 0x00, 0x00, 0x9D, 0x05, 0x00, 0x00,
	0x96, 0x05, 0x00, 0x00, 0x97, 0x05, 0x00, 0x00, 0x98, 0x05, 0x00, 0x00, 0x50, 0x00, 0x06, 0x00,
	0x0D, 0x00, 0x00, 0x00, 0x9E, 0x05, 0x00, 0x00, 0x99, 0x05, 0x00, 0x00, 0x9A, 0x05, 0x00, 0x00,
	0x9B, 0x05, 0x00, 0x00, 0x50, 0x00, 0x06, 0x00, 0x84, 0x00, 0x00, 0x00, 0x9F, 0x05, 0x00, 0x00,
	0x9C, 0x05, 0x00, 0x00, 0x9D, 0x05, 0x00, 0x00, 0x9E, 0x05, 0x00, 0x00, 0x3E, 0x00, 0x03, 0x00,
	0x8F, 0x05, 0x00, 0x00, 0x9F, 0x05, 0x00, 0x00, 0x3D, 0x00, 0x04, 0x00, 0x14, 0x00, 0x00, 0x00,
	0xA1, 0x05, 0x00, 0x00, 0xFA, 0x03, 0x00, 0x00, 0x50, 0x00, 0x05, 0x00, 0x14, 0x00, 0x00, 0x00,
	0xA2, 0x05, 0x00, 0x00, 0xA1, 0x00, 0x00, 0x00, 0xA1, 0x00, 0x00, 0x00, 0x88, 0x00, 0x05, 0x00,
	0x14, 0x00, 0x00, 0x00, 0xA3, 0x05, 0x00, 0x00, 0xA2, 0x05, 0x00, 0x00, 0xA1, 0x05, 0x00, 0x00,
	0x3E, 0x00, 0x03, 0x00, 0xA0, 0x05, 0x00, 0x00, 0xA3, 0x05, 0x00, 0x00, 0x41, 0x00, 0x05, 0x00,
	0x07, 0x00, 0x00, 0x00, 0xA5, 0x05, 0x00, 0x00, 0xA0, 0x05, 0x00, 0x00, 0xFC, 0x00, 0x00, 0x00,
	0x3D, 0x00, 0x04, 0x00, 0x06, 0x00, 0x00, 0x00, 0xA6, 0x05, 0x00, 0x00, 0xA5, 0x05, 0x00, 0x00,
	0x50, 0x00, 0x05, 0x00, 0x14, 0x00, 0x00, 0x00, 0xA7, 0x05, 0x00, 0x00, 0xA6, 0x05, 0x00, 0x00,
	0xB3, 0x00, 0x00, 0x00, 0x41, 0x00, 0x05, 0x00, 0x07, 0x00, 0x00, 0x00, 0xA8, 0x05, 0x00, 0x00,
	0xA0, 0x05, 0x00, 0x00, 0xF5, 0x00, 0x00, 0x00, 0x3D, 0x00, 0x04, 0x00, 0x06, 0x00, 0x00, 0x00,
	0xA9, 0x05, 0x00, 0x00, 0xA8, 0x05, 0x00, 0x00, 0x50, 0x00, 0x05, 0x00, 0x14, 0x00, 0x00, 0x00,
	0xAA, 0x05, 0x00, 0x00, 0xB3, 0x00, 0x00, 0x00, 0xA9, 0x05, 0x00, 0x00, 0x51, 0x00, 0x05, 0x00,
	0x06, 0x00, 0x00, 0x00, 0xAB, 0x05, 0x00, 0x00, 0xA7, 0x05, 0x00, 0x00, 0x00, 0x00, 0x00, 0x00,
	0x51, 0x00, 0x05, 0x00, 0x06, 0x00, 0x00, 0x00, 0xAC, 0x05, 0x00, 0x00, 0xA7, 0x05, 0x00, 0x00,
	0x01, 0x00, 0x00, 0x00, 0x51, 0x00, 0x05, 0x00, 0x06, 0x00, 0x00, 0x00, 0xAD, 0x05, 0x00, 0x00,
	0xAA, 0x05, 0x00, 0x00, 0x00, 0x00, 0x00, 0x00, 0x51, 0x00, 0x05, 0x00, 0x06, 0x00, 0x00, 0x00,
	0xAE, 0x05, 0x00, 0x00, 0xAA, 0x05, 0x00, 0x00, 0x01, 0x00, 0x00, 0x00, 0x50, 0x00, 0x05, 0x00,
	0x14, 0x00, 0x00, 0x00, 0xAF, 0x05, 0x00, 0x00, 0xAB, 0x05, 0x00, 0x00, 0xAC, 0x05, 0x00, 0x00,
	0x50, 0x00, 0x05, 0x00, 0x14, 0x00, 0x00, 0x00, 0xB0, 0x05, 0x00, 0x00, 0xAD, 0x05, 0x00, 0x00,
	0xAE, 0x05, 0x00, 0x00, 0x50, 0x00, 0x05, 0x00, 0x1E, 0x00, 0x00, 0x00, 0xB1, 0x05, 0x00, 0x00,
	0xAF, 0x05, 0x00, 0x00, 0xB0, 0x05, 0x00, 0x00, 0x3E, 0x00, 0x03, 0x00, 0xA4, 0x05, 0x00, 0x00,
	0xB1, 0x05, 0x00, 0x00, 0x3D, 0x00, 0x04, 0x00, 0x06, 0x00, 0x00, 0x00, 0xB3, 0x05, 0x00, 0x00,
	0x46, 0x04, 0x00, 0x00, 0x3D, 0x00, 0x04, 0x00, 0x06, 0x00, 0x00, 0x00, 0xB4, 0x05, 0x00, 0x00,
	0x46, 0x04, 0x00, 0x00, 0x85, 0x00, 0x05, 0x00, 0x06, 0x00, 0x00, 0x00, 0xB5, 0x05, 0x00, 0x00,
	0xB3, 0x05, 0x00, 0x00, 0xB4, 0x05, 0x00, 0x00, 0x0C, 0x00, 0x07, 0x00, 0x06, 0x00, 0x00, 0x00,
	0xB6, 0x05, 0x00, 0x00, 0x01, 0x00, 0x00, 0x00, 0x28, 0x00, 0x00, 0x00, 0xB5, 0x05, 0x00, 0x00,
	0x61, 0x01, 0x00, 0x00, 0x3E, 0x00, 0x03, 0x00, 0xB2, 0x05, 0x00, 0x00, 0xB6, 0x05, 0x00, 0x00,
	0x41, 0x00, 0x06, 0x00, 0x49, 0x04, 0x00, 0x00, 0xB9, 0x05, 0x00, 0x00, 0xFF, 0x03, 0x00, 0x00,
	0xB8, 0x05, 0x00, 0x00, 0xFC, 0x00, 0x00, 0x00, 0x3D, 0x00, 0x04, 0x00, 0x06, 0x00, 0x00, 0x00,
	0xBA, 0x05, 0x00, 0x00, 0xB9, 0x05, 0x00, 0x00, 0x0C, 0x00, 0x07, 0x00, 0x06, 0x00, 0x00, 0x00,
	0xBB, 0x05, 0x00, 0x00, 0x01, 0x00, 0x00, 0x00, 0x28, 0x00, 0x00, 0x00, 0xBA, 0x05, 0x00, 0x00,
	0x61, 0x01, 0x00, 0x00, 0x41, 0x00, 0x05, 0x00, 0x07, 0x00, 0x00, 0x00, 0xBC, 0x05, 0x00, 0x00,
	0xB7, 0x05, 0x00, 0x00, 0xF8, 0x00, 0x00, 0x00, 0x3E, 0x00, 0x03, 0x00, 0xBC, 0x05, 0x00, 0x00,
	0xBB, 0x05, 0x00, 0x00, 0x41, 0x00, 0x06, 0x00, 0x49, 0x04, 0x00, 0x00, 0xBD, 0x05, 0x00, 0x00,
	0xFF, 0x03, 0x00, 0x00, 0xB8, 0x05, 0x00, 0x00, 0xF5, 0x00, 0x00, 0x00, 0x3D, 0x00, 0x04, 0x00,
	0x06, 0x00, 0x00, 0x00, 0xBE, 0x05, 0x00, 0x00, 0xBD, 0x05, 0x00, 0x00, 0x0C, 0x00, 0x07, 0x00,
	0x06, 0x00, 0x00, 0x00, 0xBF, 0x05, 0x00, 0x00, 0x01, 0x00, 0x00, 0x00, 0x28, 0x00, 0x00, 0x00,
	0xBE, 0x05, 0x00, 0x00, 0x11, 0x03, 0x00, 0x00, 0x41, 0x00, 0x05, 0x00, 0x07, 0x00, 0x00, 0x00,
	0xC0, 0x05, 0x00, 0x00, 0xB7, 0x05, 0x00, 0x00, 0xF4, 0x00, 0x00, 0x00, 0x3E, 0x00, 0x03, 0x00,
	0xC0, 0x05, 0x00, 0x00, 0xBF, 0x05, 0x00, 0x00, 0x41, 0x00, 0x06, 0x00, 0x49, 0x04, 0x00, 0x00,
	0xC1, 0x05, 0x00, 0x00, 0xFF, 0x03, 0x00, 0x00, 0xB8, 0x05, 0x00, 0x00, 0xBD, 0x00, 0x00, 0x00,
	0x3D, 0x00, 0x04, 0x00, 0x06, 0x00, 0x00, 0x00, 0xC2, 0x05, 0x00, 0x00, 0xC1, 0x05, 0x00, 0x00,
	0x0C, 0x00, 0x07, 0x00, 0x06, 0x00, 0x00, 0x00, 0xC3, 0x05, 0x00, 0x00, 0x01, 0x00, 0x00, 0x00,
	0x28, 0x00, 0x00, 0x00, 0xC2, 0x05, 0x00, 0x00, 0xDC, 0x00, 0x00, 0x00, 0x41, 0x00, 0x05, 0x00,
	0x07, 0x00, 0x00, 0x00, 0xC4, 0x05, 0x00, 0x00, 0xB7, 0x05, 0x00, 0x00, 0xC8, 0x02, 0x00, 0x00,
	0x3E, 0x00, 0x03, 0x00, 0xC4, 0x05, 0x00, 0x00, 0xC3, 0x05, 0x00, 0x00, 0x41, 0x00, 0x06, 0x00,
	0x49, 0x04, 0x00, 0x00, 0xC5, 0x05, 0x00, 0x00, 0xFF, 0x03, 0x00, 0x00, 0xB8, 0x05, 0x00, 0x00,
	0x39, 0x04, 0x00, 0x00, 0x3D, 0x00, 0x04, 0x00, 0x06, 0x00, 0x00, 0x00, 0xC6, 0x05, 0x00, 0x00,
	0xC5, 0x05, 0x00, 0x00, 0x0C, 0x00, 0x08, 0x00, 0x06, 0x00, 0x00, 0x00, 0xC7, 0x05, 0x00, 0x00,
	0x01, 0x00, 0x00, 0x00, 0x2B, 0x00, 0x00, 0x00, 0xC6, 0x05, 0x00, 0x00, 0xB3, 0x00, 0x00, 0x00,
	0x69, 0x01, 0x00, 0x00, 0x41, 0x00, 0x05, 0x00, 0x07, 0x00, 0x00, 0x00, 0xC8, 0x05, 0x00, 0x00,
	0xB7, 0x05, 0x00, 0x00, 0xD0, 0x03, 0x00, 0x00, 0x3E, 0x00, 0x03, 0x00, 0xC8, 0x05, 0x00, 0x00,
	0xC7, 0x05, 0x00, 0x00, 0x41, 0x00, 0x06, 0x00, 0x49, 0x04, 0x00, 0x00, 0xC9, 0x05, 0x00, 0x00,
	0xFF, 0x03, 0x00, 0x00, 0x54, 0x05, 0x00, 0x00, 0xFC, 0x00, 0x00, 0x00, 0x3D, 0x00, 0x04, 0x00,
	0x06, 0x00, 0x00, 0x00, 0xCA, 0x05, 0x00, 0x00, 0xC9, 0x05, 0x00, 0x00, 0x0C, 0x00, 0x07, 0x00,
	0x06, 0x00, 0x00, 0x00, 0xCB, 0x05, 0x00, 0x00, 0x01, 0x00, 0x00, 0x00, 0x28, 0x00, 0x00, 0x00,
	0xCA, 0x05, 0x00, 0x00, 0x7B, 0x03, 0x00, 0x00, 0x41, 0x00, 0x05, 0x00, 0x07, 0x00, 0x00, 0x00,
	0xCC, 0x05, 0x00, 0x00, 0xB7, 0x05, 0x00, 0x00, 0xCC, 0x02, 0x00, 0x00, 0x3E, 0x00, 0x03, 0x00,
	0xCC, 0x05, 0x00, 0x00, 0xCB, 0x05, 0x00, 0x00, 0x41, 0x00, 0x06, 0x00, 0x49, 0x04, 0x00, 0x00,
	0xCD, 0x05, 0x00, 0x00, 0xFF, 0x03, 0x00, 0x00, 0x54, 0x05, 0x00, 0x00, 0xF5, 0x00, 0x00, 0x00,
	0x3D, 0x00, 0x04, 0x00, 0x06, 0x00, 0x00, 0x00, 0xCE, 0x05, 0x00, 0x00, 0xCD, 0x05, 0x00, 0x00,
	0x0C, 0x00, 0x07, 0x00, 0x06, 0x00, 0x00, 0x00, 0xCF, 0x05, 0x00, 0x00, 0x01, 0x00, 0x00, 0x00,
	0x28, 0x00, 0x00, 0x00, 0xCE, 0x05, 0x00, 0x00, 0xA1, 0x00, 0x00, 0x00, 0x41, 0x00, 0x05, 0x00,
	0x07, 0x00, 0x00, 0x00, 0xD0, 0x05, 0x00, 0x00, 0xB7, 0x05, 0x00, 0x00, 0xD8, 0x03, 0x00, 0x00,
	0x3E, 0x00, 0x03, 0x00, 0xD0, 0x05, 0x00, 0x00, 0xCF, 0x05, 0x00, 0x00, 0x3E, 0x00, 0x03, 0x00,
	0xD1, 0x05, 0x00, 0x00, 0xB3, 0x00, 0x00, 0x00, 0x3E, 0x00, 0x03, 0x00, 0xD2, 0x05, 0x00, 0x00,
	0xB3, 0x00, 0x00, 0x00, 0x3D, 0x00, 0x04, 0x00, 0x84, 0x00, 0x00, 0x00, 0xD5, 0x05, 0x00, 0x00,
	0x8F, 0x05, 0x00, 0x00, 0x3E, 0x00, 0x03, 0x00, 0xD4, 0x05, 0x00, 0x00, 0xD5, 0x05, 0x00, 0x00,
	0x3D, 0x00, 0x04, 0x00, 0x0D, 0x00, 0x00, 0x00, 0xD7, 0x05, 0x00, 0x00, 0xB7, 0x04, 0x00, 0x00,
	0x3E, 0x00, 0x03, 0x00, 0xD6, 0x05, 0x00, 0x00, 0xD7, 0x05, 0x00, 0x00, 0x3D, 0x00, 0x04, 0x00,
	0x14, 0x00, 0x00, 0x00, 0xD9, 0x05, 0x00, 0x00, 0x05, 0x04, 0x00, 0x00, 0x3E, 0x00, 0x03, 0x00,
	0xD8, 0x05, 0x00, 0x00, 0xD9, 0x05, 0x00, 0x00, 0x3D, 0x00, 0x04, 0x00, 0x1E, 0x00, 0x00, 0x00,
	0xDB, 0x05, 0x00, 0x00, 0xA4, 0x05, 0x00, 0x00, 0x3E, 0x00, 0x03, 0x00, 0xDA, 0x05, 0x00, 0x00,
	0xDB, 0x05, 0x00, 0x00, 0x3D, 0x00, 0x04, 0x00, 0x06, 0x00, 0x00, 0x00, 0xDD, 0x05, 0x00, 0x00,
	0xB2, 0x05, 0x00, 0x00, 0x3E, 0x00, 0x03, 0x00, 0xDC, 0x05, 0x00, 0x00, 0xDD, 0x05, 0x00, 0x00,
	0x3D, 0x00, 0x04, 0x00, 0x86, 0x00, 0x00, 0x00, 0xDF, 0x05, 0x00, 0x00, 0xB7, 0x05, 0x00, 0x00,
	0x3E, 0x00, 0x03, 0x00, 0xDE, 0x05, 0x00, 0x00, 0xDF, 0x05, 0x00, 0x00, 0x39, 0x00, 0x0C, 0x00,
	0x06, 0x00, 0x00, 0x00, 0xE2, 0x05, 0x00, 0x00, 0x91, 0x00, 0x00, 0x00, 0xD4, 0x05, 0x00, 0x00,
	0xD6, 0x05, 0x00, 0x00, 0xD8, 0x05, 0x00, 0x00, 0xDA, 0x05, 0x00, 0x00, 0xDC, 0x05, 0x00, 0x00,
	0xDE, 0x05, 0x00, 0x00, 0xE0, 0x05, 0x00, 0x00, 0xE1, 0x05, 0x00, 0x00, 0x3D, 0x00, 0x04, 0x00,
	0x06, 0x00, 0x00, 0x00, 0xE3, 0x05, 0x00, 0x00, 0xE0, 0x05, 0x00, 0x00, 0x3E, 0x00, 0x03, 0x00,
	0xD1, 0x05, 0x00, 0x00, 0xE3, 0x05, 0x00, 0x00, 0x3D, 0x00, 0x04, 0x00, 0x06, 0x00, 0x00, 0x00,
	0xE4, 0x05, 0x00, 0x00, 0xE1, 0x05, 0x00, 0x00, 0x3E, 0x00, 0x03, 0x00, 0xD2, 0x05, 0x00, 0x00,
	0xE4, 0x05, 0x00, 0x00, 0x3E, 0x00, 0x03, 0x00, 0xD3, 0x05, 0x00, 0x00, 0xE2, 0x05, 0x00, 0x00,
	0x3D, 0x00, 0x04, 0x00, 0x0D, 0x00, 0x00, 0x00, 0xE6, 0x05, 0x00, 0x00, 0x44, 0x04, 0x00, 0x00,
	0x3D, 0x00, 0x04, 0x00, 0x0D, 0x00, 0x00, 0x00, 0xE7, 0x05, 0x00, 0x00, 0xB7, 0x04, 0x00, 0x00,
	0x94, 0x00, 0x05, 0x00, 0x06, 0x00, 0x00, 0x00, 0xE8, 0x05, 0x00, 0x00, 0xE6, 0x05, 0x00, 0x00,
	0xE7, 0x05, 0x00, 0x00, 0x0C, 0x00, 0x07, 0x00, 0x06, 0x00, 0x00, 0x00, 0xE9, 0x05, 0x00, 0x00,
	0x01, 0x00, 0x00, 0x00, 0x28, 0x00, 0x00, 0x00, 0xE8, 0x05, 0x00, 0x00, 0xB3, 0x00, 0x00, 0x00,
	0x3E, 0x00, 0x03, 0x00, 0xE5, 0x05, 0x00, 0x00, 0xE9, 0x05, 0x00, 0x00, 0x3D, 0x00, 0x04, 0x00,
	0x06, 0x00, 0x00, 0x00, 0xEC, 0x05, 0x00, 0x00, 0xE5, 0x05, 0x00, 0x00, 0x3E, 0x00, 0x03, 0x00,
	0xEB, 0x05, 0x00, 0x00, 0xEC, 0x05, 0x00, 0x00, 0x3D, 0x00, 0x04, 0x00, 0x06, 0x00, 0x00, 0x00,
	0xEE, 0x05, 0x00, 0x00, 0xB2, 0x05, 0x00, 0x00, 0x3E, 0x00, 0x03, 0x00, 0xED, 0x05, 0x00, 0x00,
	0xEE, 0x05, 0x00, 0x00, 0x39, 0x00, 0x06, 0x00, 0x06, 0x00, 0x00, 0x00, 0xEF, 0x05, 0x00, 0x00,
	0x0B, 0x00, 0x00, 0x00, 0xEB, 0x05, 0x00, 0x00, 0xED, 0x05, 0x00, 0x00, 0x0C, 0x00, 0x07, 0x00,
	0x06, 0x00, 0x00, 0x00, 0xF0, 0x05, 0x00, 0x00, 0x01, 0x00, 0x00, 0x00, 0x28, 0x00, 0x00, 0x00,
	0xEF, 0x05, 0x00, 0x00, 0x11, 0x03, 0x00, 0x00, 0x3E, 0x00, 0x03, 0x00, 0xEA, 0x05, 0x00, 0x00,
	0xF0, 0x05, 0x00, 0x00, 0x3D, 0x00, 0x04, 0x00, 0x06, 0x00, 0x00, 0x00, 0xF2, 0x05, 0x00, 0x00,
	0xD3, 0x05, 0x00, 0x00, 0x3D, 0x00, 0x04, 0x00, 0x06, 0x00, 0x00, 0x00, 0xF3, 0x05, 0x00, 0x00,
	0xEA, 0x05, 0x00, 0x00, 0x88, 0x00, 0x05, 0x00, 0x06, 0x00, 0x00, 0x00, 0xF4, 0x05, 0x00, 0x00,
	0xF2, 0x05, 0x00, 0x00, 0xF3, 0x05, 0x00, 0x00, 0x0C, 0x00, 0x08, 0x00, 0x06, 0x00, 0x00, 0x00,
	0xF6, 0x05, 0x00, 0x00, 0x01, 0x00, 0x00, 0x00, 0x2B, 0x00, 0x00, 0x00, 0xF4, 0x05, 0x00, 0x00,
	0xB3, 0x00, 0x00, 0x00, 0xF5, 0x05, 0x00, 0x00, 0x3E, 0x00, 0x03, 0x00, 0xF1, 0x05, 0x00, 0x00,
	0xF6, 0x05, 0x00, 0x00, 0x3D, 0x00, 0x04, 0x00, 0x0D, 0x00, 0x00, 0x00, 0xF7, 0x05, 0x00, 0x00,
	0x33, 0x05, 0x00, 0x00, 0x3D, 0x00, 0x04, 0x00, 0x0D, 0x00, 0x00, 0x00, 0xF8, 0x05, 0x00, 0x00,
	0x33, 0x05, 0x00, 0x00, 0xB4, 0x00, 0x05, 0x00, 0x8D, 0x04, 0x00, 0x00, 0xF9, 0x05, 0x00, 0x00,
	0xF7, 0x05, 0x00, 0x00, 0xF8, 0x05, 0x00, 0x00, 0x9B, 0x00, 0x04, 0x00, 0xFC, 0x02, 0x00, 0x00,
	0xFA, 0x05, 0x00, 0x00, 0xF9, 0x05, 0x00, 0x00, 0xF7, 0x00, 0x03, 0x00, 0xFC, 0x05, 0x00, 0x00,
	0x00, 0x00, 0x00, 0x00, 0xFA, 0x00, 0x04, 0x00, 0xFA, 0x05, 0x00, 0x00, 0xFB, 0x05, 0x00, 0x00,
	0xFC, 0x05, 0x00, 0x00, 0xF8, 0x00, 0x02, 0x00, 0xFB, 0x05, 0x00, 0x00, 0x3D, 0x00, 0x04, 0x00,
	0x06, 0x00, 0x00, 0x00, 0xFD, 0x05, 0x00, 0x00, 0xF1, 0x05, 0x00, 0x00, 0x3D, 0x00, 0x04, 0x00,
	0x06, 0x00, 0x00, 0x00, 0xFE, 0x05, 0x00, 0x00, 0x69, 0x05, 0x00, 0x00, 0x0C, 0x00, 0x08, 0x00,
	0x06, 0x00, 0x00, 0x00, 0xFF, 0x05, 0x00, 0x00, 0x01, 0x00, 0x00, 0x00, 0x2E, 0x00, 0x00, 0x00,
	0xA1, 0x00, 0x00, 0x00, 0xFD, 0x05, 0x00, 0x00, 0xFE, 0x05, 0x00, 0x00, 0x3D, 0x00, 0x04, 0x00,
	0x0D, 0x00, 0x00, 0x00, 0x00, 0x06, 0x00, 0x00, 0x33, 0x05, 0x00, 0x00, 0x8E, 0x00, 0x05, 0x00,
	0x0D, 0x00, 0x00, 0x00, 0x01, 0x06, 0x00, 0x00, 0x00, 0x06, 0x00, 0x00, 0xFF, 0x05, 0x00, 0x00,
	0x3E, 0x00, 0x03, 0x00, 0x33, 0x05, 0x00, 0x00, 0x01, 0x06, 0x00, 0x00, 0xF9, 0x00, 0x02, 0x00,
	0xFC, 0x05, 0x00, 0x00, 0xF8, 0x00, 0x02, 0x00, 0xFC, 0x05, 0x00, 0x00, 0xF9, 0x00, 0x02, 0x00,
	0x86, 0x05, 0x00, 0x00, 0xF8, 0x00, 0x02, 0x00, 0x86, 0x05, 0x00, 0x00, 0xF9, 0x00, 0x02, 0x00,
	0x73, 0x05, 0x00, 0x00, 0xF8, 0x00, 0x02, 0x00, 0x73, 0x05, 0x00, 0x00, 0xF9, 0x00, 0x02, 0x00,
	0x68, 0x05, 0x00, 0x00, 0xF8, 0x00, 0x02, 0x00, 0x68, 0x05, 0x00, 0x00, 0xF9, 0x00, 0x02, 0x00,
	0x52, 0x05, 0x00, 0x00, 0xF8, 0x00, 0x02, 0x00, 0x52, 0x05, 0x00, 0x00, 0x41, 0x00, 0x06, 0x00,
	0x49, 0x04, 0x00, 0x00, 0x03, 0x06, 0x00, 0x00, 0xFF, 0x03, 0x00, 0x00, 0xBB, 0x04, 0x00, 0x00,
	0xBD, 0x00, 0x00, 0x00, 0x3D, 0x00, 0x04, 0x00, 0x06, 0x00, 0x00, 0x00, 0x04, 0x06, 0x00, 0x00,
	0x03, 0x06, 0x00, 0x00, 0x0C, 0x00, 0x07, 0x00, 0x06, 0x00, 0x00, 0x00, 0x05, 0x06, 0x00, 0x00,
	0x01, 0x00, 0x00, 0x00, 0x28, 0x00, 0x00, 0x00, 0x04, 0x06, 0x00, 0x00, 0xB3, 0x00, 0x00, 0x00,
	0x3E, 0x00, 0x03, 0x00, 0x02, 0x06, 0x00, 0x00, 0x05, 0x06, 0x00, 0x00, 0x3D, 0x00, 0x04, 0x00,
	0x06, 0x00, 0x00, 0x00, 0x06, 0x06, 0x00, 0x00, 0x02, 0x06, 0x00, 0x00, 0xBA, 0x00, 0x05, 0x00,
	0xFC, 0x02, 0x00, 0x00, 0x07, 0x06, 0x00, 0x00, 0x06, 0x06, 0x00, 0x00, 0xB3, 0x00, 0x00, 0x00,
	0xF7, 0x00, 0x03, 0x00, 0x09, 0x06, 0x00, 0x00, 0x00, 0x00, 0x00, 0x00, 0xFA, 0x00, 0x04, 0x00,
	0x07, 0x06, 0x00, 0x00, 0x08, 0x06, 0x00, 0x00, 0x09, 0x06, 0x00, 0x00, 0xF8, 0x00, 0x02, 0x00,
	0x08, 0x06, 0x00, 0x00, 0x3D, 0x00, 0x04, 0x00, 0x0D, 0x00, 0x00, 0x00, 0x0B, 0x06, 0x00, 0x00,
	0x33, 0x05, 0x00, 0x00, 0x94, 0x00, 0x05, 0x00, 0x06, 0x00, 0x00, 0x00, 0x10, 0x06, 0x00, 0x00,
	0x0B, 0x06, 0x00, 0x00, 0x0F, 0x06, 0x00, 0x00, 0x3E, 0x00, 0x03, 0x00, 0x0A, 0x06, 0x00, 0x00,
	0x10, 0x06, 0x00, 0x00, 0x3D, 0x00, 0x04, 0x00, 0x06, 0x00, 0x00, 0x00, 0x11, 0x06, 0x00, 0x00,
	0x0A, 0x06, 0x00, 0x00, 0x3D, 0x00, 0x04, 0x00, 0x06, 0x00, 0x00, 0x00, 0x12, 0x06, 0x00, 0x00,
	0x02, 0x06, 0x00, 0x00, 0x85, 0x00, 0x05, 0x00, 0x06, 0x00, 0x00, 0x00, 0x13, 0x06, 0x00, 0x00,
	0x11, 0x06, 0x00, 0x00, 0x12, 0x06, 0x00, 0x00, 0x81, 0x00, 0x05, 0x00, 0x06, 0x00, 0x00, 0x00,
	0x14, 0x06, 0x00, 0x00, 0xA1, 0x00, 0x00, 0x00, 0x13, 0x06, 0x00, 0x00, 0x3D, 0x00, 0x04, 0x00,
	0x0D, 0x00, 0x00, 0x00, 0x15, 0x06, 0x00, 0x00, 0x33, 0x05, 0x00, 0x00, 0x50, 0x00, 0x06, 0x00,
	0x0D, 0x00, 0x00, 0x00, 0x16, 0x06, 0x00, 0x00, 0x14, 0x06, 0x00, 0x00, 0x14, 0x06, 0x00, 0x00,
	0x14, 0x06, 0x00, 0x00, 0x88, 0x00, 0x05, 0x00, 0x0D, 0x00, 0x00, 0x00, 0x17, 0x06, 0x00, 0x00,
	0x15, 0x06, 0x00, 0x00, 0x16, 0x06, 0x00, 0x00, 0x3E, 0x00, 0x03, 0x00, 0x33, 0x05, 0x00, 0x00,
	0x17, 0x06, 0x00, 0x00, 0xF9, 0x00, 0x02, 0x00, 0x09, 0x06, 0x00, 0x00, 0xF8, 0x00, 0x02, 0x00,
	0x09, 0x06, 0x00, 0x00, 0x3D, 0x00, 0x04, 0x00, 0x0D, 0x00, 0x00, 0x00, 0x18, 0x06, 0x00, 0x00,
	0x33, 0x05, 0x00, 0x00, 0x3D, 0x00, 0x04, 0x00, 0x0D, 0x00, 0x00, 0x00, 0x19, 0x06, 0x00, 0x00,
	0x33, 0x05, 0x00, 0x00, 0xB4, 0x00, 0x05, 0x00, 0x8D, 0x04, 0x00, 0x00, 0x1A, 0x06, 0x00, 0x00,
	0x18, 0x06, 0x00, 0x00, 0x19, 0x06, 0x00, 0x00, 0x9B, 0x00, 0x04, 0x00, 0xFC, 0x02, 0x00, 0x00,
	0x1B, 0x06, 0x00, 0x00, 0x1A, 0x06, 0x00, 0x00, 0xA8, 0x00, 0x04, 0x00, 0xFC, 0x02, 0x00, 0x00,
	0x1C, 0x06, 0x00, 0x00, 0x1B, 0x06, 0x00, 0x00, 0xF7, 0x00, 0x03, 0x00, 0x1E, 0x06, 0x00, 0x00,
	0x00, 0x00, 0x00, 0x00, 0xFA, 0x00, 0x04, 0x00, 0x1C, 0x06, 0x00, 0x00, 0x1D, 0x06, 0x00, 0x00,
	0x1E, 0x06, 0x00, 0x00, 0xF8, 0x00, 0x02, 0x00, 0x1D, 0x06, 0x00, 0x00, 0x3E, 0x00, 0x03, 0x00,
	0x33, 0x05, 0x00, 0x00, 0x1F, 0x06, 0x00, 0x00, 0xF9, 0x00, 0x02, 0x00, 0x1E, 0x06, 0x00, 0x00,
	0xF8, 0x00, 0x02, 0x00, 0x1E, 0x06, 0x00, 0x00, 0x3D, 0x00, 0x04, 0x00, 0x1F, 0x04, 0x00, 0x00,
	0x20, 0x06, 0x00, 0x00, 0x21, 0x04, 0x00, 0x00, 0x3D, 0x00, 0x04, 0x00, 0x06, 0x04, 0x00, 0x00,
	0x21, 0x06, 0x00, 0x00, 0x08, 0x04, 0x00, 0x00, 0x4F, 0x00, 0x07, 0x00, 0x2D, 0x00, 0x00, 0x00,
	0x22, 0x06, 0x00, 0x00, 0x21, 0x06, 0x00, 0x00, 0x21, 0x06, 0x00, 0x00, 0x00, 0x00, 0x00, 0x00,
	0x01, 0x00, 0x00, 0x00, 0x7C, 0x00, 0x04, 0x00, 0x25, 0x04, 0x00, 0x00, 0x23, 0x06, 0x00, 0x00,
	0x22, 0x06, 0x00, 0x00, 0x3D, 0x00, 0x04, 0x00, 0x0D, 0x00, 0x00, 0x00, 0x24, 0x06, 0x00, 0x00,
	0x33, 0x05, 0x00, 0x00, 0x3D, 0x00, 0x04, 0x00, 0x06, 0x00, 0x00, 0x00, 0x25, 0x06, 0x00, 0x00,
	0x46, 0x04, 0x00, 0x00, 0x51, 0x00, 0x05, 0x00, 0x06, 0x00, 0x00, 0x00, 0x26, 0x06, 0x00, 0x00,
	0x24, 0x06, 0x00, 0x00, 0x00, 0x00, 0x00, 0x00, 0x51, 0x00, 0x05, 0x00, 0x06, 0x00, 0x00, 0x00,
	0x27, 0x06, 0x00, 0x00, 0x24, 0x06, 0x00, 0x00, 0x01, 0x00, 0x00, 0x00, 0x51, 0x00, 0x05, 0x00,
	0x06, 0x00, 0x00, 0x00, 0x28, 0x06, 0x00, 0x00, 0x24, 0x06, 0x00, 0x00, 0x02, 0x00, 0x00, 0x00,
	0x50, 0x00, 0x07, 0x00, 0xFB, 0x03, 0x00, 0x00, 0x29, 0x06, 0x00, 0x00, 0x26, 0x06, 0x00, 0x00,
	0x27, 0x06, 0x00, 0x00, 0x28, 0x06, 0x00, 0x00, 0x25, 0x06, 0x00, 0x00, 0x63, 0x00, 0x04, 0x00,
	0x20, 0x06, 0x00, 0x00, 0x23, 0x06, 0x00, 0x00, 0x29, 0x06, 0x00, 0x00, 0xFD, 0x00, 0x01, 0x00,
	0x38, 0x00, 0x01, 0x00, 0x36, 0x00, 0x05, 0x00, 0x06, 0x00, 0x00, 0x00, 0x0B, 0x00, 0x00, 0x00,
	0x00, 0x00, 0x00, 0x00, 0x08, 0x00, 0x00, 0x00, 0x37, 0x00, 0x03, 0x00, 0x07, 0x00, 0x00, 0x00,
	0x09, 0x00, 0x00, 0x00, 0x37, 0x00, 0x03, 0x00, 0x07, 0x00, 0x00, 0x00, 0x0A, 0x00, 0x00, 0x00,
	0xF8, 0x00, 0x02, 0x00, 0x0C, 0x00, 0x00, 0x00, 0x3B, 0x00, 0x04, 0x00, 0x07, 0x00, 0x00, 0x00,
	0x93, 0x00, 0x00, 0x00, 0x07, 0x00, 0x00, 0x00, 0x3B, 0x00, 0x04, 0x00, 0x07, 0x00, 0x00, 0x00,
	0x99, 0x00, 0x00, 0x00, 0x07, 0x00, 0x00, 0x00, 0x3D, 0x00, 0x04, 0x00, 0x06, 0x00, 0x00, 0x00,
	0x94, 0x00, 0x00, 0x00, 0x0A, 0x00, 0x00, 0x00, 0x3D, 0x00, 0x04, 0x00, 0x06, 0x00, 0x00, 0x00,
	0x95, 0x00, 0x00, 0x00, 0x0A, 0x00, 0x00, 0x00, 0x85, 0x00, 0x05, 0x00, 0x06, 0x00, 0x00, 0x00,
	0x96, 0x00, 0x00, 0x00, 0x94, 0x00, 0x00, 0x00, 0x95, 0x00, 0x00, 0x00, 0x0C, 0x00, 0x07, 0x00,
	0x06, 0x00, 0x00, 0x00, 0x98, 0x00, 0x00, 0x00, 0x01, 0x00, 0x00, 0x00, 0x28, 0x00, 0x00, 0x00,
	0x96, 0x00, 0x00, 0x00, 0x97, 0x00, 0x00, 0x00, 0x3E, 0x00, 0x03, 0x00, 0x93, 0x00, 0x00, 0x00,
	0x98, 0x00, 0x00, 0x00, 0x3D, 0x00, 0x04, 0x00, 0x06, 0x00, 0x00, 0x00, 0x9A, 0x00, 0x00, 0x00,
	0x09, 0x00, 0x00, 0x00, 0x3D, 0x00, 0x04, 0x00, 0x06, 0x00, 0x00, 0x00, 0x9B, 0x00, 0x00, 0x00,
	0x93, 0x00, 0x00, 0x00, 0x85, 0x00, 0x05, 0x00, 0x06, 0x00, 0x00, 0x00, 0x9C, 0x00, 0x00, 0x00,
	0x9A, 0x00, 0x00, 0x00, 0x9B, 0x00, 0x00, 0x00, 0x3D, 0x00, 0x04, 0x00, 0x06, 0x00, 0x00, 0x00,
	0x9D, 0x00, 0x00, 0x00, 0x09, 0x00, 0x00, 0x00, 0x83, 0x00, 0x05, 0x00, 0x06, 0x00, 0x00, 0x00,
	0x9E, 0x00, 0x00, 0x00, 0x9C, 0x00, 0x00, 0x00, 0x9D, 0x00, 0x00, 0x00, 0x3D, 0x00, 0x04, 0x00,
	0x06, 0x00, 0x00, 0x00, 0x9F, 0x00, 0x00, 0x00, 0x09, 0x00, 0x00, 0x00, 0x85, 0x00, 0x05, 0x00,
	0x06, 0x00, 0x00, 0x00, 0xA0, 0x00, 0x00, 0x00, 0x9E, 0x00, 0x00, 0x00, 0x9F, 0x00, 0x00, 0x00,
	0x81, 0x00, 0x05, 0x00, 0x06, 0x00, 0x00, 0x00, 0xA2, 0x00, 0x00, 0x00, 0xA0, 0x00, 0x00, 0x00,
	0xA1, 0x00, 0x00, 0x00, 0x0C, 0x00, 0x07, 0x00, 0x06, 0x00, 0x00, 0x00, 0xA3, 0x00, 0x00, 0x00,
	0x01, 0x00, 0x00, 0x00, 0x28, 0x00, 0x00, 0x00, 0xA2, 0x00, 0x00, 0x00, 0x97, 0x00, 0x00, 0x00,
	0x3E, 0x00, 0x03, 0x00, 0x99, 0x00, 0x00, 0x00, 0xA3, 0x00, 0x00, 0x00, 0x3D, 0x00, 0x04, 0x00,
	0x06, 0x00, 0x00, 0x00, 0xA4, 0x00, 0x00, 0x00, 0x93, 0x00, 0x00, 0x00, 0x3D, 0x00, 0x04, 0x00,
	0x06, 0x00, 0x00, 0x00, 0xA6, 0x00, 0x00, 0x00, 0x99, 0x00, 0x00, 0x00, 0x85, 0x00, 0x05, 0x00,
	0x06, 0x00, 0x00, 0x00, 0xA7, 0x00, 0x00, 0x00, 0xA5, 0x00, 0x00, 0x00, 0xA6, 0x00, 0x00, 0x00,
	0x3D, 0x00, 0x04, 0x00, 0x06, 0x00, 0x00, 0x00, 0xA8, 0x00, 0x00, 0x00, 0x99, 0x00, 0x00, 0x00,
	0x85, 0x00, 0x05, 0x00, 0x06, 0x00, 0x00, 0x00, 0xA9, 0x00, 0x00, 0x00, 0xA7, 0x00, 0x00, 0x00,
	0xA8, 0x00, 0x00, 0x00, 0x88, 0x00, 0x05, 0x00, 0x06, 0x00, 0x00, 0x00, 0xAA, 0x00, 0x00, 0x00,
	0xA4, 0x00, 0x00, 0x00, 0xA9, 0x00, 0x00, 0x00, 0xFE, 0x00, 0x02, 0x00, 0xAA, 0x00, 0x00, 0x00,
	0x38, 0x00, 0x01, 0x00, 0x36, 0x00, 0x05, 0x00, 0x0D, 0x00, 0x00, 0x00, 0x12, 0x00, 0x00, 0x00,
	0x00, 0x00, 0x00, 0x00, 0x0F, 0x00, 0x00, 0x00, 0x37, 0x00, 0x03, 0x00, 0x07, 0x00, 0x00, 0x00,
	0x10, 0x00, 0x00, 0x00, 0x37, 0x00, 0x03, 0x00, 0x0E, 0x00, 0x00, 0x00, 0x11, 0x00, 0x00, 0x00,
	0xF8, 0x00, 0x02, 0x00, 0x13, 0x00, 0x00, 0x00, 0x3D, 0x00, 0x04, 0x00, 0x0D, 0x00, 0x00, 0x00,
	0xAD, 0x00, 0x00, 0x00, 0x11, 0x00, 0x00, 0x00, 0x3D, 0x00, 0x04, 0x00, 0x0D, 0x00, 0x00, 0x00,
	0xAE, 0x00, 0x00, 0x00, 0x11, 0x00, 0x00, 0x00, 0x50, 0x00, 0x06, 0x00, 0x0D, 0x00, 0x00, 0x00,
	0xAF, 0x00, 0x00, 0x00, 0xA1, 0x00, 0x00, 0x00, 0xA1, 0x00, 0x00, 0x00, 0xA1, 0x00, 0x00, 0x00,
	0x83, 0x00, 0x05, 0x00, 0x0D, 0x00, 0x00, 0x00, 0xB0, 0x00, 0x00, 0x00, 0xAF, 0x00, 0x00, 0x00,
	0xAE, 0x00, 0x00, 0x00, 0x3D, 0x00, 0x04, 0x00, 0x06, 0x00, 0x00, 0x00, 0xB1, 0x00, 0x00, 0x00,
	0x10, 0x00, 0x00, 0x00, 0x83, 0x00, 0x05, 0x00, 0x06, 0x00, 0x00, 0x00, 0xB2, 0x00, 0x00, 0x00,
	0xA1, 0x00, 0x00, 0x00, 0xB1, 0x00, 0x00, 0x00, 0x0C, 0x00, 0x08, 0x00, 0x06, 0x00, 0x00, 0x00,
	0xB4, 0x00, 0x00, 0x00, 0x01, 0x00, 0x00, 0x00, 0x2B, 0x00, 0x00, 0x00, 0xB2, 0x00, 0x00, 0x00,
	0xB3, 0x00, 0x00, 0x00, 0xA1, 0x00, 0x00, 0x00, 0x0C, 0x00, 0x07, 0x00, 0x06, 0x00, 0x00, 0x00,
	0xB6, 0x00, 0x00, 0x00, 0x01, 0x00, 0x00, 0x00, 0x1A, 0x00, 0x00, 0x00, 0xB4, 0x00, 0x00, 0x00,
	0xB5, 0x00, 0x00, 0x00, 0x8E, 0x00, 0x05, 0x00, 0x0D, 0x00, 0x00, 0x00, 0xB7, 0x00, 0x00, 0x00,
	0xB0, 0x00, 0x00, 0x00, 0xB6, 0x00, 0x00, 0x00, 0x81, 0x00, 0x05, 0x00, 0x0D, 0x00, 0x00, 0x00,
	0xB8, 0x00, 0x00, 0x00, 0xAD, 0x00, 0x00, 0x00, 0xB7, 0x00, 0x00, 0x00, 0xFE, 0x00, 0x02, 0x00,
	0xB8, 0x00, 0x00, 0x00, 0x38, 0x00, 0x01, 0x00, 0x36, 0x00, 0x05, 0x00, 0x14, 0x00, 0x00, 0x00,
	0x17, 0x00, 0x00, 0x00, 0x00, 0x00, 0x00, 0x00, 0x15, 0x00, 0x00, 0x00, 0x37, 0x00, 0x03, 0x00,
	0x0E, 0x00, 0x00, 0x00, 0x16, 0x00, 0x00, 0x00, 0xF8, 0x00, 0x02, 0x00, 0x18, 0x00, 0x00, 0x00,
	0x3D, 0x00, 0x04, 0x00, 0x0D, 0x00, 0x00, 0x00, 0xBB, 0x00, 0x00, 0x00, 0x16, 0x00, 0x00, 0x00,
	0x4F, 0x00, 0x07, 0x00, 0x14, 0x00, 0x00, 0x00, 0xBC, 0x00, 0x00, 0x00, 0xBB, 0x00, 0x00, 0x00,
	0xBB, 0x00, 0x00, 0x00, 0x00, 0x00, 0x00, 0x00, 0x01, 0x00, 0x00, 0x00, 0x41, 0x00, 0x05, 0x00,
	0x07, 0x00, 0x00, 0x00, 0xBE, 0x00, 0x00, 0x00, 0x16, 0x00, 0x00, 0x00, 0xBD, 0x00, 0x00, 0x00,
	0x3D, 0x00, 0x04, 0x00, 0x06, 0x00, 0x00, 0x00, 0xBF, 0x00, 0x00, 0x00, 0xBE, 0x00, 0x00, 0x00,
	0x81, 0x00, 0x05, 0x00, 0x06, 0x00, 0x00, 0x00, 0xC0, 0x00, 0x00, 0x00, 0xA1, 0x00, 0x00, 0x00,
	0xBF, 0x00, 0x00, 0x00, 0x0C, 0x00, 0x07, 0x00, 0x06, 0x00, 0x00, 0x00, 0xC1, 0x00, 0x00, 0x00,
	0x01, 0x00, 0x00, 0x00, 0x28, 0x00, 0x00, 0x00, 0x97, 0x00, 0x00, 0x00, 0xC0, 0x00, 0x00, 0x00,
	0x0C, 0x00, 0x06, 0x00, 0x06, 0x00, 0x00, 0x00, 0xC2, 0x00, 0x00, 0x00, 0x01, 0x00, 0x00, 0x00,
	0x1F, 0x00, 0x00, 0x00, 0xC1, 0x00, 0x00, 0x00, 0x50, 0x00, 0x05, 0x00, 0x14, 0x00, 0x00, 0x00,
	0xC3, 0x00, 0x00, 0x00, 0xC2, 0x00, 0x00, 0x00, 0xC2, 0x00, 0x00, 0x00, 0x88, 0x00, 0x05, 0x00,
	0x14, 0x00, 0x00, 0x00, 0xC4, 0x00, 0x00, 0x00, 0xBC, 0x00, 0x00, 0x00, 0xC3, 0x00, 0x00, 0x00,
	0xFE, 0x00, 0x02, 0x00, 0xC4, 0x00, 0x00, 0x00, 0x38, 0x00, 0x01, 0x00, 0x36, 0x00, 0x05, 0x00,
	0x0D, 0x00, 0x00, 0x00, 0x1C, 0x00, 0x00, 0x00, 0x00, 0x00, 0x00, 0x00, 0x19, 0x00, 0x00, 0x00,
	0x37, 0x00, 0x03, 0x00, 0x0E, 0x00, 0x00, 0x00, 0x1A, 0x00, 0x00, 0x00, 0x37, 0x00, 0x03, 0x00,
	0x07, 0x00, 0x00, 0x00, 0x1B, 0x00, 0x00, 0x00, 0xF8, 0x00, 0x02, 0x00, 0x1D, 0x00, 0x00, 0x00,
	0x3B, 0x00, 0x04, 0x00, 0x0E, 0x00, 0x00, 0x00, 0xC7, 0x00, 0x00, 0x00, 0x07, 0x00, 0x00, 0x00,
	0x3B, 0x00, 0x04, 0x00, 0x07, 0x00, 0x00, 0x00, 0xD2, 0x00, 0x00, 0x00, 0x07, 0x00, 0x00, 0x00,
	0x3B, 0x00, 0x04, 0x00, 0x0E, 0x00, 0x00, 0x00, 0xD7, 0x00, 0x00, 0x00, 0x07, 0x00, 0x00, 0x00,
	0x3B, 0x00, 0x04, 0x00, 0x0E, 0x00, 0x00, 0x00, 0xDA, 0x00, 0x00, 0x00, 0x07, 0x00, 0x00, 0x00,
	0x3D, 0x00, 0x04, 0x00, 0x0D, 0x00, 0x00, 0x00, 0xC8, 0x00, 0x00, 0x00, 0x1A, 0x00, 0x00, 0x00,
	0x4F, 0x00, 0x07, 0x00, 0x14, 0x00, 0x00, 0x00, 0xC9, 0x00, 0x00, 0x00, 0xC8, 0x00, 0x00, 0x00,
	0xC8, 0x00, 0x00, 0x00, 0x00, 0x00, 0x00, 0x00, 0x01, 0x00, 0x00, 0x00, 0x3D, 0x00, 0x04, 0x00,
	0x06, 0x00, 0x00, 0x00, 0xCA, 0x00, 0x00, 0x00, 0x1B, 0x00, 0x00, 0x00, 0x50, 0x00, 0x05, 0x00,
	0x14, 0x00, 0x00, 0x00, 0xCB, 0x00, 0x00, 0x00, 0xCA, 0x00, 0x00, 0x00, 0xCA, 0x00, 0x00, 0x00,
	0x88, 0x00, 0x05, 0x00, 0x14, 0x00, 0x00, 0x00, 0xCC, 0x00, 0x00, 0x00, 0xC9, 0x00, 0x00, 0x00,
	0xCB, 0x00, 0x00, 0x00, 0x41, 0x00, 0x05, 0x00, 0x07, 0x00, 0x00, 0x00, 0xCD, 0x00, 0x00, 0x00,
	0x1A, 0x00, 0x00, 0x00, 0xBD, 0x00, 0x00, 0x00, 0x3D, 0x00, 0x04, 0x00, 0x06, 0x00, 0x00, 0x00,
	0xCE, 0x00, 0x00, 0x00, 0xCD, 0x00, 0x00, 0x00, 0x51, 0x00, 0x05, 0x00, 0x06, 0x00, 0x00, 0x00,
	0xCF, 0x00, 0x00, 0x00, 0xCC, 0x00, 0x00, 0x00, 0x00, 0x00, 0x00, 0x00, 0x51, 0x00, 0x05, 0x00,
	0x06, 0x00, 0x00, 0x00, 0xD0, 0x00, 0x00, 0x00, 0xCC, 0x00, 0x00, 0x00, 0x01, 0x00, 0x00, 0x00,
	0x50, 0x00, 0x06, 0x00, 0x0D, 0x00, 0x00, 0x00, 0xD1, 0x00, 0x00, 0x00, 0xCF, 0x00, 0x00, 0x00,
	0xD0, 0x00, 0x00, 0x00, 0xCE, 0x00, 0x00, 0x00, 0x3E, 0x00, 0x03, 0x00, 0xC7, 0x00, 0x00, 0x00,
	0xD1, 0x00, 0x00, 0x00, 0x3D, 0x00, 0x04, 0x00, 0x0D, 0x00, 0x00, 0x00, 0xD3, 0x00, 0x00, 0x00,
	0xC7, 0x00, 0x00, 0x00, 0x3D, 0x00, 0x04, 0x00, 0x0D, 0x00, 0x00, 0x00, 0xD4, 0x00, 0x00, 0x00,
	0xC7, 0x00, 0x00, 0x00, 0x94, 0x00, 0x05, 0x00, 0x06, 0x00, 0x00, 0x00, 0xD5, 0x00, 0x00, 0x00,
	0xD3, 0x00, 0x00, 0x00, 0xD4, 0x00, 0x00, 0x00, 0x0C, 0x00, 0x07, 0x00, 0x06, 0x00, 0x00, 0x00,
	0xD6, 0x00, 0x00, 0x00, 0x01, 0x00, 0x00, 0x00, 0x28, 0x00, 0x00, 0x00, 0xD5, 0x00, 0x00, 0x00,
	0x97, 0x00, 0x00, 0x00, 0x3E, 0x00, 0x03, 0x00, 0xD2, 0x00, 0x00, 0x00, 0xD6, 0x00, 0x00, 0x00,
	0x3D, 0x00, 0x04, 0x00, 0x0D, 0x00, 0x00, 0x00, 0xD8, 0x00, 0x00, 0x00, 0xC7, 0x00, 0x00, 0x00,
	0x0C, 0x00, 0x06, 0x00, 0x0D, 0x00, 0x00, 0x00, 0xD9, 0x00, 0x00, 0x00, 0x01, 0x00, 0x00, 0x00,
	0x45, 0x00, 0x00, 0x00, 0xD8, 0x00, 0x00, 0x00, 0x3E, 0x00, 0x03, 0x00, 0xDA, 0x00, 0x00, 0x00,
	0xD9, 0x00, 0x00, 0x00, 0x39, 0x00, 0x05, 0x00, 0x14, 0x00, 0x00, 0x00, 0xDB, 0x00, 0x00, 0x00,
	0x17, 0x00, 0x00, 0x00, 0xDA, 0x00, 0x00, 0x00, 0x8E, 0x00, 0x05, 0x00, 0x14, 0x00, 0x00, 0x00,
	0xDD, 0x00, 0x00, 0x00, 0xDB, 0x00, 0x00, 0x00, 0xDC, 0x00, 0x00, 0x00, 0x50, 0x00, 0x05, 0x00,
	0x14, 0x00, 0x00, 0x00, 0xDE, 0x00, 0x00, 0x00, 0xDC, 0x00, 0x00, 0x00, 0xDC, 0x00, 0x00, 0x00,
	0x81, 0x00, 0x05, 0x00, 0x14, 0x00, 0x00, 0x00, 0xDF, 0x00, 0x00, 0x00, 0xDD, 0x00, 0x00, 0x00,
	0xDE, 0x00, 0x00, 0x00, 0x51, 0x00, 0x05, 0x00, 0x06, 0x00, 0x00, 0x00, 0xE0, 0x00, 0x00, 0x00,
	0xDF, 0x00, 0x00, 0x00, 0x00, 0x00, 0x00, 0x00, 0x51, 0x00, 0x05, 0x00, 0x06, 0x00, 0x00, 0x00,
	0xE1, 0x00, 0x00, 0x00, 0xDF, 0x00, 0x00, 0x00, 0x01, 0x00, 0x00, 0x00, 0x50, 0x00, 0x06, 0x00,
	0x0D, 0x00, 0x00, 0x00, 0xE2, 0x00, 0x00, 0x00, 0xE0, 0x00, 0x00, 0x00, 0xE1, 0x00, 0x00, 0x00,
	0xB3, 0x00, 0x00, 0x00, 0x3E, 0x00, 0x03, 0x00, 0xD7, 0x00, 0x00, 0x00, 0xE2, 0x00, 0x00, 0x00,
	0x3D, 0x00, 0x04, 0x00, 0x06, 0x00, 0x00, 0x00, 0xE3, 0x00, 0x00, 0x00, 0x1B, 0x00, 0x00, 0x00,
	0x3D, 0x00, 0x04, 0x00, 0x06, 0x00, 0x00, 0x00, 0xE4, 0x00, 0x00, 0x00, 0x1B, 0x00, 0x00, 0x00,
	0x85, 0x00, 0x05, 0x00, 0x06, 0x00, 0x00, 0x00, 0xE5, 0x00, 0x00, 0x00, 0xE3, 0x00, 0x00, 0x00,
	0xE4, 0x00, 0x00, 0x00, 0x3D, 0x00, 0x04, 0x00, 0x06, 0x00, 0x00, 0x00, 0xE6, 0x00, 0x00, 0x00,
	0xD2, 0x00, 0x00, 0x00, 0x85, 0x00, 0x05, 0x00, 0x06, 0x00, 0x00, 0x00, 0xE7, 0x00, 0x00, 0x00,
	0xE5, 0x00, 0x00, 0x00, 0xE6, 0x00, 0x00, 0x00, 0x3D, 0x00, 0x04, 0x00, 0x06, 0x00, 0x00, 0x00,
	0xE8, 0x00, 0x00, 0x00, 0xD2, 0x00, 0x00, 0x00, 0x85, 0x00, 0x05, 0x00, 0x06, 0x00, 0x00, 0x00,
	0xE9, 0x00, 0x00, 0x00, 0xE7, 0x00, 0x00, 0x00, 0xE8, 0x00, 0x00, 0x00, 0x88, 0x00, 0x05, 0x00,
	0x06, 0x00, 0x00, 0x00, 0xEA, 0x00, 0x00, 0x00, 0xA1, 0x00, 0x00, 0x00, 0xE9, 0x00, 0x00, 0x00,
	0x41, 0x00, 0x05, 0x00, 0x07, 0x00, 0x00, 0x00, 0xEB, 0x00, 0x00, 0x00, 0xD7, 0x00, 0x00, 0x00,
	0xBD, 0x00, 0x00, 0x00, 0x3E, 0x00, 0x03, 0x00, 0xEB, 0x00, 0x00, 0x00, 0xEA, 0x00, 0x00, 0x00,
	0x3D, 0x00, 0x04, 0x00, 0x0D, 0x00, 0x00, 0x00, 0xEC, 0x00, 0x00, 0x00, 0xD7, 0x00, 0x00, 0x00,
	0xFE, 0x00, 0x02, 0x00, 0xEC, 0x00, 0x00, 0x00, 0x38, 0x00, 0x01, 0x00, 0x36, 0x00, 0x05, 0x00,
	0x1E, 0x00, 0x00, 0x00, 0x22, 0x00, 0x00, 0x00, 0x00, 0x00, 0x00, 0x00, 0x20, 0x00, 0x00, 0x00,
	0x37, 0x00, 0x03, 0x00, 0x1F, 0x00, 0x00, 0x00, 0x21, 0x00, 0x00, 0x00, 0xF8, 0x00, 0x02, 0x00,
	0x23, 0x00, 0x00, 0x00, 0x3B, 0x00, 0x04, 0x00, 0x07, 0x00, 0x00, 0x00, 0xEF, 0x00, 0x00, 0x00,
	0x07, 0x00, 0x00, 0x00, 0x3D, 0x00, 0x04, 0x00, 0x1E, 0x00, 0x00, 0x00, 0xF0, 0x00, 0x00, 0x00,
	0x21, 0x00, 0x00, 0x00, 0x0C, 0x00, 0x06, 0x00, 0x06, 0x00, 0x00, 0x00, 0xF1, 0x00, 0x00, 0x00,
	0x01, 0x00, 0x00, 0x00, 0x21, 0x00, 0x00, 0x00, 0xF0, 0x00, 0x00, 0x00, 0x0C, 0x00, 0x07, 0x00,
	0x06, 0x00, 0x00, 0x00, 0xF3, 0x00, 0x00, 0x00, 0x01, 0x00, 0x00, 0x00, 0x28, 0x00, 0x00, 0x00,
	0xF1, 0x00, 0x00, 0x00, 0xF2, 0x00, 0x00, 0x00, 0x3E, 0x00, 0x03, 0x00, 0xEF, 0x00, 0x00, 0x00,
	0xF3, 0x00, 0x00, 0x00, 0x41, 0x00, 0x06, 0x00, 0x07, 0x00, 0x00, 0x00, 0xF6, 0x00, 0x00, 0x00,
	0x21, 0x00, 0x00, 0x00, 0xF4, 0x00, 0x00, 0x00, 0xF5, 0x00, 0x00, 0x00, 0x3D, 0x00, 0x04, 0x00,
	0x06, 0x00, 0x00, 0x00, 0xF7, 0x00, 0x00, 0x00, 0xF6, 0x00, 0x00, 0x00, 0x41, 0x00, 0x06, 0x00,
	0x07, 0x00, 0x00, 0x00, 0xF9, 0x00, 0x00, 0x00, 0x21, 0x00, 0x00, 0x00, 0xF8, 0x00, 0x00, 0x00,
	0xF5, 0x00, 0x00, 0x00, 0x3D, 0x00, 0x04, 0x00, 0x06, 0x00, 0x00, 0x00, 0xFA, 0x00, 0x00, 0x00,
	0xF9, 0x00, 0x00, 0x00, 0x7F, 0x00, 0x04, 0x00, 0x06, 0x00, 0x00, 0x00, 0xFB, 0x00, 0x00, 0x00,
	0xFA, 0x00, 0x00, 0x00, 0x41, 0x00, 0x06, 0x00, 0x07, 0x00, 0x00, 0x00, 0xFD, 0x00, 0x00, 0x00,
	0x21, 0x00, 0x00, 0x00, 0xF4, 0x00, 0x00, 0x00, 0xFC, 0x00, 0x00, 0x00, 0x3D, 0x00, 0x04, 0x00,
	0x06, 0x00, 0x00, 0x00, 0xFE, 0x00, 0x00, 0x00, 0xFD, 0x00, 0x00, 0x00, 0x7F, 0x00, 0x04, 0x00,
	0x06, 0x00, 0x00, 0x00, 0xFF, 0x00, 0x00, 0x00, 0xFE, 0x00, 0x00, 0x00, 0x41, 0x00, 0x06, 0x00,
	0x07, 0x00, 0x00, 0x00, 0x00, 0x01, 0x00, 0x00, 0x21, 0x00, 0x00, 0x00, 0xF8, 0x00, 0x00, 0x00,
	0xFC, 0x00, 0x00, 0x00, 0x3D, 0x00, 0x04, 0x00, 0x06, 0x00, 0x00, 0x00, 0x01, 0x01, 0x00, 0x00,
	0x00, 0x01, 0x00, 0x00, 0x50, 0x00, 0x05, 0x00, 0x14, 0x00, 0x00, 0x00, 0x02, 0x01, 0x00, 0x00,
	0xF7, 0x00, 0x00, 0x00, 0xFB, 0x00, 0x00, 0x00, 0x50, 0x00, 0x05, 0x00, 0x14, 0x00, 0x00, 0x00,
	0x03, 0x01, 0x00, 0x00, 0xFF, 0x00, 0x00, 0x00, 0x01, 0x01, 0x00, 0x00, 0x50, 0x00, 0x05, 0x00,
	0x1E, 0x00, 0x00, 0x00, 0x04, 0x01, 0x00, 0x00, 0x02, 0x01, 0x00, 0x00, 0x03, 0x01, 0x00, 0x00,
	0x3D, 0x00, 0x04, 0x00, 0x06, 0x00, 0x00, 0x00, 0x05, 0x01, 0x00, 0x00, 0xEF, 0x00, 0x00, 0x00,
	0x88, 0x00, 0x05, 0x00, 0x06, 0x00, 0x00, 0x00, 0x06, 0x01, 0x00, 0x00, 0xA1, 0x00, 0x00, 0x00,
	0x05, 0x01, 0x00, 0x00, 0x8F, 0x00, 0x05, 0x00, 0x1E, 0x00, 0x00, 0x00, 0x07, 0x01, 0x00, 0x00,
	0x04, 0x01, 0x00, 0x00, 0x06, 0x01, 0x00, 0x00, 0xFE, 0x00, 0x02, 0x00, 0x07, 0x01, 0x00, 0x00,
	0x38, 0x00, 0x01, 0x00, 0x36, 0x00, 0x05, 0x00, 0x1E, 0x00, 0x00, 0x00, 0x25, 0x00, 0x00, 0x00,
	0x00, 0x00, 0x00, 0x00, 0x20, 0x00, 0x00, 0x00, 0x37, 0x00, 0x03, 0x00, 0x1F, 0x00, 0x00, 0x00,
	0x24, 0x00, 0x00, 0x00, 0xF8, 0x00, 0x02, 0x00, 0x26, 0x00, 0x00, 0x00, 0x3B, 0x00, 0x04, 0x00,
	0x1F, 0x00, 0x00, 0x00, 0x0A, 0x01, 0x00, 0x00, 0x07, 0x00, 0x00, 0x00, 0x3B, 0x00, 0x04, 0x00,
	0x1F, 0x00, 0x00, 0x00, 0x0D, 0x01, 0x00, 0x00, 0x07, 0x00, 0x00, 0x00, 0x3B, 0x00, 0x04, 0x00,
	0x07, 0x00, 0x00, 0x00, 0x0F, 0x01, 0x00, 0x00, 0x07, 0x00, 0x00, 0x00, 0x3B, 0x00, 0x04, 0x00,
	0x07, 0x00, 0x00, 0x00, 0x16, 0x01, 0x00, 0x00, 0x07, 0x00, 0x00, 0x00, 0x3B, 0x00, 0x04, 0x00,
	0x07, 0x00, 0x00, 0x00, 0x1E, 0x01, 0x00, 0x00, 0x07, 0x00, 0x00, 0x00, 0x3B, 0x00, 0x04, 0x00,
	0x07, 0x00, 0x00, 0x00, 0x21, 0x01, 0x00, 0x00, 0x07, 0x00, 0x00, 0x00, 0x3B, 0x00, 0x04, 0x00,
	0x07, 0x00, 0x00, 0x00, 0x25, 0x01, 0x00, 0x00, 0x07, 0x00, 0x00, 0x00, 0x3B, 0x00, 0x04, 0x00,
	0x37, 0x00, 0x00, 0x00, 0x29, 0x01, 0x00, 0x00, 0x07, 0x00, 0x00, 0x00, 0x3B, 0x00, 0x04, 0x00,
	0x37, 0x00, 0x00, 0x00, 0x31, 0x01, 0x00, 0x00, 0x07, 0x00, 0x00, 0x00, 0x3B, 0x00, 0x04, 0x00,
	0x37, 0x00, 0x00, 0x00, 0x39, 0x01, 0x00, 0x00, 0x07, 0x00, 0x00, 0x00, 0x3D, 0x00, 0x04, 0x00,
	0x1E, 0x00, 0x00, 0x00, 0x0B, 0x01, 0x00, 0x00, 0x24, 0x00, 0x00, 0x00, 0x54, 0x00, 0x04, 0x00,
	0x1E, 0x00, 0x00, 0x00, 0x0C, 0x01, 0x00, 0x00, 0x0B, 0x01, 0x00, 0x00, 0x3E, 0x00, 0x03, 0x00,
	0x0D, 0x01, 0x00, 0x00, 0x0C, 0x01, 0x00, 0x00, 0x39, 0x00, 0x05, 0x00, 0x1E, 0x00, 0x00, 0x00,
	0x0E, 0x01, 0x00, 0x00, 0x22, 0x00, 0x00, 0x00, 0x0D, 0x01, 0x00, 0x00, 0x3E, 0x00, 0x03, 0x00,
	0x0A, 0x01, 0x00, 0x00, 0x0E, 0x01, 0x00, 0x00, 0x41, 0x00, 0x06, 0x00, 0x07, 0x00, 0x00, 0x00,
	0x10, 0x01, 0x00, 0x00, 0x0A, 0x01, 0x00, 0x00, 0xF8, 0x00, 0x00, 0x00, 0xFC, 0x00, 0x00, 0x00,
	0x3D, 0x00, 0x04, 0x00, 0x06, 0x00, 0x00, 0x00, 0x11, 0x01, 0x00, 0x00, 0x10, 0x01, 0x00, 0x00,
	0x41, 0x00, 0x06, 0x00, 0x07, 0x00, 0x00, 0x00, 0x12, 0x01, 0x00, 0x00, 0x0A, 0x01, 0x00, 0x00,
	0xF4, 0x00, 0x00, 0x00, 0xF5, 0x00, 0x00, 0x00, 0x3D, 0x00, 0x04, 0x00, 0x06, 0x00, 0x00, 0x00,
	0x13, 0x01, 0x00, 0x00, 0x12, 0x01, 0x00, 0x00, 0x81, 0x00, 0x05, 0x00, 0x06, 0x00, 0x00, 0x00,
	0x14, 0x01, 0x00, 0x00, 0x11, 0x01, 0x00, 0x00, 0x13, 0x01, 0x00, 0x00, 0x85, 0x00, 0x05, 0x00,
	0x06, 0x00, 0x00, 0x00, 0x15, 0x01, 0x00, 0x00, 0xDC, 0x00, 0x00, 0x00, 0x14, 0x01, 0x00, 0x00,
	0x3E, 0x00, 0x03, 0x00, 0x0F, 0x01, 0x00, 0x00, 0x15, 0x01, 0x00, 0x00, 0x3D, 0x00, 0x04, 0x00,
	0x06, 0x00, 0x00, 0x00, 0x17, 0x01, 0x00, 0x00, 0x0F, 0x01, 0x00, 0x00, 0x3D, 0x00, 0x04, 0x00,
	0x06, 0x00, 0x00, 0x00, 0x18, 0x01, 0x00, 0x00, 0x0F, 0x01, 0x00, 0x00, 0x85, 0x00, 0x05, 0x00,
	0x06, 0x00, 0x00, 0x00, 0x19, 0x01, 0x00, 0x00, 0x17, 0x01, 0x00, 0x00, 0x18, 0x01, 0x00, 0x00,
	0x3D, 0x00, 0x04, 0x00, 0x1E, 0x00, 0x00, 0x00, 0x1A, 0x01, 0x00, 0x00, 0x0A, 0x01, 0x00, 0x00,
	0x0C, 0x00, 0x06, 0x00, 0x06, 0x00, 0x00, 0x00, 0x1B, 0x01, 0x00, 0x00, 0x01, 0x00, 0x00, 0x00,
	0x21, 0x00, 0x00, 0x00, 0x1A, 0x01, 0x00, 0x00, 0x83, 0x00, 0x05, 0x00, 0x06, 0x00, 0x00, 0x00,
	0x1C, 0x01, 0x00, 0x00, 0x19, 0x01, 0x00, 0x00, 0x1B, 0x01, 0x00, 0x00, 0x0C, 0x00, 0x07, 0x00,
	0x06, 0x00, 0x00, 0x00, 0x1D, 0x01, 0x00, 0x00, 0x01, 0x00, 0x00, 0x00, 0x28, 0x00, 0x00, 0x00,
	0xB3, 0x00, 0x00, 0x00, 0x1C, 0x01, 0x00, 0x00, 0x3E, 0x00, 0x03, 0x00, 0x16, 0x01, 0x00, 0x00,
	0x1D, 0x01, 0x00, 0x00, 0x3D, 0x00, 0x04, 0x00, 0x06, 0x00, 0x00, 0x00, 0x1F, 0x01, 0x00, 0x00,
	0x16, 0x01, 0x00, 0x00, 0x0C, 0x00, 0x06, 0x00, 0x06, 0x00, 0x00, 0x00, 0x20, 0x01, 0x00, 0x00,
	0x01, 0x00, 0x00, 0x00, 0x1F, 0x00, 0x00, 0x00, 0x1F, 0x01, 0x00, 0x00, 0x3E, 0x00, 0x03, 0x00,
	0x1E, 0x01, 0x00, 0x00, 0x20, 0x01, 0x00, 0x00, 0x3D, 0x00, 0x04, 0x00, 0x06, 0x00, 0x00, 0x00,
	0x22, 0x01, 0x00, 0x00, 0x0F, 0x01, 0x00, 0x00, 0x3D, 0x00, 0x04, 0x00, 0x06, 0x00, 0x00, 0x00,
	0x23, 0x01, 0x00, 0x00, 0x1E, 0x01, 0x00, 0x00, 0x83, 0x00, 0x05, 0x00, 0x06, 0x00, 0x00, 0x00,
	0x24, 0x01, 0x00, 0x00, 0x22, 0x01, 0x00, 0x00, 0x23, 0x01, 0x00, 0x00, 0x3E, 0x00, 0x03, 0x00,
	0x21, 0x01, 0x00, 0x00, 0x24, 0x01, 0x00, 0x00, 0x3D, 0x00, 0x04, 0x00, 0x06, 0x00, 0x00, 0x00,
	0x26, 0x01, 0x00, 0x00, 0x0F, 0x01, 0x00, 0x00, 0x3D, 0x00, 0x04, 0x00, 0x06, 0x00, 0x00, 0x00,
	0x27, 0x01, 0x00, 0x00, 0x1E, 0x01, 0x00, 0x00, 0x81, 0x00, 0x05, 0x00, 0x06, 0x00, 0x00, 0x00,
	0x28, 0x01, 0x00, 0x00, 0x26, 0x01, 0x00, 0x00, 0x27, 0x01, 0x00, 0x00, 0x3E, 0x00, 0x03, 0x00,
	0x25, 0x01, 0x00, 0x00, 0x28, 0x01, 0x00, 0x00, 0x3D, 0x00, 0x04, 0x00, 0x06, 0x00, 0x00, 0x00,
	0x2A, 0x01, 0x00, 0x00, 0x21, 0x01, 0x00, 0x00, 0x41, 0x00, 0x06, 0x00, 0x07, 0x00, 0x00, 0x00,
	0x2B, 0x01, 0x00, 0x00, 0x0A, 0x01, 0x00, 0x00, 0xF4, 0x00, 0x00, 0x00, 0xF5, 0x00, 0x00, 0x00,
	0x3D, 0x00, 0x04, 0x00, 0x06, 0x00, 0x00, 0x00, 0x2C, 0x01, 0x00, 0x00, 0x2B, 0x01, 0x00, 0x00,
	0x83, 0x00, 0x05, 0x00, 0x06, 0x00, 0x00, 0x00, 0x2D, 0x01, 0x00, 0x00, 0x2A, 0x01, 0x00, 0x00,
	0x2C, 0x01, 0x00, 0x00, 0x41, 0x00, 0x06, 0x00, 0x07, 0x00, 0x00, 0x00, 0x2E, 0x01, 0x00, 0x00,
	0x0A, 0x01, 0x00, 0x00, 0xF8, 0x00, 0x00, 0x00, 0xF5, 0x00, 0x00, 0x00, 0x3D, 0x00, 0x04, 0x00,
	0x06, 0x00, 0x00, 0x00, 0x2F, 0x01, 0x00, 0x00, 0x2E, 0x01, 0x00, 0x00, 0x50, 0x00, 0x05, 0x00,
	0x14, 0x00, 0x00, 0x00, 0x30, 0x01, 0x00, 0x00, 0x2D, 0x01, 0x00, 0x00, 0x2F, 0x01, 0x00, 0x00,
	0x3E, 0x00, 0x03, 0x00, 0x29, 0x01, 0x00, 0x00, 0x30, 0x01, 0x00, 0x00, 0x41, 0x00, 0x06, 0x00,
	0x07, 0x00, 0x00, 0x00, 0x32, 0x01, 0x00, 0x00, 0x0A, 0x01, 0x00, 0x00, 0xF4, 0x00, 0x00, 0x00,
	0xFC, 0x00, 0x00, 0x00, 0x3D, 0x00, 0x04, 0x00, 0x06, 0x00, 0x00, 0x00, 0x33, 0x01, 0x00, 0x00,
	0x32, 0x01, 0x00, 0x00, 0x3D, 0x00, 0x04, 0x00, 0x06, 0x00, 0x00, 0x00, 0x34, 0x01, 0x00, 0x00,
	0x25, 0x01, 0x00, 0x00, 0x41, 0x00, 0x06, 0x00, 0x07, 0x00, 0x00, 0x00, 0x35, 0x01, 0x00, 0x00,
	0x0A, 0x01, 0x00, 0x00, 0xF8, 0x00, 0x00, 0x00, 0xFC, 0x00, 0x00, 0x00, 0x3D, 0x00, 0x04, 0x00,
	0x06, 0x00, 0x00, 0x00, 0x36, 0x01, 0x00, 0x00, 0x35, 0x01, 0x00, 0x00, 0x83, 0x00, 0x05, 0x00,
	0x06, 0x00, 0x00, 0x00, 0x37, 0x01, 0x00, 0x00, 0x34, 0x01, 0x00, 0x00, 0x36, 0x01, 0x00, 0x00,
	0x50, 0x00, 0x05, 0x00, 0x14, 0x00, 0x00, 0x00, 0x38, 0x01, 0x00, 0x00, 0x33, 0x01, 0x00, 0x00,
	0x37, 0x01, 0x00, 0x00, 0x3E, 0x00, 0x03, 0x00, 0x31, 0x01, 0x00, 0x00, 0x38, 0x01, 0x00, 0x00,
	0x3D, 0x00, 0x04, 0x00, 0x06, 0x00, 0x00, 0x00, 0x3A, 0x01, 0x00, 0x00, 0x21, 0x01, 0x00, 0x00,
	0x3D, 0x00, 0x04, 0x00, 0x06, 0x00, 0x00, 0x00, 0x3B, 0x01, 0x00, 0x00, 0x25, 0x01, 0x00, 0x00,
	0x50, 0x00, 0x05, 0x00, 0x14, 0x00, 0x00, 0x00, 0x3C, 0x01, 0x00, 0x00, 0x3A, 0x01, 0x00, 0x00,
	0x3B, 0x01, 0x00, 0x00, 0x0C, 0x00, 0x07, 0x00, 0x14, 0x00, 0x00, 0x00, 0x3E, 0x01, 0x00, 0x00,
	0x01, 0x00, 0x00, 0x00, 0x28, 0x00, 0x00, 0x00, 0x3C, 0x01, 0x00, 0x00, 0x3D, 0x01, 0x00, 0x00,
	0x0C, 0x00, 0x06, 0x00, 0x14, 0x00, 0x00, 0x00, 0x3F, 0x01, 0x00, 0x00, 0x01, 0x00, 0x00, 0x00,
	0x1F, 0x00, 0x00, 0x00, 0x3E, 0x01, 0x00, 0x00, 0x50, 0x00, 0x05, 0x00, 0x14, 0x00, 0x00, 0x00,
	0x40, 0x01, 0x00, 0x00, 0xA1, 0x00, 0x00, 0x00, 0xA1, 0x00, 0x00, 0x00, 0x88, 0x00, 0x05, 0x00,
	0x14, 0x00, 0x00, 0x00, 0x41, 0x01, 0x00, 0x00, 0x40, 0x01, 0x00, 0x00, 0x3F, 0x01, 0x00, 0x00,
	0x3E, 0x00, 0x03, 0x00, 0x39, 0x01, 0x00, 0x00, 0x41, 0x01, 0x00, 0x00, 0x3D, 0x00, 0x04, 0x00,
	0x14, 0x00, 0x00, 0x00, 0x42, 0x01, 0x00, 0x00, 0x29, 0x01, 0x00, 0x00, 0x0C, 0x00, 0x06, 0x00,
	0x14, 0x00, 0x00, 0x00, 0x43, 0x01, 0x00, 0x00, 0x01, 0x00, 0x00, 0x00, 0x45, 0x00, 0x00, 0x00,
	0x42, 0x01, 0x00, 0x00, 0x41, 0x00, 0x05, 0x00, 0x07, 0x00, 0x00, 0x00, 0x44, 0x01, 0x00, 0x00,
	0x39, 0x01, 0x00, 0x00, 0xFC, 0x00, 0x00, 0x00, 0x3D, 0x00, 0x04, 0x00, 0x06, 0x00, 0x00, 0x00,
	0x45, 0x01, 0x00, 0x00, 0x44, 0x01, 0x00, 0x00, 0x8E, 0x00, 0x05, 0x00, 0x14, 0x00, 0x00, 0x00,
	0x46, 0x01, 0x00, 0x00, 0x43, 0x01, 0x00, 0x00, 0x45, 0x01, 0x00, 0x00, 0x3D, 0x00, 0x04, 0x00,
	0x14, 0x00, 0x00, 0x00, 0x47, 0x01, 0x00, 0x00, 0x31, 0x01, 0x00, 0x00, 0x0C, 0x00, 0x06, 0x00,
	0x14, 0x00, 0x00, 0x00, 0x48, 0x01, 0x00, 0x00, 0x01, 0x00, 0x00, 0x00, 0x45, 0x00, 0x00, 0x00,
	0x47, 0x01, 0x00, 0x00, 0x41, 0x00, 0x05, 0x00, 0x07, 0x00, 0x00, 0x00, 0x49, 0x01, 0x00, 0x00,
	0x39, 0x01, 0x00, 0x00, 0xF5, 0x00, 0x00, 0x00, 0x3D, 0x00, 0x04, 0x00, 0x06, 0x00, 0x00, 0x00,
	0x4A, 0x01, 0x00, 0x00, 0x49, 0x01, 0x00, 0x00, 0x8E, 0x00, 0x05, 0x00, 0x14, 0x00, 0x00, 0x00,
	0x4B, 0x01, 0x00, 0x00, 0x48, 0x01, 0x00, 0x00, 0x4A, 0x01, 0x00, 0x00, 0x51, 0x00, 0x05, 0x00,
	0x06, 0x00, 0x00, 0x00, 0x4C, 0x01, 0x00, 0x00, 0x46, 0x01, 0x00, 0x00, 0x00, 0x00, 0x00, 0x00,
	0x51, 0x00, 0x05, 0x00, 0x06, 0x00, 0x00, 0x00, 0x4D, 0x01, 0x00, 0x00, 0x46, 0x01, 0x00, 0x00,
	0x01, 0x00, 0x00, 0x00, 0x51, 0x00, 0x05, 0x00, 0x06, 0x00, 0x00, 0x00, 0x4E, 0x01, 0x00, 0x00,
	0x4B, 0x01, 0x00, 0x00, 0x00, 0x00, 0x00, 0x00, 0x51, 0x00, 0x05, 0x00, 0x06, 0x00, 0x00, 0x00,
	0x4F, 0x01, 0x00, 0x00, 0x4B, 0x01, 0x00, 0x00, 0x01, 0x00, 0x00, 0x00, 0x50, 0x00, 0x05, 0x00,
	0x14, 0x00, 0x00, 0x00, 0x50, 0x01, 0x00, 0x00, 0x4C, 0x01, 0x00, 0x00, 0x4D, 0x01, 0x00, 0x00,
	0x50, 0x00, 0x05, 0x00, 0x14, 0x00, 0x00, 0x00, 0x51, 0x01, 0x00, 0x00, 0x4E, 0x01, 0x00, 0x00,
	0x4F, 0x01, 0x00, 0x00, 0x50, 0x00, 0x05, 0x00, 0x1E, 0x00, 0x00, 0x00, 0x52, 0x01, 0x00, 0x00,
	0x50, 0x01, 0x00, 0x00, 0x51, 0x01, 0x00, 0x00, 0xFE, 0x00, 0x02, 0x00, 0x52, 0x01, 0x00, 0x00,
	0x38, 0x00, 0x01, 0x00, 0x36, 0x00, 0x05, 0x00, 0x06, 0x00, 0x00, 0x00, 0x2A, 0x00, 0x00, 0x00,
	0x00, 0x00, 0x00, 0x00, 0x27, 0x00, 0x00, 0x00, 0x37, 0x00, 0x03, 0x00, 0x1F, 0x00, 0x00, 0x00,
	0x28, 0x00, 0x00, 0x00, 0x37, 0x00, 0x03, 0x00, 0x07, 0x00, 0x00, 0x00, 0x29, 0x00, 0x00, 0x00,
	0xF8, 0x00, 0x02, 0x00, 0x2B, 0x00, 0x00, 0x00, 0x3B, 0x00, 0x04, 0x00, 0x07, 0x00, 0x00, 0x00,
	0x55, 0x01, 0x00, 0x00, 0x07, 0x00, 0x00, 0x00, 0x3B, 0x00, 0x04, 0x00, 0x07, 0x00, 0x00, 0x00,
	0x5A, 0x01, 0x00, 0x00, 0x07, 0x00, 0x00, 0x00, 0x3B, 0x00, 0x04, 0x00, 0x07, 0x00, 0x00, 0x00,
	0x5F, 0x01, 0x00, 0x00, 0x07, 0x00, 0x00, 0x00, 0x41, 0x00, 0x05, 0x00, 0x37, 0x00, 0x00, 0x00,
	0x56, 0x01, 0x00, 0x00, 0x28, 0x00, 0x00, 0x00, 0xF8, 0x00, 0x00, 0x00, 0x3D, 0x00, 0x04, 0x00,
	0x14, 0x00, 0x00, 0x00, 0x57, 0x01, 0x00, 0x00, 0x56, 0x01, 0x00, 0x00, 0x0C, 0x00, 0x06, 0x00,
	0x06, 0x00, 0x00, 0x00, 0x58, 0x01, 0x00, 0x00, 0x01, 0x00, 0x00, 0x00, 0x42, 0x00, 0x00, 0x00,
	0x57, 0x01, 0x00, 0x00, 0x0C, 0x00, 0x07, 0x00, 0x06, 0x00, 0x00, 0x00, 0x59, 0x01, 0x00, 0x00,
	0x01, 0x00, 0x00, 0x00, 0x28, 0x00, 0x00, 0x00, 0x58, 0x01, 0x00, 0x00, 0x97, 0x00, 0x00, 0x00,
	0x3E, 0x00, 0x03, 0x00, 0x55, 0x01, 0x00, 0x00, 0x59, 0x01, 0x00, 0x00, 0x41, 0x00, 0x05, 0x00,
	0x37, 0x00, 0x00, 0x00, 0x5B, 0x01, 0x00, 0x00, 0x28, 0x00, 0x00, 0x00, 0xF4, 0x00, 0x00, 0x00,
	0x3D, 0x00, 0x04, 0x00, 0x14, 0x00, 0x00, 0x00, 0x5C, 0x01, 0x00, 0x00, 0x5B, 0x01, 0x00, 0x00,
	0x0C, 0x00, 0x06, 0x00, 0x06, 0x00, 0x00, 0x00, 0x5D, 0x01, 0x00, 0x00, 0x01, 0x00, 0x00, 0x00,
	0x42, 0x00, 0x00, 0x00, 0x5C, 0x01, 0x00, 0x00, 0x0C, 0x00, 0x07, 0x00, 0x06, 0x00, 0x00, 0x00,
	0x5E, 0x01, 0x00, 0x00, 0x01, 0x00, 0x00, 0x00, 0x28, 0x00, 0x00, 0x00, 0x5D, 0x01, 0x00, 0x00,
	0x97, 0x00, 0x00, 0x00, 0x3E, 0x00, 0x03, 0x00, 0x5A, 0x01, 0x00, 0x00, 0x5E, 0x01, 0x00, 0x00,
	0x3D, 0x00, 0x04, 0x00, 0x06, 0x00, 0x00, 0x00, 0x60, 0x01, 0x00, 0x00, 0x29, 0x00, 0x00, 0x00,
	0x0C, 0x00, 0x07, 0x00, 0x06, 0x00, 0x00, 0x00, 0x62, 0x01, 0x00, 0x00, 0x01, 0x00, 0x00, 0x00,
	0x28, 0x00, 0x00, 0x00, 0x60, 0x01, 0x00, 0x00, 0x61, 0x01, 0x00, 0x00, 0x3E, 0x00, 0x03, 0x00,
	0x5F, 0x01, 0x00, 0x00, 0x62, 0x01, 0x00, 0x00, 0x3D, 0x00, 0x04, 0x00, 0x06, 0x00, 0x00, 0x00,
	0x63, 0x01, 0x00, 0x00, 0x55, 0x01, 0x00, 0x00, 0x3D, 0x00, 0x04, 0x00, 0x06, 0x00, 0x00, 0x00,
	0x64, 0x01, 0x00, 0x00, 0x5A, 0x01, 0x00, 0x00, 0x0C, 0x00, 0x07, 0x00, 0x06, 0x00, 0x00, 0x00,
	0x65, 0x01, 0x00, 0x00, 0x01, 0x00, 0x00, 0x00, 0x28, 0x00, 0x00, 0x00, 0x63, 0x01, 0x00, 0x00,
	0x64, 0x01, 0x00, 0x00, 0x3D, 0x00, 0x04, 0x00, 0x06, 0x00, 0x00, 0x00, 0x66, 0x01, 0x00, 0x00,
	0x5F, 0x01, 0x00, 0x00, 0x85, 0x00, 0x05, 0x00, 0x06, 0x00, 0x00, 0x00, 0x67, 0x01, 0x00, 0x00,
	0x65, 0x01, 0x00, 0x00, 0x66, 0x01, 0x00, 0x00, 0x0C, 0x00, 0x06, 0x00, 0x06, 0x00, 0x00, 0x00,
	0x68, 0x01, 0x00, 0x00, 0x01, 0x00, 0x00, 0x00, 0x1E, 0x00, 0x00, 0x00, 0x67, 0x01, 0x00, 0x00,
	0x3D, 0x00, 0x04, 0x00, 0x06, 0x00, 0x00, 0x00, 0x6A, 0x01, 0x00, 0x00, 0x29, 0x00, 0x00, 0x00,
	0x0C, 0x00, 0x08, 0x00, 0x06, 0x00, 0x00, 0x00, 0x6B, 0x01, 0x00, 0x00, 0x01, 0x00, 0x00, 0x00,
	0x2B, 0x00, 0x00, 0x00, 0x6A, 0x01, 0x00, 0x00, 0xDC, 0x00, 0x00, 0x00, 0x69, 0x01, 0x00, 0x00,
	0x0C, 0x00, 0x07, 0x00, 0x06, 0x00, 0x00, 0x00, 0x6C, 0x01, 0x00, 0x00, 0x01, 0x00, 0x00, 0x00,
	0x1A, 0x00, 0x00, 0x00, 0x69, 0x01, 0x00, 0x00, 0x6B, 0x01, 0x00, 0x00, 0x81, 0x00, 0x05, 0x00,
	0x06, 0x00, 0x00, 0x00, 0x6D, 0x01, 0x00, 0x00, 0x68, 0x01, 0x00, 0x00, 0x6C, 0x01, 0x00, 0x00,
	0x0C, 0x00, 0x07, 0x00, 0x06, 0x00, 0x00, 0x00, 0x6E, 0x01, 0x00, 0x00, 0x01, 0x00, 0x00, 0x00,
	0x28, 0x00, 0x00, 0x00, 0x6D, 0x01, 0x00, 0x00, 0xB3, 0x00, 0x00, 0x00, 0xFE, 0x00, 0x02, 0x00,
	0x6E, 0x01, 0x00, 0x00, 0x38, 0x00, 0x01, 0x00, 0x36, 0x00, 0x05, 0x00, 0x2D, 0x00, 0x00, 0x00,
	0x31, 0x00, 0x00, 0x00, 0x00, 0x00, 0x00, 0x00, 0x2F, 0x00, 0x00, 0x00, 0x37, 0x00, 0x03, 0x00,
	0x2E, 0x00, 0x00, 0x00, 0x30, 0x00, 0x00, 0x00, 0xF8, 0x00, 0x02, 0x00, 0x32, 0x00, 0x00, 0x00,
	0x3D, 0x00, 0x04, 0x00, 0x2D, 0x00, 0x00, 0x00, 0x71, 0x01, 0x00, 0x00, 0x30, 0x00, 0x00, 0x00,
	0x50, 0x00, 0x05, 0x00, 0x2D, 0x00, 0x00, 0x00, 0x73, 0x01, 0x00, 0x00, 0x72, 0x01, 0x00, 0x00,
	0x72, 0x01, 0x00, 0x00, 0x84, 0x00, 0x05, 0x00, 0x2D, 0x00, 0x00, 0x00, 0x74, 0x01, 0x00, 0x00,
	0x71, 0x01, 0x00, 0x00, 0x73, 0x01, 0x00, 0x00, 0x50, 0x00, 0x05, 0x00, 0x2D, 0x00, 0x00, 0x00,
	0x76, 0x01, 0x00, 0x00, 0x75, 0x01, 0x00, 0x00, 0x75, 0x01, 0x00, 0x00, 0x80, 0x00, 0x05, 0x00,
	0x2D, 0x00, 0x00, 0x00, 0x77, 0x01, 0x00, 0x00, 0x74, 0x01, 0x00, 0x00, 0x76, 0x01, 0x00, 0x00,
	0x3E, 0x00, 0x03, 0x00, 0x30, 0x00, 0x00, 0x00, 0x77, 0x01, 0x00, 0x00, 0x41, 0x00, 0x05, 0x00,
	0x38, 0x00, 0x00, 0x00, 0x78, 0x01, 0x00, 0x00, 0x30, 0x00, 0x00, 0x00, 0xF5, 0x00, 0x00, 0x00,
	0x3D, 0x00, 0x04, 0x00, 0x2C, 0x00, 0x00, 0x00, 0x79, 0x01, 0x00, 0x00, 0x78, 0x01, 0x00, 0x00,
	0x84, 0x00, 0x05, 0x00, 0x2C, 0x00, 0x00, 0x00, 0x7A, 0x01, 0x00, 0x00, 0x79, 0x01, 0x00, 0x00,
	0x72, 0x01, 0x00, 0x00, 0x41, 0x00, 0x05, 0x00, 0x38, 0x00, 0x00, 0x00, 0x7B, 0x01, 0x00, 0x00,
	0x30, 0x00, 0x00, 0x00, 0xFC, 0x00, 0x00, 0x00, 0x3D, 0x00, 0x04, 0x00, 0x2C, 0x00, 0x00, 0x00,
	0x7C, 0x01, 0x00, 0x00, 0x7B, 0x01, 0x00, 0x00, 0x80, 0x00, 0x05, 0x00, 0x2C, 0x00, 0x00, 0x00,
	0x7D, 0x01, 0x00, 0x00, 0x7C, 0x01, 0x00, 0x00, 0x7A, 0x01, 0x00, 0x00, 0x41, 0x00, 0x05, 0x00,
	0x38, 0x00, 0x00, 0x00, 0x7E, 0x01, 0x00, 0x00, 0x30, 0x00, 0x00, 0x00, 0xFC, 0x00, 0x00, 0x00,
	0x3E, 0x00, 0x03, 0x00, 0x7E, 0x01, 0x00, 0x00, 0x7D, 0x01, 0x00, 0x00, 0x41, 0x00, 0x05, 0x00,
	0x38, 0x00, 0x00, 0x00, 0x7F, 0x01, 0x00, 0x00, 0x30, 0x00, 0x00, 0x00, 0xFC, 0x00, 0x00, 0x00,
	0x3D, 0x00, 0x04, 0x00, 0x2C, 0x00, 0x00, 0x00, 0x80, 0x01, 0x00, 0x00, 0x7F, 0x01, 0x00, 0x00,
	0x84, 0x00, 0x05, 0x00, 0x2C, 0x00, 0x00, 0x00, 0x81, 0x01, 0x00, 0x00, 0x80, 0x01, 0x00, 0x00,
	0x72, 0x01, 0x00, 0x00, 0x41, 0x00, 0x05, 0x00, 0x38, 0x00, 0x00, 0x00, 0x82, 0x01, 0x00, 0x00,
	0x30, 0x00, 0x00, 0x00, 0xF5, 0x00, 0x00, 0x00, 0x3D, 0x00, 0x04, 0x00, 0x2C, 0x00, 0x00, 0x00,
	0x83, 0x01, 0x00, 0x00, 0x82, 0x01, 0x00, 0x00, 0x80, 0x00, 0x05, 0x00, 0x2C, 0x00, 0x00, 0x00,
	0x84, 0x01, 0x00, 0x00, 0x83, 0x01, 0x00, 0x00, 0x81, 0x01, 0x00, 0x00, 0x41, 0x00, 0x05, 0x00,
	0x38, 0x00, 0x00, 0x00, 0x85, 0x01, 0x00, 0x00, 0x30, 0x00, 0x00, 0x00, 0xF5, 0x00, 0x00, 0x00,
	0x3E, 0x00, 0x03, 0x00, 0x85, 0x01, 0x00, 0x00, 0x84, 0x01, 0x00, 0x00, 0x3D, 0x00, 0x04, 0x00,
	0x2D, 0x00, 0x00, 0x00, 0x86, 0x01, 0x00, 0x00, 0x30, 0x00, 0x00, 0x00, 0xC2, 0x00, 0x05, 0x00,
	0x2D, 0x00, 0x00, 0x00, 0x89, 0x01, 0x00, 0x00, 0x86, 0x01, 0x00, 0x00, 0x88, 0x01, 0x00, 0x00,
	0x3D, 0x00, 0x04, 0x00, 0x2D, 0x00, 0x00, 0x00, 0x8A, 0x01, 0x00, 0x00, 0x30, 0x00, 0x00, 0x00,
	0xC6, 0x00, 0x05, 0x00, 0x2D, 0x00, 0x00, 0x00, 0x8B, 0x01, 0x00, 0x00, 0x8A, 0x01, 0x00, 0x00,
	0x89, 0x01, 0x00, 0x00, 0x3E, 0x00, 0x03, 0x00, 0x30, 0x00, 0x00, 0x00, 0x8B, 0x01, 0x00, 0x00,
	0x41, 0x00, 0x05, 0x00, 0x38, 0x00, 0x00, 0x00, 0x8C, 0x01, 0x00, 0x00, 0x30, 0x00, 0x00, 0x00,
	0xF5, 0x00, 0x00, 0x00, 0x3D, 0x00, 0x04, 0x00, 0x2C, 0x00, 0x00, 0x00, 0x8D, 0x01, 0x00, 0x00,
	0x8C, 0x01, 0x00, 0x00, 0x84, 0x00, 0x05, 0x00, 0x2C, 0x00, 0x00, 0x00, 0x8E, 0x01, 0x00, 0x00,
	0x8D, 0x01, 0x00, 0x00, 0x72, 0x01, 0x00, 0x00, 0x41, 0x00, 0x05, 0x00, 0x38, 0x00, 0x00, 0x00,
	0x8F, 0x01, 0x00, 0x00, 0x30, 0x00, 0x00, 0x00, 0xFC, 0x00, 0x00, 0x00, 0x3D, 0x00, 0x04, 0x00,
	0x2C, 0x00, 0x00, 0x00, 0x90, 0x01, 0x00, 0x00, 0x8F, 0x01, 0x00, 0x00, 0x80, 0x00, 0x05, 0x00,
	0x2C, 0x00, 0x00, 0x00, 0x91, 0x01, 0x00, 0x00, 0x90, 0x01, 0x00, 0x00, 0x8E, 0x01, 0x00, 0x00,
	0x41, 0x00, 0x05, 0x00, 0x38, 0x00, 0x00, 0x00, 0x92, 0x01, 0x00, 0x00, 0x30, 0x00, 0x00, 0x00,
	0xFC, 0x00, 0x00, 0x00, 0x3E, 0x00, 0x03, 0x00, 0x92, 0x01, 0x00, 0x00, 0x91, 0x01, 0x00, 0x00,
	0x41, 0x00, 0x05, 0x00, 0x38, 0x00, 0x00, 0x00, 0x93, 0x01, 0x00, 0x00, 0x30, 0x00, 0x00, 0x00,
	0xFC, 0x00, 0x00, 0x00, 0x3D, 0x00, 0x04, 0x00, 0x2C, 0x00, 0x00, 0x00, 0x94, 0x01, 0x00, 0x00,
	0x93, 0x01, 0x00, 0x00, 0x84, 0x00, 0x05, 0x00, 0x2C, 0x00, 0x00, 0x00, 0x95, 0x01, 0x00, 0x00,
	0x94, 0x01, 0x00, 0x00, 0x72, 0x01, 0x00, 0x00, 0x41, 0x00, 0x05, 0x00, 0x38, 0x00, 0x00, 0x00,
	0x96, 0x01, 0x00, 0x00, 0x30, 0x00, 0x00, 0x00, 0xF5, 0x00, 0x00, 0x00, 0x3D, 0x00, 0x04, 0x00,
	0x2C, 0x00, 0x00, 0x00, 0x97, 0x01, 0x00, 0x00, 0x96, 0x01, 0x00, 0x00, 0x80, 0x00, 0x05, 0x00,
	0x2C, 0x00, 0x00, 0x00, 0x98, 0x01, 0x00, 0x00, 0x97, 0x01, 0x00, 0x00, 0x95, 0x01, 0x00, 0x00,
	0x41, 0x00, 0x05, 0x00, 0x38, 0x00, 0x00, 0x00, 0x99, 0x01, 0x00, 0x00, 0x30, 0x00, 0x00, 0x00,
	0xF5, 0x00, 0x00, 0x00, 0x3E, 0x00, 0x03, 0x00, 0x99, 0x01, 0x00, 0x00, 0x98, 0x01, 0x00, 0x00,
	0x3D, 0x00, 0x04, 0x00, 0x2D, 0x00, 0x00, 0x00, 0x9A, 0x01, 0x00, 0x00, 0x30, 0x00, 0x00, 0x00,
	0xC2, 0x00, 0x05, 0x00, 0x2D, 0x00, 0x00, 0x00, 0x9B, 0x01, 0x00, 0x00, 0x9A, 0x01, 0x00, 0x00,
	0x88, 0x01, 0x00, 0x00, 0x3D, 0x00, 0x04, 0x00, 0x2D, 0x00, 0x00, 0x00, 0x9C, 0x01, 0x00, 0x00,
	0x30, 0x00, 0x00, 0x00, 0xC6, 0x00, 0x05, 0x00, 0x2D, 0x00, 0x00, 0x00, 0x9D, 0x01, 0x00, 0x00,
	0x9C, 0x01, 0x00, 0x00, 0x9B, 0x01, 0x00, 0x00, 0x3E, 0x00, 0x03, 0x00, 0x30, 0x00, 0x00, 0x00,
	0x9D, 0x01, 0x00, 0x00, 0x3D, 0x00, 0x04, 0x00, 0x2D, 0x00, 0x00, 0x00, 0x9E, 0x01, 0x00, 0x00,
	0x30, 0x00, 0x00, 0x00, 0xFE, 0x00, 0x02, 0x00, 0x9E, 0x01, 0x00, 0x00, 0x38, 0x00, 0x01, 0x00,
	0x36, 0x00, 0x05, 0x00, 0x14, 0x00, 0x00, 0x00, 0x35, 0x00, 0x00, 0x00, 0x00, 0x00, 0x00, 0x00,
	0x33, 0x00, 0x00, 0x00, 0x37, 0x00, 0x03, 0x00, 0x2E, 0x00, 0x00, 0x00, 0x34, 0x00, 0x00, 0x00,
	0xF8, 0x00, 0x02, 0x00, 0x36, 0x00, 0x00, 0x00, 0x3B, 0x00, 0x04, 0x00, 0x2E, 0x00, 0x00, 0x00,
	0xA1, 0x01, 0x00, 0x00, 0x07, 0x00, 0x00, 0x00, 0x3D, 0x00, 0x04, 0x00, 0x2D, 0x00, 0x00, 0x00,
	0xA2, 0x01, 0x00, 0x00, 0x34, 0x00, 0x00, 0x00, 0x3E, 0x00, 0x03, 0x00, 0xA1, 0x01, 0x00, 0x00,
	0xA2, 0x01, 0x00, 0x00, 0x39, 0x00, 0x05, 0x00, 0x2D, 0x00, 0x00, 0x00, 0xA3, 0x01, 0x00, 0x00,
	0x31, 0x00, 0x00, 0x00, 0xA1, 0x01, 0x00, 0x00, 0x70, 0x00, 0x04, 0x00, 0x14, 0x00, 0x00, 0x00,
	0xA4, 0x01, 0x00, 0x00, 0xA3, 0x01, 0x00, 0x00, 0x8E, 0x00, 0x05, 0x00, 0x14, 0x00, 0x00, 0x00,
	0xA6, 0x01, 0x00, 0x00, 0xA4, 0x01, 0x00, 0x00, 0xA5, 0x01, 0x00, 0x00, 0xFE, 0x00, 0x02, 0x00,
	0xA6, 0x01, 0x00, 0x00, 0x38, 0x00, 0x01, 0x00, 0x36, 0x00, 0x05, 0x00, 0x06, 0x00, 0x00, 0x00,
	0x3E, 0x00, 0x00, 0x00, 0x00, 0x00, 0x00, 0x00, 0x39, 0x00, 0x00, 0x00, 0x37, 0x00, 0x03, 0x00,
	0x37, 0x00, 0x00, 0x00, 0x3A, 0x00, 0x00, 0x00, 0x37, 0x00, 0x03, 0x00, 0x37, 0x00, 0x00, 0x00,
	0x3B, 0x00, 0x00, 0x00, 0x37, 0x00, 0x03, 0x00, 0x07, 0x00, 0x00, 0x00, 0x3C, 0x00, 0x00, 0x00,
	0x37, 0x00, 0x03, 0x00, 0x38, 0x00, 0x00, 0x00, 0x3D, 0x00, 0x00, 0x00, 0xF8, 0x00, 0x02, 0x00,
	0x3F, 0x00, 0x00, 0x00, 0x3B, 0x00, 0x04, 0x00, 0x2E, 0x00, 0x00, 0x00, 0xA9, 0x01, 0x00, 0x00,
	0x07, 0x00, 0x00, 0x00, 0x3B, 0x00, 0x04, 0x00, 0x2E, 0x00, 0x00, 0x00, 0xAC, 0x01, 0x00, 0x00,
	0x07, 0x00, 0x00, 0x00, 0x3B, 0x00, 0x04, 0x00, 0x38, 0x00, 0x00, 0x00, 0xAF, 0x01, 0x00, 0x00,
	0x07, 0x00, 0x00, 0x00, 0x3B, 0x00, 0x04, 0x00, 0x2E, 0x00, 0x00, 0x00, 0xC3, 0x01, 0x00, 0x00,
	0x07, 0x00, 0x00, 0x00, 0x3D, 0x00, 0x04, 0x00, 0x14, 0x00, 0x00, 0x00, 0xAA, 0x01, 0x00, 0x00,
	0x3A, 0x00, 0x00, 0x00, 0x7C, 0x00, 0x04, 0x00, 0x2D, 0x00, 0x00, 0x00, 0xAB, 0x01, 0x00, 0x00,
	0xAA, 0x01, 0x00, 0x00, 0x3E, 0x00, 0x03, 0x00, 0xA9, 0x01, 0x00, 0x00, 0xAB, 0x01, 0x00, 0x00,
	0x3D, 0x00, 0x04, 0x00, 0x14, 0x00, 0x00, 0x00, 0xAD, 0x01, 0x00, 0x00, 0x3B, 0x00, 0x00, 0x00,
	0x7C, 0x00, 0x04, 0x00, 0x2D, 0x00, 0x00, 0x00, 0xAE, 0x01, 0x00, 0x00, 0xAD, 0x01, 0x00, 0x00,
	0x3E, 0x00, 0x03, 0x00, 0xAC, 0x01, 0x00, 0x00, 0xAE, 0x01, 0x00, 0x00, 0x3D, 0x00, 0x04, 0x00,
	0x06, 0x00, 0x00, 0x00, 0xB0, 0x01, 0x00, 0x00, 0x3C, 0x00, 0x00, 0x00, 0x7C, 0x00, 0x04, 0x00,
	0x2C, 0x00, 0x00, 0x00, 0xB1, 0x01, 0x00, 0x00, 0xB0, 0x01, 0x00, 0x00, 0x3E, 0x00, 0x03, 0x00,
	0xAF, 0x01, 0x00, 0x00, 0xB1, 0x01, 0x00, 0x00, 0x3D, 0x00, 0x04, 0x00, 0x2D, 0x00, 0x00, 0x00,
	0xB2, 0x01, 0x00, 0x00, 0xA9, 0x01, 0x00, 0x00, 0x50, 0x00, 0x05, 0x00, 0x2D, 0x00, 0x00, 0x00,
	0xB3, 0x01, 0x00, 0x00, 0x87, 0x01, 0x00, 0x00, 0x87, 0x01, 0x00, 0x00, 0xC2, 0x00, 0x05, 0x00,
	0x2D, 0x00, 0x00, 0x00, 0xB4, 0x01, 0x00, 0x00, 0xB2, 0x01, 0x00, 0x00, 0xB3, 0x01, 0x00, 0x00,
	0x3D, 0x00, 0x04, 0x00, 0x2D, 0x00, 0x00, 0x00, 0xB5, 0x01, 0x00, 0x00, 0xA9, 0x01, 0x00, 0x00,
	0x50, 0x00, 0x05, 0x00, 0x2D, 0x00, 0x00, 0x00, 0xB6, 0x01, 0x00, 0x00, 0x87, 0x01, 0x00, 0x00,
	0x87, 0x01, 0x00, 0x00, 0xC4, 0x00, 0x05, 0x00, 0x2D, 0x00, 0x00, 0x00, 0xB7, 0x01, 0x00, 0x00,
	0xB5, 0x01, 0x00, 0x00, 0xB6, 0x01, 0x00, 0x00, 0xC5, 0x00, 0x05, 0x00, 0x2D, 0x00, 0x00, 0x00,
	0xB8, 0x01, 0x00, 0x00, 0xB4, 0x01, 0x00, 0x00, 0xB7, 0x01, 0x00, 0x00, 0x3D, 0x00, 0x04, 0x00,
	0x2D, 0x00, 0x00, 0x00, 0xB9, 0x01, 0x00, 0x00, 0xAC, 0x01, 0x00, 0x00, 0xC6, 0x00, 0x05, 0x00,
	0x2D, 0x00, 0x00, 0x00, 0xBA, 0x01, 0x00, 0x00, 0xB8, 0x01, 0x00, 0x00, 0xB9, 0x01, 0x00, 0x00,
	0x3D, 0x00, 0x04, 0x00, 0x2C, 0x00, 0x00, 0x00, 0xBB, 0x01, 0x00, 0x00, 0xAF, 0x01, 0x00, 0x00,
	0x50, 0x00, 0x05, 0x00, 0x2D, 0x00, 0x00, 0x00, 0xBC, 0x01, 0x00, 0x00, 0xBB, 0x01, 0x00, 0x00,
	0xBB, 0x01, 0x00, 0x00, 0xC6, 0x00, 0x05, 0x00, 0x2D, 0x00, 0x00, 0x00, 0xBD, 0x01, 0x00, 0x00,
	0xBA, 0x01, 0x00, 0x00, 0xBC, 0x01, 0x00, 0x00, 0x3D, 0x00, 0x04, 0x00, 0x2C, 0x00, 0x00, 0x00,
	0xBE, 0x01, 0x00, 0x00, 0x3D, 0x00, 0x00, 0x00, 0x84, 0x00, 0x05, 0x00, 0x2C, 0x00, 0x00, 0x00,
	0xC0, 0x01, 0x00, 0x00, 0xBE, 0x01, 0x00, 0x00, 0xBF, 0x01, 0x00, 0x00, 0x50, 0x00, 0x05, 0x00,
	0x2D, 0x00, 0x00, 0x00, 0xC1, 0x01, 0x00, 0x00, 0xC0, 0x01, 0x00, 0x00, 0xC0, 0x01, 0x00, 0x00,
	0xC6, 0x00, 0x05, 0x00, 0x2D, 0x00, 0x00, 0x00, 0xC2, 0x01, 0x00, 0x00, 0xBD, 0x01, 0x00, 0x00,
	0xC1, 0x01, 0x00, 0x00, 0x3E, 0x00, 0x03, 0x00, 0xC3, 0x01, 0x00, 0x00, 0xC2, 0x01, 0x00, 0x00,
	0x39, 0x00, 0x05, 0x00, 0x14, 0x00, 0x00, 0x00, 0xC4, 0x01, 0x00, 0x00, 0x35, 0x00, 0x00, 0x00,
	0xC3, 0x01, 0x00, 0x00, 0x51, 0x00, 0x05, 0x00, 0x06, 0x00, 0x00, 0x00, 0xC5, 0x01, 0x00, 0x00,
	0xC4, 0x01, 0x00, 0x00, 0x00, 0x00, 0x00, 0x00, 0xFE, 0x00, 0x02, 0x00, 0xC5, 0x01, 0x00, 0x00,
	0x38, 0x00, 0x01, 0x00, 0x36, 0x00, 0x05, 0x00, 0x14, 0x00, 0x00, 0x00, 0x45, 0x00, 0x00, 0x00,
	0x00, 0x00, 0x00, 0x00, 0x40, 0x00, 0x00, 0x00, 0x37, 0x00, 0x03, 0x00, 0x37, 0x00, 0x00, 0x00,
	0x41, 0x00, 0x00, 0x00, 0x37, 0x00, 0x03, 0x00, 0x37, 0x00, 0x00, 0x00, 0x42, 0x00, 0x00, 0x00,
	0x37, 0x00, 0x03, 0x00, 0x07, 0x00, 0x00, 0x00, 0x43, 0x00, 0x00, 0x00, 0x37, 0x00, 0x03, 0x00,
	0x38, 0x00, 0x00, 0x00, 0x44, 0x00, 0x00, 0x00, 0xF8, 0x00, 0x02, 0x00, 0x46, 0x00, 0x00, 0x00,
	0x3B, 0x00, 0x04, 0x00, 0x2E, 0x00, 0x00, 0x00, 0xC8, 0x01, 0x00, 0x00, 0x07, 0x00, 0x00, 0x00,
	0x3B, 0x00, 0x04, 0x00, 0x2E, 0x00, 0x00, 0x00, 0xCB, 0x01, 0x00, 0x00, 0x07, 0x00, 0x00, 0x00,
	0x3B, 0x00, 0x04, 0x00, 0x38, 0x00, 0x00, 0x00, 0xCE, 0x01, 0x00, 0x00, 0x07, 0x00, 0x00, 0x00,
	0x3B, 0x00, 0x04, 0x00, 0x2E, 0x00, 0x00, 0x00, 0xE1, 0x01, 0x00, 0x00, 0x07, 0x00, 0x00, 0x00,
	0x3D, 0x00, 0x04, 0x00, 0x14, 0x00, 0x00, 0x00, 0xC9, 0x01, 0x00, 0x00, 0x41, 0x00, 0x00, 0x00,
	0x7C, 0x00, 0x04, 0x00, 0x2D, 0x00, 0x00, 0x00, 0xCA, 0x01, 0x00, 0x00, 0xC9, 0x01, 0x00, 0x00,
	0x3E, 0x00, 0x03, 0x00, 0xC8, 0x01, 0x00, 0x00, 0xCA, 0x01, 0x00, 0x00, 0x3D, 0x00, 0x04, 0x00,
	0x14, 0x00, 0x00, 0x00, 0xCC, 0x01, 0x00, 0x00, 0x42, 0x00, 0x00, 0x00, 0x7C, 0x00, 0x04, 0x00,
	0x2D, 0x00, 0x00, 0x00, 0xCD, 0x01, 0x00, 0x00, 0xCC, 0x01, 0x00, 0x00, 0x3E, 0x00, 0x03, 0x00,
	0xCB, 0x01, 0x00, 0x00, 0xCD, 0x01, 0x00, 0x00, 0x3D, 0x00, 0x04, 0x00, 0x06, 0x00, 0x00, 0x00,
	0xCF, 0x01, 0x00, 0x00, 0x43, 0x00, 0x00, 0x00, 0x7C, 0x00, 0x04, 0x00, 0x2C, 0x00, 0x00, 0x00,
	0xD0, 0x01, 0x00, 0x00, 0xCF, 0x01, 0x00, 0x00, 0x3E, 0x00, 0x03, 0x00, 0xCE, 0x01, 0x00, 0x00,
	0xD0, 0x01, 0x00, 0x00, 0x3D, 0x00, 0x04, 0x00, 0x2D, 0x00, 0x00, 0x00, 0xD1, 0x01, 0x00, 0x00,
	0xC8, 0x01, 0x00, 0x00, 0x50, 0x00, 0x05, 0x00, 0x2D, 0x00, 0x00, 0x00, 0xD2, 0x01, 0x00, 0x00,
	0x87, 0x01, 0x00, 0x00, 0x87, 0x01, 0x00, 0x00, 0xC2, 0x00, 0x05, 0x00, 0x2D, 0x00, 0x00, 0x00,
	0xD3, 0x01, 0x00, 0x00, 0xD1, 0x01, 0x00, 0x00, 0xD2, 0x01, 0x00, 0x00, 0x3D, 0x00, 0x04, 0x00,
	0x2D, 0x00, 0x00, 0x00, 0xD4, 0x01, 0x00, 0x00, 0xC8, 0x01, 0x00, 0x00, 0x50, 0x00, 0x05, 0x00,
	0x2D, 0x00, 0x00, 0x00, 0xD5, 0x01, 0x00, 0x00, 0x87, 0x01, 0x00, 0x00, 0x87, 0x01, 0x00, 0x00,
	0xC4, 0x00, 0x05, 0x00, 0x2D, 0x00, 0x00, 0x00, 0xD6, 0x01, 0x00, 0x00, 0xD4, 0x01, 0x00, 0x00,
	0xD5, 0x01, 0x00, 0x00, 0xC5, 0x00, 0x05, 0x00, 0x2D, 0x00, 0x00, 0x00, 0xD7, 0x01, 0x00, 0x00,
	0xD3, 0x01, 0x00, 0x00, 0xD6, 0x01, 0x00, 0x00, 0x3D, 0x00, 0x04, 0x00, 0x2D, 0x00, 0x00, 0x00,
	0xD8, 0x01, 0x00, 0x00, 0xCB, 0x01, 0x00, 0x00, 0xC6, 0x00, 0x05, 0x00, 0x2D, 0x00, 0x00, 0x00,
	0xD9, 0x01, 0x00, 0x00, 0xD7, 0x01, 0x00, 0x00, 0xD8, 0x01, 0x00, 0x00, 0x3D, 0x00, 0x04, 0x00,
	0x2C, 0x00, 0x00, 0x00, 0xDA, 0x01, 0x00, 0x00, 0xCE, 0x01, 0x00, 0x00, 0x50, 0x00, 0x05, 0x00,
	0x2D, 0x00, 0x00, 0x00, 0xDB, 0x01, 0x00, 0x00, 0xDA, 0x01, 0x00, 0x00, 0xDA, 0x01, 0x00, 0x00,
	0xC6, 0x00, 0x05, 0x00, 0x2D, 0x00, 0x00, 0x00, 0xDC, 0x01, 0x00, 0x00, 0xD9, 0x01, 0x00, 0x00,
	0xDB, 0x01, 0x00, 0x00, 0x3D, 0x00, 0x04, 0x00, 0x2C, 0x00, 0x00, 0x00, 0xDD, 0x01, 0x00, 0x00,
	0x44, 0x00, 0x00, 0x00, 0x84, 0x00, 0x05, 0x00, 0x2C, 0x00, 0x00, 0x00, 0xDE, 0x01, 0x00, 0x00,
	0xDD, 0x01, 0x00, 0x00, 0xBF, 0x01, 0x00, 0x00, 0x50, 0x00, 0x05, 0x00, 0x2D, 0x00, 0x00, 0x00,
	0xDF, 0x01, 0x00, 0x00, 0xDE, 0x01, 0x00, 0x00, 0xDE, 0x01, 0x00, 0x00, 0xC6, 0x00, 0x05, 0x00,
	0x2D, 0x00, 0x00, 0x00, 0xE0, 0x01, 0x00, 0x00, 0xDC, 0x01, 0x00, 0x00, 0xDF, 0x01, 0x00, 0x00,
	0x3E, 0x00, 0x03, 0x00, 0xE1, 0x01, 0x00, 0x00, 0xE0, 0x01, 0x00, 0x00, 0x39, 0x00, 0x05, 0x00,
	0x14, 0x00, 0x00, 0x00, 0xE2, 0x01, 0x00, 0x00, 0x35, 0x00, 0x00, 0x00, 0xE1, 0x01, 0x00, 0x00,
	0xFE, 0x00, 0x02, 0x00, 0xE2, 0x01, 0x00, 0x00, 0x38, 0x00, 0x01, 0x00, 0x36, 0x00, 0x05, 0x00,
	0x06, 0x00, 0x00, 0x00, 0x49, 0x00, 0x00, 0x00, 0x00, 0x00, 0x00, 0x00, 0x47, 0x00, 0x00, 0x00,
	0x37, 0x00, 0x03, 0x00, 0x07, 0x00, 0x00, 0x00, 0x48, 0x00, 0x00, 0x00, 0xF8, 0x00, 0x02, 0x00,
	0x4A, 0x00, 0x00, 0x00, 0x3B, 0x00, 0x04, 0x00, 0x07, 0x00, 0x00, 0x00, 0xE5, 0x01, 0x00, 0x00,
	0x07, 0x00, 0x00, 0x00, 0x3D, 0x00, 0x04, 0x00, 0x06, 0x00, 0x00, 0x00, 0xE6, 0x01, 0x00, 0x00,
	0x48, 0x00, 0x00, 0x00, 0x7F, 0x00, 0x04, 0x00, 0x06, 0x00, 0x00, 0x00, 0xE7, 0x01, 0x00, 0x00,
	0xE6, 0x01, 0x00, 0x00, 0x3D, 0x00, 0x04, 0x00, 0x06, 0x00, 0x00, 0x00, 0xE8, 0x01, 0x00, 0x00,
	0x48, 0x00, 0x00, 0x00, 0x85, 0x00, 0x05, 0x00, 0x06, 0x00, 0x00, 0x00, 0xE9, 0x01, 0x00, 0x00,
	0xE7, 0x01, 0x00, 0x00, 0xE8, 0x01, 0x00, 0x00, 0x0C, 0x00, 0x06, 0x00, 0x06, 0x00, 0x00, 0x00,
	0xEA, 0x01, 0x00, 0x00, 0x01, 0x00, 0x00, 0x00, 0x1B, 0x00, 0x00, 0x00, 0xE9, 0x01, 0x00, 0x00,
	0x3E, 0x00, 0x03, 0x00, 0xE5, 0x01, 0x00, 0x00, 0xEA, 0x01, 0x00, 0x00, 0x3D, 0x00, 0x04, 0x00,
	0x06, 0x00, 0x00, 0x00, 0xEB, 0x01, 0x00, 0x00, 0x48, 0x00, 0x00, 0x00, 0x0C, 0x00, 0x06, 0x00,
	0x06, 0x00, 0x00, 0x00, 0xEC, 0x01, 0x00, 0x00, 0x01, 0x00, 0x00, 0x00, 0x06, 0x00, 0x00, 0x00,
	0xEB, 0x01, 0x00, 0x00, 0x85, 0x00, 0x05, 0x00, 0x06, 0x00, 0x00, 0x00, 0xED, 0x01, 0x00, 0x00,
	0xEC, 0x01, 0x00, 0x00, 0x69, 0x01, 0x00, 0x00, 0x3D, 0x00, 0x04, 0x00, 0x06, 0x00, 0x00, 0x00,
	0xEE, 0x01, 0x00, 0x00, 0xE5, 0x01, 0x00, 0x00, 0x83, 0x00, 0x05, 0x00, 0x06, 0x00, 0x00, 0x00,
	0xEF, 0x01, 0x00, 0x00, 0xA1, 0x00, 0x00, 0x00, 0xEE, 0x01, 0x00, 0x00, 0x88, 0x00, 0x05, 0x00,
	0x06, 0x00, 0x00, 0x00, 0xF0, 0x01, 0x00, 0x00, 0xEF, 0x01, 0x00, 0x00, 0xA5, 0x00, 0x00, 0x00,
	0x0C, 0x00, 0x06, 0x00, 0x06, 0x00, 0x00, 0x00, 0xF1, 0x01, 0x00, 0x00, 0x01, 0x00, 0x00, 0x00,
	0x1F, 0x00, 0x00, 0x00, 0xF0, 0x01, 0x00, 0x00, 0x85, 0x00, 0x05, 0x00, 0x06, 0x00, 0x00, 0x00,
	0xF2, 0x01, 0x00, 0x00, 0xED, 0x01, 0x00, 0x00, 0xF1, 0x01, 0x00, 0x00, 0x3D, 0x00, 0x04, 0x00,
	0x06, 0x00, 0x00, 0x00, 0xF5, 0x01, 0x00, 0x00, 0xE5, 0x01, 0x00, 0x00, 0x85, 0x00, 0x05, 0x00,
	0x06, 0x00, 0x00, 0x00, 0xF6, 0x01, 0x00, 0x00, 0xF4, 0x01, 0x00, 0x00, 0xF5, 0x01, 0x00, 0x00,
	0x81, 0x00, 0x05, 0x00, 0x06, 0x00, 0x00, 0x00, 0xF7, 0x01, 0x00, 0x00, 0xF3, 0x01, 0x00, 0x00,
	0xF6, 0x01, 0x00, 0x00, 0x3D, 0x00, 0x04, 0x00, 0x06, 0x00, 0x00, 0x00, 0xF9, 0x01, 0x00, 0x00,
	0xE5, 0x01, 0x00, 0x00, 0x85, 0x00, 0x05, 0x00, 0x06, 0x00, 0x00, 0x00, 0xFA, 0x01, 0x00, 0x00,
	0xF8, 0x01, 0x00, 0x00, 0xF9, 0x01, 0x00, 0x00, 0x3D, 0x00, 0x04, 0x00, 0x06, 0x00, 0x00, 0x00,
	0xFB, 0x01, 0x00, 0x00, 0xE5, 0x01, 0x00, 0x00, 0x85, 0x00, 0x05, 0x00, 0x06, 0x00, 0x00, 0x00,
	0xFC, 0x01, 0x00, 0x00, 0xFA, 0x01, 0x00, 0x00, 0xFB, 0x01, 0x00, 0x00, 0x83, 0x00, 0x05, 0x00,
	0x06, 0x00, 0x00, 0x00, 0xFD, 0x01, 0x00, 0x00, 0xF7, 0x01, 0x00, 0x00, 0xFC, 0x01, 0x00, 0x00,
	0x85, 0x00, 0x05, 0x00, 0x06, 0x00, 0x00, 0x00, 0xFE, 0x01, 0x00, 0x00, 0xF2, 0x01, 0x00, 0x00,
	0xFD, 0x01, 0x00, 0x00, 0xFE, 0x00, 0x02, 0x00, 0xFE, 0x01, 0x00, 0x00, 0x38, 0x00, 0x01, 0x00,
	0x36, 0x00, 0x05, 0x00, 0x06, 0x00, 0x00, 0x00, 0x4F, 0x00, 0x00, 0x00, 0x00, 0x00, 0x00, 0x00,
	0x4B, 0x00, 0x00, 0x00, 0x37, 0x00, 0x03, 0x00, 0x07, 0x00, 0x00, 0x00, 0x4C, 0x00, 0x00, 0x00,
	0x37, 0x00, 0x03, 0x00, 0x07, 0x00, 0x00, 0x00, 0x4D, 0x00, 0x00, 0x00, 0x37, 0x00, 0x03, 0x00,
	0x07, 0x00, 0x00, 0x00, 0x4E, 0x00, 0x00, 0x00, 0xF8, 0x00, 0x02, 0x00, 0x50, 0x00, 0x00, 0x00,
	0x3B, 0x00, 0x04, 0x00, 0x07, 0x00, 0x00, 0x00, 0x08, 0x02, 0x00, 0x00, 0x07, 0x00, 0x00, 0x00,
	0x3D, 0x00, 0x04, 0x00, 0x06, 0x00, 0x00, 0x00, 0x01, 0x02, 0x00, 0x00, 0x4C, 0x00, 0x00, 0x00,
	0x3D, 0x00, 0x04, 0x00, 0x06, 0x00, 0x00, 0x00, 0x02, 0x02, 0x00, 0x00, 0x4D, 0x00, 0x00, 0x00,
	0x83, 0x00, 0x05, 0x00, 0x06, 0x00, 0x00, 0x00, 0x03, 0x02, 0x00, 0x00, 0x01, 0x02, 0x00, 0x00,
	0x02, 0x02, 0x00, 0x00, 0x3D, 0x00, 0x04, 0x00, 0x06, 0x00, 0x00, 0x00, 0x04, 0x02, 0x00, 0x00,
	0x4E, 0x00, 0x00, 0x00, 0x85, 0x00, 0x05, 0x00, 0x06, 0x00, 0x00, 0x00, 0x06, 0x02, 0x00, 0x00,
	0x04, 0x02, 0x00, 0x00, 0x05, 0x02, 0x00, 0x00, 0x88, 0x00, 0x05, 0x00, 0x06, 0x00, 0x00, 0x00,
	0x07, 0x02, 0x00, 0x00, 0x03, 0x02, 0x00, 0x00, 0x06, 0x02, 0x00, 0x00, 0x3E, 0x00, 0x03, 0x00,
	0x08, 0x02, 0x00, 0x00, 0x07, 0x02, 0x00, 0x00, 0x39, 0x00, 0x05, 0x00, 0x06, 0x00, 0x00, 0x00,
	0x09, 0x02, 0x00, 0x00, 0x49, 0x00, 0x00, 0x00, 0x08, 0x02, 0x00, 0x00, 0x85, 0x00, 0x05, 0x00,
	0x06, 0x00, 0x00, 0x00, 0x0A, 0x02, 0x00, 0x00, 0xDC, 0x00, 0x00, 0x00, 0x09, 0x02, 0x00, 0x00,
	0x81, 0x00, 0x05, 0x00, 0x06, 0x00, 0x00, 0x00, 0x0B, 0x02, 0x00, 0x00, 0xDC, 0x00, 0x00, 0x00,
	0x0A, 0x02, 0x00, 0x00, 0xFE, 0x00, 0x02, 0x00, 0x0B, 0x02, 0x00, 0x00, 0x38, 0x00, 0x01, 0x00,
	0x36, 0x00, 0x05, 0x00, 0x06, 0x00, 0x00, 0x00, 0x58, 0x00, 0x00, 0x00, 0x00, 0x00, 0x00, 0x00,
	0x51, 0x00, 0x00, 0x00, 0x37, 0x00, 0x03, 0x00, 0x07, 0x00, 0x00, 0x00, 0x52, 0x00, 0x00, 0x00,
	0x37, 0x00, 0x03, 0x00, 0x07, 0x00, 0x00, 0x00, 0x53, 0x00, 0x00, 0x00, 0x37, 0x00, 0x03, 0x00,
	0x07, 0x00, 0x00, 0x00, 0x54, 0x00, 0x00, 0x00, 0x37, 0x00, 0x03, 0x00, 0x07, 0x00, 0x00, 0x00,
	0x55, 0x00, 0x00, 0x00, 0x37, 0x00, 0x03, 0x00, 0x07, 0x00, 0x00, 0x00, 0x56, 0x00, 0x00, 0x00,
	0x37, 0x00, 0x03, 0x00, 0x07, 0x00, 0x00, 0x00, 0x57, 0x00, 0x00, 0x00, 0xF8, 0x00, 0x02, 0x00,
	0x59, 0x00, 0x00, 0x00, 0x3B, 0x00, 0x04, 0x00, 0x07, 0x00, 0x00, 0x00, 0x13, 0x02, 0x00, 0x00,
	0x07, 0x00, 0x00, 0x00, 0x3B, 0x00, 0x04, 0x00, 0x07, 0x00, 0x00, 0x00, 0x14, 0x02, 0x00, 0x00,
	0x07, 0x00, 0x00, 0x00, 0x3B, 0x00, 0x04, 0x00, 0x07, 0x00, 0x00, 0x00, 0x16, 0x02, 0x00, 0x00,
	0x07, 0x00, 0x00, 0x00, 0x3B, 0x00, 0x04, 0x00, 0x07, 0x00, 0x00, 0x00, 0x1E, 0x02, 0x00, 0x00,
	0x07, 0x00, 0x00, 0x00, 0x3B, 0x00, 0x04, 0x00, 0x07, 0x00, 0x00, 0x00, 0x1F, 0x02, 0x00, 0x00,
	0x07, 0x00, 0x00, 0x00, 0x3B, 0x00, 0x04, 0x00, 0x07, 0x00, 0x00, 0x00, 0x21, 0x02, 0x00, 0x00,
	0x07, 0x00, 0x00, 0x00, 0x3D, 0x00, 0x04, 0x00, 0x06, 0x00, 0x00, 0x00, 0x0E, 0x02, 0x00, 0x00,
	0x52, 0x00, 0x00, 0x00, 0x3D, 0x00, 0x04, 0x00, 0x06, 0x00, 0x00, 0x00, 0x0F, 0x02, 0x00, 0x00,
	0x53, 0x00, 0x00, 0x00, 0x81, 0x00, 0x05, 0x00, 0x06, 0x00, 0x00, 0x00, 0x10, 0x02, 0x00, 0x00,
	0x0E, 0x02, 0x00, 0x00, 0x0F, 0x02, 0x00, 0x00, 0x3D, 0x00, 0x04, 0x00, 0x06, 0x00, 0x00, 0x00,
	0x11, 0x02, 0x00, 0x00, 0x57, 0x00, 0x00, 0x00, 0x0C, 0x00, 0x07, 0x00, 0x06, 0x00, 0x00, 0x00,
	0x12, 0x02, 0x00, 0x00, 0x01, 0x00, 0x00, 0x00, 0x25, 0x00, 0x00, 0x00, 0x10, 0x02, 0x00, 0x00,
	0x11, 0x02, 0x00, 0x00, 0x3E, 0x00, 0x03, 0x00, 0x13, 0x02, 0x00, 0x00, 0x12, 0x02, 0x00, 0x00,
	0x3D, 0x00, 0x04, 0x00, 0x06, 0x00, 0x00, 0x00, 0x15, 0x02, 0x00, 0x00, 0x54, 0x00, 0x00, 0x00,
	0x3E, 0x00, 0x03, 0x00, 0x14, 0x02, 0x00, 0x00, 0x15, 0x02, 0x00, 0x00, 0x3D, 0x00, 0x04, 0x00,
	0x06, 0x00, 0x00, 0x00, 0x17, 0x02, 0x00, 0x00, 0x55, 0x00, 0x00, 0x00, 0x3E, 0x00, 0x03, 0x00,
	0x16, 0x02, 0x00, 0x00, 0x17, 0x02, 0x00, 0x00, 0x39, 0x00, 0x07, 0x00, 0x06, 0x00, 0x00, 0x00,
	0x18, 0x02, 0x00, 0x00, 0x4F, 0x00, 0x00, 0x00, 0x13, 0x02, 0x00, 0x00, 0x14, 0x02, 0x00, 0x00,
	0x16, 0x02, 0x00, 0x00, 0x3D, 0x00, 0x04, 0x00, 0x06, 0x00, 0x00, 0x00, 0x19, 0x02, 0x00, 0x00,
	0x52, 0x00, 0x00, 0x00, 0x3D, 0x00, 0x04, 0x00, 0x06, 0x00, 0x00, 0x00, 0x1A, 0x02, 0x00, 0x00,
	0x53, 0x00, 0x00, 0x00, 0x83, 0x00, 0x05, 0x00, 0x06, 0x00, 0x00, 0x00, 0x1B, 0x02, 0x00, 0x00,
	0x19, 0x02, 0x00, 0x00, 0x1A, 0x02, 0x00, 0x00, 0x3D, 0x00, 0x04, 0x00, 0x06, 0x00, 0x00, 0x00,
	0x1C, 0x02, 0x00, 0x00, 0x56, 0x00, 0x00, 0x00, 0x0C, 0x00, 0x07, 0x00, 0x06, 0x00, 0x00, 0x00,
	0x1D, 0x02, 0x00, 0x00, 0x01, 0x00, 0x00, 0x00, 0x28, 0x00, 0x00, 0x00, 0x1B, 0x02, 0x00, 0x00,
	0x1C, 0x02, 0x00, 0x00, 0x3E, 0x00, 0x03, 0x00, 0x1E, 0x02, 0x00, 0x00, 0x1D, 0x02, 0x00, 0x00,
	0x3D, 0x00, 0x04, 0x00, 0x06, 0x00, 0x00, 0x00, 0x20, 0x02, 0x00, 0x00, 0x54, 0x00, 0x00, 0x00,
	0x3E, 0x00, 0x03, 0x00, 0x1F, 0x02, 0x00, 0x00, 0x20, 0x02, 0x00, 0x00, 0x3D, 0x00, 0x04, 0x00,
	0x06, 0x00, 0x00, 0x00, 0x22, 0x02, 0x00, 0x00, 0x55, 0x00, 0x00, 0x00, 0x3E, 0x00, 0x03, 0x00,
	0x21, 0x02, 0x00, 0x00, 0x22, 0x02, 0x00, 0x00, 0x39, 0x00, 0x07, 0x00, 0x06, 0x00, 0x00, 0x00,
	0x23, 0x02, 0x00, 0x00, 0x4F, 0x00, 0x00, 0x00, 0x1E, 0x02, 0x00, 0x00, 0x1F, 0x02, 0x00, 0x00,
	0x21, 0x02, 0x00, 0x00, 0x83, 0x00, 0x05, 0x00, 0x06, 0x00, 0x00, 0x00, 0x24, 0x02, 0x00, 0x00,
	0x18, 0x02, 0x00, 0x00, 0x23, 0x02, 0x00, 0x00, 0xFE, 0x00, 0x02, 0x00, 0x24, 0x02, 0x00, 0x00,
	0x38, 0x00, 0x01, 0x00, 0x36, 0x00, 0x05, 0x00, 0x06, 0x00, 0x00, 0x00, 0x61, 0x00, 0x00, 0x00,
	0x00, 0x00, 0x00, 0x00, 0x5A, 0x00, 0x00, 0x00, 0x37, 0x00, 0x03, 0x00, 0x37, 0x00, 0x00, 0x00,
	0x5B, 0x00, 0x00, 0x00, 0x37, 0x00, 0x03, 0x00, 0x37, 0x00, 0x00, 0x00, 0x5C, 0x00, 0x00, 0x00,
	0x37, 0x00, 0x03, 0x00, 0x37, 0x00, 0x00, 0x00, 0x5D, 0x00, 0x00, 0x00, 0x37, 0x00, 0x03, 0x00,
	0x1F, 0x00, 0x00, 0x00, 0x5E, 0x00, 0x00, 0x00, 0x37, 0x00, 0x03, 0x00, 0x37, 0x00, 0x00, 0x00,
	0x5F, 0x00, 0x00, 0x00, 0x37, 0x00, 0x03, 0x00, 0x37, 0x00, 0x00, 0x00, 0x60, 0x00, 0x00, 0x00,
	0xF8, 0x00, 0x02, 0x00, 0x62, 0x00, 0x00, 0x00, 0x3B, 0x00, 0x04, 0x00, 0x07, 0x00, 0x00, 0x00,
	0x2C, 0x02, 0x00, 0x00, 0x07, 0x00, 0x00, 0x00, 0x3B, 0x00, 0x04, 0x00, 0x07, 0x00, 0x00, 0x00,
	0x2F, 0x02, 0x00, 0x00, 0x07, 0x00, 0x00, 0x00, 0x3B, 0x00, 0x04, 0x00, 0x07, 0x00, 0x00, 0x00,
	0x32, 0x02, 0x00, 0x00, 0x07, 0x00, 0x00, 0x00, 0x3B, 0x00, 0x04, 0x00, 0x07, 0x00, 0x00, 0x00,
	0x35, 0x02, 0x00, 0x00, 0x07, 0x00, 0x00, 0x00, 0x3B, 0x00, 0x04, 0x00, 0x07, 0x00, 0x00, 0x00,
	0x36, 0x02, 0x00, 0x00, 0x07, 0x00, 0x00, 0x00, 0x3B, 0x00, 0x04, 0x00, 0x07, 0x00, 0x00, 0x00,
	0x39, 0x02, 0x00, 0x00, 0x07, 0x00, 0x00, 0x00, 0x3B, 0x00, 0x04, 0x00, 0x07, 0x00, 0x00, 0x00,
	0x41, 0x02, 0x00, 0x00, 0x07, 0x00, 0x00, 0x00, 0x3B, 0x00, 0x04, 0x00, 0x07, 0x00, 0x00, 0x00,
	0x44, 0x02, 0x00, 0x00, 0x07, 0x00, 0x00, 0x00, 0x3B, 0x00, 0x04, 0x00, 0x07, 0x00, 0x00, 0x00,
	0x47, 0x02, 0x00, 0x00, 0x07, 0x00, 0x00, 0x00, 0x3B, 0x00, 0x04, 0x00, 0x07, 0x00, 0x00, 0x00,
	0x4A, 0x02, 0x00, 0x00, 0x07, 0x00, 0x00, 0x00, 0x3B, 0x00, 0x04, 0x00, 0x07, 0x00, 0x00, 0x00,
	0x4B, 0x02, 0x00, 0x00, 0x07, 0x00, 0x00, 0x00, 0x3B, 0x00, 0x04, 0x00, 0x07, 0x00, 0x00, 0x00,
	0x4E, 0x02, 0x00, 0x00, 0x07, 0x00, 0x00, 0x00, 0x41, 0x00, 0x06, 0x00, 0x07, 0x00, 0x00, 0x00,
	0x27, 0x02, 0x00, 0x00, 0x5E, 0x00, 0x00, 0x00, 0xF8, 0x00, 0x00, 0x00, 0xFC, 0x00, 0x00, 0x00,
	0x3D, 0x00, 0x04, 0x00, 0x06, 0x00, 0x00, 0x00, 0x28, 0x02, 0x00, 0x00, 0x27, 0x02, 0x00, 0x00,
	0x0C, 0x00, 0x07, 0x00, 0x06, 0x00, 0x00, 0x00, 0x2A, 0x02, 0x00, 0x00, 0x01, 0x00, 0x00, 0x00,
	0x28, 0x00, 0x00, 0x00, 0x28, 0x02, 0x00, 0x00, 0x29, 0x02, 0x00, 0x00, 0x0C, 0x00, 0x06, 0x00,
	0x06, 0x00, 0x00, 0x00, 0x2B, 0x02, 0x00, 0x00, 0x01, 0x00, 0x00, 0x00, 0x1F, 0x00, 0x00, 0x00,
	0x2A, 0x02, 0x00, 0x00, 0x41, 0x00, 0x05, 0x00, 0x07, 0x00, 0x00, 0x00, 0x2D, 0x02, 0x00, 0x00,
	0x5B, 0x00, 0x00, 0x00, 0xFC, 0x00, 0x00, 0x00, 0x3D, 0x00, 0x04, 0x00, 0x06, 0x00, 0x00, 0x00,
	0x2E, 0x02, 0x00, 0x00, 0x2D, 0x02, 0x00, 0x00, 0x3E, 0x00, 0x03, 0x00, 0x2C, 0x02, 0x00, 0x00,
	0x2E, 0x02, 0x00, 0x00, 0x41, 0x00, 0x05, 0x00, 0x07, 0x00, 0x00, 0x00, 0x30, 0x02, 0x00, 0x00,
	0x5C, 0x00, 0x00, 0x00, 0xFC, 0x00, 0x00, 0x00, 0x3D, 0x00, 0x04, 0x00, 0x06, 0x00, 0x00, 0x00,
	0x31, 0x02, 0x00, 0x00, 0x30, 0x02, 0x00, 0x00, 0x3E, 0x00, 0x03, 0x00, 0x2F, 0x02, 0x00, 0x00,
	0x31, 0x02, 0x00, 0x00, 0x41, 0x00, 0x05, 0x00, 0x07, 0x00, 0x00, 0x00, 0x33, 0x02, 0x00, 0x00,
	0x5D, 0x00, 0x00, 0x00, 0xFC, 0x00, 0x00, 0x00, 0x3D, 0x00, 0x04, 0x00, 0x06, 0x00, 0x00, 0x00,
	0x34, 0x02, 0x00, 0x00, 0x33, 0x02, 0x00, 0x00, 0x3E, 0x00, 0x03, 0x00, 0x32, 0x02, 0x00, 0x00,
	0x34, 0x02, 0x00, 0x00, 0x3E, 0x00, 0x03, 0x00, 0x35, 0x02, 0x00, 0x00, 0x2B, 0x02, 0x00, 0x00,
	0x41, 0x00, 0x05, 0x00, 0x07, 0x00, 0x00, 0x00, 0x37, 0x02, 0x00, 0x00, 0x5F, 0x00, 0x00, 0x00,
	0xFC, 0x00, 0x00, 0x00, 0x3D, 0x00, 0x04, 0x00, 0x06, 0x00, 0x00, 0x00, 0x38, 0x02, 0x00, 0x00,
	0x37, 0x02, 0x00, 0x00, 0x3E, 0x00, 0x03, 0x00, 0x36, 0x02, 0x00, 0x00, 0x38, 0x02, 0x00, 0x00,
	0x41, 0x00, 0x05, 0x00, 0x07, 0x00, 0x00, 0x00, 0x3A, 0x02, 0x00, 0x00, 0x60, 0x00, 0x00, 0x00,
	0xFC, 0x00, 0x00, 0x00, 0x3D, 0x00, 0x04, 0x00, 0x06, 0x00, 0x00, 0x00, 0x3B, 0x02, 0x00, 0x00,
	0x3A, 0x02, 0x00, 0x00, 0x3E, 0x00, 0x03, 0x00, 0x39, 0x02, 0x00, 0x00, 0x3B, 0x02, 0x00, 0x00,
	0x39, 0x00, 0x0A, 0x00, 0x06, 0x00, 0x00, 0x00, 0x3C, 0x02, 0x00, 0x00, 0x58, 0x00, 0x00, 0x00,
	0x2C, 0x02, 0x00, 0x00, 0x2F, 0x02, 0x00, 0x00, 0x32, 0x02, 0x00, 0x00, 0x35, 0x02, 0x00, 0x00,
	0x36, 0x02, 0x00, 0x00, 0x39, 0x02, 0x00, 0x00, 0x41, 0x00, 0x06, 0x00, 0x07, 0x00, 0x00, 0x00,
	0x3D, 0x02, 0x00, 0x00, 0x5E, 0x00, 0x00, 0x00, 0xF4, 0x00, 0x00, 0x00, 0xF5, 0x00, 0x00, 0x00,
	0x3D, 0x00, 0x04, 0x00, 0x06, 0x00, 0x00, 0x00, 0x3E, 0x02, 0x00, 0x00, 0x3D, 0x02, 0x00, 0x00,
	0x0C, 0x00, 0x07, 0x00, 0x06, 0x00, 0x00, 0x00, 0x3F, 0x02, 0x00, 0x00, 0x01, 0x00, 0x00, 0x00,
	0x28, 0x00, 0x00, 0x00, 0x3E, 0x02, 0x00, 0x00, 0x29, 0x02, 0x00, 0x00, 0x0C, 0x00, 0x06, 0x00,
	0x06, 0x00, 0x00, 0x00, 0x40, 0x02, 0x00, 0x00, 0x01, 0x00, 0x00, 0x00, 0x1F, 0x00, 0x00, 0x00,
	0x3F, 0x02, 0x00, 0x00, 0x41, 0x00, 0x05, 0x00, 0x07, 0x00, 0x00, 0x00, 0x42, 0x02, 0x00, 0x00,
	0x5B, 0x00, 0x00, 0x00, 0xF5, 0x00, 0x00, 0x00, 0x3D, 0x00, 0x04, 0x00, 0x06, 0x00, 0x00, 0x00,
	0x43, 0x02, 0x00, 0x00, 0x42, 0x02, 0x00, 0x00, 0x3E, 0x00, 0x03, 0x00, 0x41, 0x02, 0x00, 0x00,
	0x43, 0x02, 0x00, 0x00, 0x41, 0x00, 0x05, 0x00, 0x07, 0x00, 0x00, 0x00, 0x45, 0x02, 0x00, 0x00,
	0x5C, 0x00, 0x00, 0x00, 0xF5, 0x00, 0x00, 0x00, 0x3D, 0x00, 0x04, 0x00, 0x06, 0x00, 0x00, 0x00,
	0x46, 0x02, 0x00, 0x00, 0x45, 0x02, 0x00, 0x00, 0x3E, 0x00, 0x03, 0x00, 0x44, 0x02, 0x00, 0x00,
	0x46, 0x02, 0x00, 0x00, 0x41, 0x00, 0x05, 0x00, 0x07, 0x00, 0x00, 0x00, 0x48, 0x02, 0x00, 0x00,
	0x5D, 0x00, 0x00, 0x00, 0xF5, 0x00, 0x00, 0x00, 0x3D, 0x00, 0x04, 0x00, 0x06, 0x00, 0x00, 0x00,
	0x49, 0x02, 0x00, 0x00, 0x48, 0x02, 0x00, 0x00, 0x3E, 0x00, 0x03, 0x00, 0x47, 0x02, 0x00, 0x00,
	0x49, 0x02, 0x00, 0x00, 0x3E, 0x00, 0x03, 0x00, 0x4A, 0x02, 0x00, 0x00, 0x40, 0x02, 0x00, 0x00,
	0x41, 0x00, 0x05, 0x00, 0x07, 0x00, 0x00, 0x00, 0x4C, 0x02, 0x00, 0x00, 0x5F, 0x00, 0x00, 0x00,
	0xF5, 0x00, 0x00, 0x00, 0x3D, 0x00, 0x04, 0x00, 0x06, 0x00, 0x00, 0x00, 0x4D, 0x02, 0x00, 0x00,
	0x4C, 0x02, 0x00, 0x00, 0x3E, 0x00, 0x03, 0x00, 0x4B, 0x02, 0x00, 0x00, 0x4D, 0x02, 0x00, 0x00,
	0x41, 0x00, 0x05, 0x00, 0x07, 0x00, 0x00, 0x00, 0x4F, 0x02, 0x00, 0x00, 0x60, 0x00, 0x00, 0x00,
	0xF5, 0x00, 0x00, 0x00, 0x3D, 0x00, 0x04, 0x00, 0x06, 0x00, 0x00, 0x00, 0x50, 0x02, 0x00, 0x00,
	0x4F, 0x02, 0x00, 0x00, 0x3E, 0x00, 0x03, 0x00, 0x4E, 0x02, 0x00, 0x00, 0x50, 0x02, 0x00, 0x00,
	0x39, 0x00, 0x0A, 0x00, 0x06, 0x00, 0x00, 0x00, 0x51, 0x02, 0x00, 0x00, 0x58, 0x00, 0x00, 0x00,
	0x41, 0x02, 0x00, 0x00, 0x44, 0x02, 0x00, 0x00, 0x47, 0x02, 0x00, 0x00, 0x4A, 0x02, 0x00, 0x00,
	0x4B, 0x02, 0x00, 0x00, 0x4E, 0x02, 0x00, 0x00, 0x85, 0x00, 0x05, 0x00, 0x06, 0x00, 0x00, 0x00,
	0x52, 0x02, 0x00, 0x00, 0x3C, 0x02, 0x00, 0x00, 0x51, 0x02, 0x00, 0x00, 0xFE, 0x00, 0x02, 0x00,
	0x52, 0x02, 0x00, 0x00, 0x38, 0x00, 0x01, 0x00, 0x36, 0x00, 0x05, 0x00, 0x06, 0x00, 0x00, 0x00,
	0x67, 0x00, 0x00, 0x00, 0x00, 0x00, 0x00, 0x00, 0x63, 0x00, 0x00, 0x00, 0x37, 0x00, 0x03, 0x00,
	0x37, 0x00, 0x00, 0x00, 0x64, 0x00, 0x00, 0x00, 0x37, 0x00, 0x03, 0x00, 0x1F, 0x00, 0x00, 0x00,
	0x65, 0x00, 0x00, 0x00, 0x37, 0x00, 0x03, 0x00, 0x07, 0x00, 0x00, 0x00, 0x66, 0x00, 0x00, 0x00,
	0xF8, 0x00, 0x02, 0x00, 0x68, 0x00, 0x00, 0x00, 0x3B, 0x00, 0x04, 0x00, 0x07, 0x00, 0x00, 0x00,
	0x55, 0x02, 0x00, 0x00, 0x07, 0x00, 0x00, 0x00, 0x3B, 0x00, 0x04, 0x00, 0x37, 0x00, 0x00, 0x00,
	0x59, 0x02, 0x00, 0x00, 0x07, 0x00, 0x00, 0x00, 0x3B, 0x00, 0x04, 0x00, 0x37, 0x00, 0x00, 0x00,
	0x5A, 0x02, 0x00, 0x00, 0x07, 0x00, 0x00, 0x00, 0x3B, 0x00, 0x04, 0x00, 0x37, 0x00, 0x00, 0x00,
	0x5B, 0x02, 0x00, 0x00, 0x07, 0x00, 0x00, 0x00, 0x3B, 0x00, 0x04, 0x00, 0x1F, 0x00, 0x00, 0x00,
	0x5D, 0x02, 0x00, 0x00, 0x07, 0x00, 0x00, 0x00, 0x3B, 0x00, 0x04, 0x00, 0x37, 0x00, 0x00, 0x00,
	0x5F, 0x02, 0x00, 0x00, 0x07, 0x00, 0x00, 0x00, 0x3B, 0x00, 0x04, 0x00, 0x37, 0x00, 0x00, 0x00,
	0x60, 0x02, 0x00, 0x00, 0x07, 0x00, 0x00, 0x00, 0x3B, 0x00, 0x04, 0x00, 0x37, 0x00, 0x00, 0x00,
	0x62, 0x02, 0x00, 0x00, 0x07, 0x00, 0x00, 0x00, 0x3B, 0x00, 0x04, 0x00, 0x07, 0x00, 0x00, 0x00,
	0x6B, 0x02, 0x00, 0x00, 0x07, 0x00, 0x00, 0x00, 0x3B, 0x00, 0x04, 0x00, 0x37, 0x00, 0x00, 0x00,
	0x70, 0x02, 0x00, 0x00, 0x07, 0x00, 0x00, 0x00, 0x3B, 0x00, 0x04, 0x00, 0x37, 0x00, 0x00, 0x00,
	0x72, 0x02, 0x00, 0x00, 0x07, 0x00, 0x00, 0x00, 0x3B, 0x00, 0x04, 0x00, 0x37, 0x00, 0x00, 0x00,
	0x73, 0x02, 0x00, 0x00, 0x07, 0x00, 0x00, 0x00, 0x3B, 0x00, 0x04, 0x00, 0x1F, 0x00, 0x00, 0x00,
	0x75, 0x02, 0x00, 0x00, 0x07, 0x00, 0x00, 0x00, 0x3B, 0x00, 0x04, 0x00, 0x37, 0x00, 0x00, 0x00,
	0x77, 0x02, 0x00, 0x00, 0x07, 0x00, 0x00, 0x00, 0x3B, 0x00, 0x04, 0x00, 0x37, 0x00, 0x00, 0x00,
	0x78, 0x02, 0x00, 0x00, 0x07, 0x00, 0x00, 0x00, 0x3E, 0x00, 0x03, 0x00, 0x59, 0x02, 0x00, 0x00,
	0x56, 0x02, 0x00, 0x00, 0x3E, 0x00, 0x03, 0x00, 0x5A, 0x02, 0x00, 0x00, 0x56, 0x02, 0x00, 0x00,
	0x3D, 0x00, 0x04, 0x00, 0x14, 0x00, 0x00, 0x00, 0x5C, 0x02, 0x00, 0x00, 0x64, 0x00, 0x00, 0x00,
	0x3E, 0x00, 0x03, 0x00, 0x5B, 0x02, 0x00, 0x00, 0x5C, 0x02, 0x00, 0x00, 0x3D, 0x00, 0x04, 0x00,
	0x1E, 0x00, 0x00, 0x00, 0x5E, 0x02, 0x00, 0x00, 0x65, 0x00, 0x00, 0x00, 0x3E, 0x00, 0x03, 0x00,
	0x5D, 0x02, 0x00, 0x00, 0x5E, 0x02, 0x00, 0x00, 0x3E, 0x00, 0x03, 0x00, 0x5F, 0x02, 0x00, 0x00,
	0x57, 0x02, 0x00, 0x00, 0x3E, 0x00, 0x03, 0x00, 0x60, 0x02, 0x00, 0x00, 0x58, 0x02, 0x00, 0x00,
	0x39, 0x00, 0x0A, 0x00, 0x06, 0x00, 0x00, 0x00, 0x61, 0x02, 0x00, 0x00, 0x61, 0x00, 0x00, 0x00,
	0x59, 0x02, 0x00, 0x00, 0x5A, 0x02, 0x00, 0x00, 0x5B, 0x02, 0x00, 0x00, 0x5D, 0x02, 0x00, 0x00,
	0x5F, 0x02, 0x00, 0x00, 0x60, 0x02, 0x00, 0x00, 0x3E, 0x00, 0x03, 0x00, 0x55, 0x02, 0x00, 0x00,
	0x61, 0x02, 0x00, 0x00, 0x3D, 0x00, 0x04, 0x00, 0x14, 0x00, 0x00, 0x00, 0x63, 0x02, 0x00, 0x00,
	0x64, 0x00, 0x00, 0x00, 0x3D, 0x00, 0x04, 0x00, 0x06, 0x00, 0x00, 0x00, 0x64, 0x02, 0x00, 0x00,
	0x66, 0x00, 0x00, 0x00, 0x8E, 0x00, 0x05, 0x00, 0x14, 0x00, 0x00, 0x00, 0x65, 0x02, 0x00, 0x00,
	0x63, 0x02, 0x00, 0x00, 0x64, 0x02, 0x00, 0x00, 0x0C, 0x00, 0x06, 0x00, 0x14, 0x00, 0x00, 0x00,
	0x66, 0x02, 0x00, 0x00, 0x01, 0x00, 0x00, 0x00, 0x01, 0x00, 0x00, 0x00, 0x65, 0x02, 0x00, 0x00,
	0x3D, 0x00, 0x04, 0x00, 0x06, 0x00, 0x00, 0x00, 0x67, 0x02, 0x00, 0x00, 0x66, 0x00, 0x00, 0x00,
	0x0C, 0x00, 0x07, 0x00, 0x06, 0x00, 0x00, 0x00, 0x68, 0x02, 0x00, 0x00, 0x01, 0x00, 0x00, 0x00,
	0x28, 0x00, 0x00, 0x00, 0x67, 0x02, 0x00, 0x00, 0xA1, 0x00, 0x00, 0x00, 0x50, 0x00, 0x05, 0x00,
	0x14, 0x00, 0x00, 0x00, 0x69, 0x02, 0x00, 0x00, 0x68, 0x02, 0x00, 0x00, 0x68, 0x02, 0x00, 0x00,
	0x88, 0x00, 0x05, 0x00, 0x14, 0x00, 0x00, 0x00, 0x6A, 0x02, 0x00, 0x00, 0x66, 0x02, 0x00, 0x00,
	0x69, 0x02, 0x00, 0x00, 0x3E, 0x00, 0x03, 0x00, 0x62, 0x02, 0x00, 0x00, 0x6A, 0x02, 0x00, 0x00,
	0x3D, 0x00, 0x04, 0x00, 0x06, 0x00, 0x00, 0x00, 0x6C, 0x02, 0x00, 0x00, 0x66, 0x00, 0x00, 0x00,
	0x0C, 0x00, 0x07, 0x00, 0x06, 0x00, 0x00, 0x00, 0x6D, 0x02, 0x00, 0x00, 0x01, 0x00, 0x00, 0x00,
	0x28, 0x00, 0x00, 0x00, 0x6C, 0x02, 0x00, 0x00, 0xA1, 0x00, 0x00, 0x00, 0x88, 0x00, 0x05, 0x00,
	0x06, 0x00, 0x00, 0x00, 0x6E, 0x02, 0x00, 0x00, 0xA1, 0x00, 0x00, 0x00, 0x6D, 0x02, 0x00, 0x00,
	0x50, 0x00, 0x05, 0x00, 0x14, 0x00, 0x00, 0x00, 0x6F, 0x02, 0x00, 0x00, 0x6E, 0x02, 0x00, 0x00,
	0x6E, 0x02, 0x00, 0x00, 0x3D, 0x00, 0x04, 0x00, 0x14, 0x00, 0x00, 0x00, 0x71, 0x02, 0x00, 0x00,
	0x62, 0x02, 0x00, 0x00, 0x3E, 0x00, 0x03, 0x00, 0x70, 0x02, 0x00, 0x00, 0x71, 0x02, 0x00, 0x00,
	0x3E, 0x00, 0x03, 0x00, 0x72, 0x02, 0x00, 0x00, 0x6F, 0x02, 0x00, 0x00, 0x3D, 0x00, 0x04, 0x00,
	0x14, 0x00, 0x00, 0x00, 0x74, 0x02, 0x00, 0x00, 0x64, 0x00, 0x00, 0x00, 0x3E, 0x00, 0x03, 0x00,
	0x73, 0x02, 0x00, 0x00, 0x74, 0x02, 0x00, 0x00, 0x3D, 0x00, 0x04, 0x00, 0x1E, 0x00, 0x00, 0x00,
	0x76, 0x02, 0x00, 0x00, 0x65, 0x00, 0x00, 0x00, 0x3E, 0x00, 0x03, 0x00, 0x75, 0x02, 0x00, 0x00,
	0x76, 0x02, 0x00, 0x00, 0x3E, 0x00, 0x03, 0x00, 0x77, 0x02, 0x00, 0x00, 0x57, 0x02, 0x00, 0x00,
	0x3E, 0x00, 0x03, 0x00, 0x78, 0x02, 0x00, 0x00, 0x58, 0x02, 0x00, 0x00, 0x39, 0x00, 0x0A, 0x00,
	0x06, 0x00, 0x00, 0x00, 0x79, 0x02, 0x00, 0x00, 0x61, 0x00, 0x00, 0x00, 0x70, 0x02, 0x00, 0x00,
	0x72, 0x02, 0x00, 0x00, 0x73, 0x02, 0x00, 0x00, 0x75, 0x02, 0x00, 0x00, 0x77, 0x02, 0x00, 0x00,
	0x78, 0x02, 0x00, 0x00, 0x3E, 0x00, 0x03, 0x00, 0x6B, 0x02, 0x00, 0x00, 0x79, 0x02, 0x00, 0x00,
	0x3D, 0x00, 0x04, 0x00, 0x06, 0x00, 0x00, 0x00, 0x7A, 0x02, 0x00, 0x00, 0x55, 0x02, 0x00, 0x00,
	0x3D, 0x00, 0x04, 0x00, 0x06, 0x00, 0x00, 0x00, 0x7B, 0x02, 0x00, 0x00, 0x6B, 0x02, 0x00, 0x00,
	0x83, 0x00, 0x05, 0x00, 0x06, 0x00, 0x00, 0x00, 0x7C, 0x02, 0x00, 0x00, 0x7A, 0x02, 0x00, 0x00,
	0x7B, 0x02, 0x00, 0x00, 0xFE, 0x00, 0x02, 0x00, 0x7C, 0x02, 0x00, 0x00, 0x38, 0x00, 0x01, 0x00,
	0x36, 0x00, 0x05, 0x00, 0x02, 0x00, 0x00, 0x00, 0x6D, 0x00, 0x00, 0x00, 0x00, 0x00, 0x00, 0x00,
	0x69, 0x00, 0x00, 0x00, 0x37, 0x00, 0x03, 0x00, 0x1F, 0x00, 0x00, 0x00, 0x6A, 0x00, 0x00, 0x00,
	0x37, 0x00, 0x03, 0x00, 0x1F, 0x00, 0x00, 0x00, 0x6B, 0x00, 0x00, 0x00, 0x37, 0x00, 0x03, 0x00,
	0x07, 0x00, 0x00, 0x00, 0x6C, 0x00, 0x00, 0x00, 0xF8, 0x00, 0x02, 0x00, 0x6E, 0x00, 0x00, 0x00,
	0x3B, 0x00, 0x04, 0x00, 0x07, 0x00, 0x00, 0x00, 0x7F, 0x02, 0x00, 0x00, 0x07, 0x00, 0x00, 0x00,
	0x3D, 0x00, 0x04, 0x00, 0x1E, 0x00, 0x00, 0x00, 0x80, 0x02, 0x00, 0x00, 0x6A, 0x00, 0x00, 0x00,
	0x0C, 0x00, 0x06, 0x00, 0x06, 0x00, 0x00, 0x00, 0x81, 0x02, 0x00, 0x00, 0x01, 0x00, 0x00, 0x00,
	0x21, 0x00, 0x00, 0x00, 0x80, 0x02, 0x00, 0x00, 0x0C, 0x00, 0x07, 0x00, 0x06, 0x00, 0x00, 0x00,
	0x82, 0x02, 0x00, 0x00, 0x01, 0x00, 0x00, 0x00, 0x28, 0x00, 0x00, 0x00, 0x81, 0x02, 0x00, 0x00,
	0xF2, 0x00, 0x00, 0x00, 0x3E, 0x00, 0x03, 0x00, 0x7F, 0x02, 0x00, 0x00, 0x82, 0x02, 0x00, 0x00,
	0x41, 0x00, 0x06, 0x00, 0x07, 0x00, 0x00, 0x00, 0x83, 0x02, 0x00, 0x00, 0x6A, 0x00, 0x00, 0x00,
	0xF4, 0x00, 0x00, 0x00, 0xF5, 0x00, 0x00, 0x00, 0x3D, 0x00, 0x04, 0x00, 0x06, 0x00, 0x00, 0x00,
	0x84, 0x02, 0x00, 0x00, 0x83, 0x02, 0x00, 0x00, 0x41, 0x00, 0x06, 0x00, 0x07, 0x00, 0x00, 0x00,
	0x85, 0x02, 0x00, 0x00, 0x6A, 0x00, 0x00, 0x00, 0xF8, 0x00, 0x00, 0x00, 0xF5, 0x00, 0x00, 0x00,
	0x3D, 0x00, 0x04, 0x00, 0x06, 0x00, 0x00, 0x00, 0x86, 0x02, 0x00, 0x00, 0x85, 0x02, 0x00, 0x00,
	0x7F, 0x00, 0x04, 0x00, 0x06, 0x00, 0x00, 0x00, 0x87, 0x02, 0x00, 0x00, 0x86, 0x02, 0x00, 0x00,
	0x41, 0x00, 0x06, 0x00, 0x07, 0x00, 0x00, 0x00, 0x88, 0x02, 0x00, 0x00, 0x6A, 0x00, 0x00, 0x00,
	0xF4, 0x00, 0x00, 0x00, 0xFC, 0x00, 0x00, 0x00, 0x3D, 0x00, 0x04, 0x00, 0x06, 0x00, 0x00, 0x00,
	0x89, 0x02, 0x00, 0x00, 0x88, 0x02, 0x00, 0x00, 0x7F, 0x00, 0x04, 0x00, 0x06, 0x00, 0x00, 0x00,
	0x8A, 0x02, 0x00, 0x00, 0x89, 0x02, 0x00, 0x00, 0x41, 0x00, 0x06, 0x00, 0x07, 0x00, 0x00, 0x00,
	0x8B, 0x02, 0x00, 0x00, 0x6A, 0x00, 0x00, 0x00, 0xF8, 0x00, 0x00, 0x00, 0xFC, 0x00, 0x00, 0x00,
	0x3D, 0x00, 0x04, 0x00, 0x06, 0x00, 0x00, 0x00, 0x8C, 0x02, 0x00, 0x00, 0x8B, 0x02, 0x00, 0x00,
	0x50, 0x00, 0x05, 0x00, 0x14, 0x00, 0x00, 0x00, 0x8D, 0x02, 0x00, 0x00, 0x84, 0x02, 0x00, 0x00,
	0x87, 0x02, 0x00, 0x00, 0x50, 0x00, 0x05, 0x00, 0x14, 0x00, 0x00, 0x00, 0x8E, 0x02, 0x00, 0x00,
	0x8A, 0x02, 0x00, 0x00, 0x8C, 0x02, 0x00, 0x00, 0x50, 0x00, 0x05, 0x00, 0x1E, 0x00, 0x00, 0x00,
	0x8F, 0x02, 0x00, 0x00, 0x8D, 0x02, 0x00, 0x00, 0x8E, 0x02, 0x00, 0x00, 0x3D, 0x00, 0x04, 0x00,
	0x06, 0x00, 0x00, 0x00, 0x90, 0x02, 0x00, 0x00, 0x7F, 0x02, 0x00, 0x00, 0x88, 0x00, 0x05, 0x00,
	0x06, 0x00, 0x00, 0x00, 0x91, 0x02, 0x00, 0x00, 0xA1, 0x00, 0x00, 0x00, 0x90, 0x02, 0x00, 0x00,
	0x8F, 0x00, 0x05, 0x00, 0x1E, 0x00, 0x00, 0x00, 0x92, 0x02, 0x00, 0x00, 0x8F, 0x02, 0x00, 0x00,
	0x91, 0x02, 0x00, 0x00, 0x3E, 0x00, 0x03, 0x00, 0x6B, 0x00, 0x00, 0x00, 0x92, 0x02, 0x00, 0x00,
	0x3D, 0x00, 0x04, 0x00, 0x06, 0x00, 0x00, 0x00, 0x93, 0x02, 0x00, 0x00, 0x7F, 0x02, 0x00, 0x00,
	0x0C, 0x00, 0x06, 0x00, 0x06, 0x00, 0x00, 0x00, 0x94, 0x02, 0x00, 0x00, 0x01, 0x00, 0x00, 0x00,
	0x1F, 0x00, 0x00, 0x00, 0x93, 0x02, 0x00, 0x00, 0x85, 0x00, 0x05, 0x00, 0x06, 0x00, 0x00, 0x00,
	0x96, 0x02, 0x00, 0x00, 0x94, 0x02, 0x00, 0x00, 0x95, 0x02, 0x00, 0x00, 0x88, 0x00, 0x05, 0x00,
	0x06, 0x00, 0x00, 0x00, 0x97, 0x02, 0x00, 0x00, 0xA1, 0x00, 0x00, 0x00, 0x96, 0x02, 0x00, 0x00,
	0x3E, 0x00, 0x03, 0x00, 0x6C, 0x00, 0x00, 0x00, 0x97, 0x02, 0x00, 0x00, 0xFD, 0x00, 0x01, 0x00,
	0x38, 0x00, 0x01, 0x00, 0x36, 0x00, 0x05, 0x00, 0x06, 0x00, 0x00, 0x00, 0x72, 0x00, 0x00, 0x00,
	0x00, 0x00, 0x00, 0x00, 0x63, 0x00, 0x00, 0x00, 0x37, 0x00, 0x03, 0x00, 0x37, 0x00, 0x00, 0x00,
	0x6F, 0x00, 0x00, 0x00, 0x37, 0x00, 0x03, 0x00, 0x1F, 0x00, 0x00, 0x00, 0x70, 0x00, 0x00, 0x00,
	0x37, 0x00, 0x03, 0x00, 0x07, 0x00, 0x00, 0x00, 0x71, 0x00, 0x00, 0x00, 0xF8, 0x00, 0x02, 0x00,
	0x73, 0x00, 0x00, 0x00, 0x3D, 0x00, 0x04, 0x00, 0x14, 0x00, 0x00, 0x00, 0x99, 0x02, 0x00, 0x00,
	0x6F, 0x00, 0x00, 0x00, 0x3D, 0x00, 0x04, 0x00, 0x1E, 0x00, 0x00, 0x00, 0x9A, 0x02, 0x00, 0x00,
	0x70, 0x00, 0x00, 0x00, 0x3D, 0x00, 0x04, 0x00, 0x14, 0x00, 0x00, 0x00, 0x9B, 0x02, 0x00, 0x00,
	0x6F, 0x00, 0x00, 0x00, 0x91, 0x00, 0x05, 0x00, 0x14, 0x00, 0x00, 0x00, 0x9C, 0x02, 0x00, 0x00,
	0x9A, 0x02, 0x00, 0x00, 0x9B, 0x02, 0x00, 0x00, 0x94, 0x00, 0x05, 0x00, 0x06, 0x00, 0x00, 0x00,
	0x9D, 0x02, 0x00, 0x00, 0x99, 0x02, 0x00, 0x00, 0x9C, 0x02, 0x00, 0x00, 0x85, 0x00, 0x05, 0x00,
	0x06, 0x00, 0x00, 0x00, 0x9E, 0x02, 0x00, 0x00, 0x98, 0x02, 0x00, 0x00, 0x9D, 0x02, 0x00, 0x00,
	0x0C, 0x00, 0x06, 0x00, 0x06, 0x00, 0x00, 0x00, 0x9F, 0x02, 0x00, 0x00, 0x01, 0x00, 0x00, 0x00,
	0x1B, 0x00, 0x00, 0x00, 0x9E, 0x02, 0x00, 0x00, 0x3D, 0x00, 0x04, 0x00, 0x06, 0x00, 0x00, 0x00,
	0xA0, 0x02, 0x00, 0x00, 0x71, 0x00, 0x00, 0x00, 0x85, 0x00, 0x05, 0x00, 0x06, 0x00, 0x00, 0x00,
	0xA1, 0x02, 0x00, 0x00, 0x9F, 0x02, 0x00, 0x00, 0xA0, 0x02, 0x00, 0x00, 0xFE, 0x00, 0x02, 0x00,
	0xA1, 0x02, 0x00, 0x00, 0x38, 0x00, 0x01, 0x00, 0x36, 0x00, 0x05, 0x00, 0x06, 0x00, 0x00, 0x00,
	0x82, 0x00, 0x00, 0x00, 0x00, 0x00, 0x00, 0x00, 0x76, 0x00, 0x00, 0x00, 0x37, 0x00, 0x03, 0x00,
	0x0E, 0x00, 0x00, 0x00, 0x77, 0x00, 0x00, 0x00, 0x37, 0x00, 0x03, 0x00, 0x07, 0x00, 0x00, 0x00,
	0x78, 0x00, 0x00, 0x00, 0x37, 0x00, 0x03, 0x00, 0x07, 0x00, 0x00, 0x00, 0x79, 0x00, 0x00, 0x00,
	0x37, 0x00, 0x03, 0x00, 0x37, 0x00, 0x00, 0x00, 0x7A, 0x00, 0x00, 0x00, 0x37, 0x00, 0x03, 0x00,
	0x1F, 0x00, 0x00, 0x00, 0x7B, 0x00, 0x00, 0x00, 0x37, 0x00, 0x03, 0x00, 0x07, 0x00, 0x00, 0x00,
	0x7C, 0x00, 0x00, 0x00, 0x37, 0x00, 0x03, 0x00, 0x07, 0x00, 0x00, 0x00, 0x7D, 0x00, 0x00, 0x00,
	0x37, 0x00, 0x03, 0x00, 0x75, 0x00, 0x00, 0x00, 0x7E, 0x00, 0x00, 0x00, 0x37, 0x00, 0x03, 0x00,
	0x07, 0x00, 0x00, 0x00, 0x7F, 0x00, 0x00, 0x00, 0x37, 0x00, 0x03, 0x00, 0x07, 0x00, 0x00, 0x00,
	0x80, 0x00, 0x00, 0x00, 0x37, 0x00, 0x03, 0x00, 0x07, 0x00, 0x00, 0x00, 0x81, 0x00, 0x00, 0x00,
	0xF8, 0x00, 0x02, 0x00, 0x83, 0x00, 0x00, 0x00, 0x3B, 0x00, 0x04, 0x00, 0x07, 0x00, 0x00, 0x00,
	0xA4, 0x02, 0x00, 0x00, 0x07, 0x00, 0x00, 0x00, 0x3B, 0x00, 0x04, 0x00, 0x0E, 0x00, 0x00, 0x00,
	0xA8, 0x02, 0x00, 0x00, 0x07, 0x00, 0x00, 0x00, 0x3B, 0x00, 0x04, 0x00, 0x0E, 0x00, 0x00, 0x00,
	0xA9, 0x02, 0x00, 0x00, 0x07, 0x00, 0x00, 0x00, 0x3B, 0x00, 0x04, 0x00, 0x07, 0x00, 0x00, 0x00,
	0xAB, 0x02, 0x00, 0x00, 0x07, 0x00, 0x00, 0x00, 0x3B, 0x00, 0x04, 0x00, 0x37, 0x00, 0x00, 0x00,
	0xAE, 0x02, 0x00, 0x00, 0x07, 0x00, 0x00, 0x00, 0x3B, 0x00, 0x04, 0x00, 0x07, 0x00, 0x00, 0x00,
	0xB1, 0x02, 0x00, 0x00, 0x07, 0x00, 0x00, 0x00, 0x3B, 0x00, 0x04, 0x00, 0x1F, 0x00, 0x00, 0x00,
	0xB5, 0x02, 0x00, 0x00, 0x07, 0x00, 0x00, 0x00, 0x3B, 0x00, 0x04, 0x00, 0x1F, 0x00, 0x00, 0x00,
	0xB6, 0x02, 0x00, 0x00, 0x07, 0x00, 0x00, 0x00, 0x3B, 0x00, 0x04, 0x00, 0x07, 0x00, 0x00, 0x00,
	0xB9, 0x02, 0x00, 0x00, 0x07, 0x00, 0x00, 0x00, 0x3B, 0x00, 0x04, 0x00, 0x1F, 0x00, 0x00, 0x00,
	0xBD, 0x02, 0x00, 0x00, 0x07, 0x00, 0x00, 0x00, 0x3B, 0x00, 0x04, 0x00, 0x07, 0x00, 0x00, 0x00,
	0xBE, 0x02, 0x00, 0x00, 0x07, 0x00, 0x00, 0x00, 0x3B, 0x00, 0x04, 0x00, 0x07, 0x00, 0x00, 0x00,
	0xC1, 0x02, 0x00, 0x00, 0x07, 0x00, 0x00, 0x00, 0x3B, 0x00, 0x04, 0x00, 0x75, 0x00, 0x00, 0x00,
	0xC6, 0x02, 0x00, 0x00, 0x07, 0x00, 0x00, 0x00, 0x3B, 0x00, 0x04, 0x00, 0x1F, 0x00, 0x00, 0x00,
	0xCE, 0x02, 0x00, 0x00, 0x07, 0x00, 0x00, 0x00, 0x3B, 0x00, 0x04, 0x00, 0x1F, 0x00, 0x00, 0x00,
	0xD2, 0x02, 0x00, 0x00, 0x07, 0x00, 0x00, 0x00, 0x3B, 0x00, 0x04, 0x00, 0x1F, 0x00, 0x00, 0x00,
	0xD7, 0x02, 0x00, 0x00, 0x07, 0x00, 0x00, 0x00, 0x3B, 0x00, 0x04, 0x00, 0x07, 0x00, 0x00, 0x00,
	0xD8, 0x02, 0x00, 0x00, 0x07, 0x00, 0x00, 0x00, 0x3B, 0x00, 0x04, 0x00, 0x1F, 0x00, 0x00, 0x00,
	0xD9, 0x02, 0x00, 0x00, 0x07, 0x00, 0x00, 0x00, 0x3B, 0x00, 0x04, 0x00, 0x1F, 0x00, 0x00, 0x00,
	0xDB, 0x02, 0x00, 0x00, 0x07, 0x00, 0x00, 0x00, 0x3B, 0x00, 0x04, 0x00, 0x07, 0x00, 0x00, 0x00,
	0xDC, 0x02, 0x00, 0x00, 0x07, 0x00, 0x00, 0x00, 0x3B, 0x00, 0x04, 0x00, 0x1F, 0x00, 0x00, 0x00,
	0xE0, 0x02, 0x00, 0x00, 0x07, 0x00, 0x00, 0x00, 0x3B, 0x00, 0x04, 0x00, 0x1F, 0x00, 0x00, 0x00,
	0xEA, 0x02, 0x00, 0x00, 0x07, 0x00, 0x00, 0x00, 0x3B, 0x00, 0x04, 0x00, 0x07, 0x00, 0x00, 0x00,
	0xEB, 0x02, 0x00, 0x00, 0x07, 0x00, 0x00, 0x00, 0x3B, 0x00, 0x04, 0x00, 0x1F, 0x00, 0x00, 0x00,
	0xEC, 0x02, 0x00, 0x00, 0x07, 0x00, 0x00, 0x00, 0x3B, 0x00, 0x04, 0x00, 0x1F, 0x00, 0x00, 0x00,
	0xEE, 0x02, 0x00, 0x00, 0x07, 0x00, 0x00, 0x00, 0x3B, 0x00, 0x04, 0x00, 0x07, 0x00, 0x00, 0x00,
	0xEF, 0x02, 0x00, 0x00, 0x07, 0x00, 0x00, 0x00, 0x3B, 0x00, 0x04, 0x00, 0x07, 0x00, 0x00, 0x00,
	0xF3, 0x02, 0x00, 0x00, 0x07, 0x00, 0x00, 0x00, 0x3B, 0x00, 0x04, 0x00, 0x07, 0x00, 0x00, 0x00,
	0xF4, 0x02, 0x00, 0x00, 0x07, 0x00, 0x00, 0x00, 0x3B, 0x00, 0x04, 0x00, 0x75, 0x00, 0x00, 0x00,
	0xF5, 0x02, 0x00, 0x00, 0x07, 0x00, 0x00, 0x00, 0x3B, 0x00, 0x04, 0x00, 0x07, 0x00, 0x00, 0x00,
	0xFE, 0x02, 0x00, 0x00, 0x07, 0x00, 0x00, 0x00, 0x3B, 0x00, 0x04, 0x00, 0x07, 0x00, 0x00, 0x00,
	0x04, 0x03, 0x00, 0x00, 0x07, 0x00, 0x00, 0x00, 0x3B, 0x00, 0x04, 0x00, 0x07, 0x00, 0x00, 0x00,
	0x0B, 0x03, 0x00, 0x00, 0x07, 0x00, 0x00, 0x00, 0x3B, 0x00, 0x04, 0x00, 0x07, 0x00, 0x00, 0x00,
	0x13, 0x03, 0x00, 0x00, 0x07, 0x00, 0x00, 0x00, 0x3B, 0x00, 0x04, 0x00, 0x37, 0x00, 0x00, 0x00,
	0x16, 0x03, 0x00, 0x00, 0x07, 0x00, 0x00, 0x00, 0x3B, 0x00, 0x04, 0x00, 0x75, 0x00, 0x00, 0x00,
	0x20, 0x03, 0x00, 0x00, 0x07, 0x00, 0x00, 0x00, 0x3B, 0x00, 0x04, 0x00, 0x37, 0x00, 0x00, 0x00,
	0x29, 0x03, 0x00, 0x00, 0x07, 0x00, 0x00, 0x00, 0x3B, 0x00, 0x04, 0x00, 0x37, 0x00, 0x00, 0x00,
	0x35, 0x03, 0x00, 0x00, 0x07, 0x00, 0x00, 0x00, 0x3B, 0x00, 0x04, 0x00, 0x75, 0x00, 0x00, 0x00,
	0x3A, 0x03, 0x00, 0x00, 0x07, 0x00, 0x00, 0x00, 0x3B, 0x00, 0x04, 0x00, 0x37, 0x00, 0x00, 0x00,
	0x43, 0x03, 0x00, 0x00, 0x07, 0x00, 0x00, 0x00, 0x3B, 0x00, 0x04, 0x00, 0x37, 0x00, 0x00, 0x00,
	0x4F, 0x03, 0x00, 0x00, 0x07, 0x00, 0x00, 0x00, 0x3B, 0x00, 0x04, 0x00, 0x37, 0x00, 0x00, 0x00,
	0x51, 0x03, 0x00, 0x00, 0x07, 0x00, 0x00, 0x00, 0x3B, 0x00, 0x04, 0x00, 0x37, 0x00, 0x00, 0x00,
	0x53, 0x03, 0x00, 0x00, 0x07, 0x00, 0x00, 0x00, 0x3B, 0x00, 0x04, 0x00, 0x07, 0x00, 0x00, 0x00,
	0x55, 0x03, 0x00, 0x00, 0x07, 0x00, 0x00, 0x00, 0x3B, 0x00, 0x04, 0x00, 0x38, 0x00, 0x00, 0x00,
	0x57, 0x03, 0x00, 0x00, 0x07, 0x00, 0x00, 0x00, 0x3B, 0x00, 0x04, 0x00, 0x37, 0x00, 0x00, 0x00,
	0x5F, 0x03, 0x00, 0x00, 0x07, 0x00, 0x00, 0x00, 0x3B, 0x00, 0x04, 0x00, 0x37, 0x00, 0x00, 0x00,
	0x61, 0x03, 0x00, 0x00, 0x07, 0x00, 0x00, 0x00, 0x3B, 0x00, 0x04, 0x00, 0x37, 0x00, 0x00, 0x00,
	0x63, 0x03, 0x00, 0x00, 0x07, 0x00, 0x00, 0x00, 0x3B, 0x00, 0x04, 0x00, 0x07, 0x00, 0x00, 0x00,
	0x65, 0x03, 0x00, 0x00, 0x07, 0x00, 0x00, 0x00, 0x3B, 0x00, 0x04, 0x00, 0x38, 0x00, 0x00, 0x00,
	0x67, 0x03, 0x00, 0x00, 0x07, 0x00, 0x00, 0x00, 0x3B, 0x00, 0x04, 0x00, 0x07, 0x00, 0x00, 0x00,
	0x6F, 0x03, 0x00, 0x00, 0x07, 0x00, 0x00, 0x00, 0x3B, 0x00, 0x04, 0x00, 0x37, 0x00, 0x00, 0x00,
	0x71, 0x03, 0x00, 0x00, 0x07, 0x00, 0x00, 0x00, 0x3B, 0x00, 0x04, 0x00, 0x37, 0x00, 0x00, 0x00,
	0x73, 0x03, 0x00, 0x00, 0x07, 0x00, 0x00, 0x00, 0x3B, 0x00, 0x04, 0x00, 0x07, 0x00, 0x00, 0x00,
	0x75, 0x03, 0x00, 0x00, 0x07, 0x00, 0x00, 0x00, 0x3B, 0x00, 0x04, 0x00, 0x38, 0x00, 0x00, 0x00,
	0x77, 0x03, 0x00, 0x00, 0x07, 0x00, 0x00, 0x00, 0x3B, 0x00, 0x04, 0x00, 0x07, 0x00, 0x00, 0x00,
	0x79, 0x03, 0x00, 0x00, 0x07, 0x00, 0x00, 0x00, 0x3B, 0x00, 0x04, 0x00, 0x07, 0x00, 0x00, 0x00,
	0x83, 0x03, 0x00, 0x00, 0x07, 0x00, 0x00, 0x00, 0x3B, 0x00, 0x04, 0x00, 0x37, 0x00, 0x00, 0x00,
	0x87, 0x03, 0x00, 0x00, 0x07, 0x00, 0x00, 0x00, 0x3B, 0x00, 0x04, 0x00, 0x1F, 0x00, 0x00, 0x00,
	0x88, 0x03, 0x00, 0x00, 0x07, 0x00, 0x00, 0x00, 0x3B, 0x00, 0x04, 0x00, 0x07, 0x00, 0x00, 0x00,
	0x8A, 0x03, 0x00, 0x00, 0x07, 0x00, 0x00, 0x00, 0x3B, 0x00, 0x04, 0x00, 0x07, 0x00, 0x00, 0x00,
	0x8D, 0x03, 0x00, 0x00, 0x07, 0x00, 0x00, 0x00, 0x3B, 0x00, 0x04, 0x00, 0x37, 0x00, 0x00, 0x00,
	0x91, 0x03, 0x00, 0x00, 0x07, 0x00, 0x00, 0x00, 0x3B, 0x00, 0x04, 0x00, 0x1F, 0x00, 0x00, 0x00,
	0x92, 0x03, 0x00, 0x00, 0x07, 0x00, 0x00, 0x00, 0x3B, 0x00, 0x04, 0x00, 0x07, 0x00, 0x00, 0x00,
	0x94, 0x03, 0x00, 0x00, 0x07, 0x00, 0x00, 0x00, 0x3B, 0x00, 0x04, 0x00, 0x37, 0x00, 0x00, 0x00,
	0xA7, 0x03, 0x00, 0x00, 0x07, 0x00, 0x00, 0x00, 0x3B, 0x00, 0x04, 0x00, 0x1F, 0x00, 0x00, 0x00,
	0xA9, 0x03, 0x00, 0x00, 0x07, 0x00, 0x00, 0x00, 0x3B, 0x00, 0x04, 0x00, 0x07, 0x00, 0x00, 0x00,
	0xAB, 0x03, 0x00, 0x00, 0x07, 0x00, 0x00, 0x00, 0x3D, 0x00, 0x04, 0x00, 0x06, 0x00, 0x00, 0x00,
	0xA5, 0x02, 0x00, 0x00, 0x7C, 0x00, 0x00, 0x00, 0x0C, 0x00, 0x07, 0x00, 0x06, 0x00, 0x00, 0x00,
	0xA6, 0x02, 0x00, 0x00, 0x01, 0x00, 0x00, 0x00, 0x28, 0x00, 0x00, 0x00, 0xA5, 0x02, 0x00, 0x00,
	0xA1, 0x00, 0x00, 0x00, 0x0C, 0x00, 0x06, 0x00, 0x06, 0x00, 0x00, 0x00, 0xA7, 0x02, 0x00, 0x00,
	0x01, 0x00, 0x00, 0x00, 0x1F, 0x00, 0x00, 0x00, 0xA6, 0x02, 0x00, 0x00, 0x3E, 0x00, 0x03, 0x00,
	0xA4, 0x02, 0x00, 0x00, 0xA7, 0x02, 0x00, 0x00, 0x3D, 0x00, 0x04, 0x00, 0x0D, 0x00, 0x00, 0x00,
	0xAA, 0x02, 0x00, 0x00, 0x77, 0x00, 0x00, 0x00, 0x3E, 0x00, 0x03, 0x00, 0xA9, 0x02, 0x00, 0x00,
	0xAA, 0x02, 0x00, 0x00, 0x3D, 0x00, 0x04, 0x00, 0x06, 0x00, 0x00, 0x00, 0xAC, 0x02, 0x00, 0x00,
	0x78, 0x00, 0x00, 0x00, 0x3E, 0x00, 0x03, 0x00, 0xAB, 0x02, 0x00, 0x00, 0xAC, 0x02, 0x00, 0x00,
	0x39, 0x00, 0x06, 0x00, 0x0D, 0x00, 0x00, 0x00, 0xAD, 0x02, 0x00, 0x00, 0x1C, 0x00, 0x00, 0x00,
	0xA9, 0x02, 0x00, 0x00, 0xAB, 0x02, 0x00, 0x00, 0x3E, 0x00, 0x03, 0x00, 0xA8, 0x02, 0x00, 0x00,
	0xAD, 0x02, 0x00, 0x00, 0x3D, 0x00, 0x04, 0x00, 0x0D, 0x00, 0x00, 0x00, 0xAF, 0x02, 0x00, 0x00,
	0xA8, 0x02, 0x00, 0x00, 0x4F, 0x00, 0x07, 0x00, 0x14, 0x00, 0x00, 0x00, 0xB0, 0x02, 0x00, 0x00,
	0xAF, 0x02, 0x00, 0x00, 0xAF, 0x02, 0x00, 0x00, 0x00, 0x00, 0x00, 0x00, 0x01, 0x00, 0x00, 0x00,
	0x3E, 0x00, 0x03, 0x00, 0xAE, 0x02, 0x00, 0x00, 0xB0, 0x02, 0x00, 0x00, 0x41, 0x00, 0x05, 0x00,
	0x07, 0x00, 0x00, 0x00, 0xB2, 0x02, 0x00, 0x00, 0xA8, 0x02, 0x00, 0x00, 0xBD, 0x00, 0x00, 0x00,
	0x3D, 0x00, 0x04, 0x00, 0x06, 0x00, 0x00, 0x00, 0xB3, 0x02, 0x00, 0x00, 0xB2, 0x02, 0x00, 0x00,
	0x0C, 0x00, 0x07, 0x00, 0x06, 0x00, 0x00, 0x00, 0xB4, 0x02, 0x00, 0x00, 0x01, 0x00, 0x00, 0x00,
	0x28, 0x00, 0x00, 0x00, 0xB3, 0x02, 0x00, 0x00, 0x97, 0x00, 0x00, 0x00, 0x3E, 0x00, 0x03, 0x00,
	0xB1, 0x02, 0x00, 0x00, 0xB4, 0x02, 0x00, 0x00, 0x3D, 0x00, 0x04, 0x00, 0x1E, 0x00, 0x00, 0x00,
	0xB7, 0x02, 0x00, 0x00, 0x7B, 0x00, 0x00, 0x00, 0x3E, 0x00, 0x03, 0x00, 0xB6, 0x02, 0x00, 0x00,
	0xB7, 0x02, 0x00, 0x00, 0x39, 0x00, 0x05, 0x00, 0x1E, 0x00, 0x00, 0x00, 0xB8, 0x02, 0x00, 0x00,
	0x25, 0x00, 0x00, 0x00, 0xB6, 0x02, 0x00, 0x00, 0x3E, 0x00, 0x03, 0x00, 0xB5, 0x02, 0x00, 0x00,
	0xB8, 0x02, 0x00, 0x00, 0x3D, 0x00, 0x04, 0x00, 0x06, 0x00, 0x00, 0x00, 0xBA, 0x02, 0x00, 0x00,
	0xA4, 0x02, 0x00, 0x00, 0x3D, 0x00, 0x04, 0x00, 0x1E, 0x00, 0x00, 0x00, 0xBB, 0x02, 0x00, 0x00,
	0xB5, 0x02, 0x00, 0x00, 0x8F, 0x00, 0x05, 0x00, 0x1E, 0x00, 0x00, 0x00, 0xBC, 0x02, 0x00, 0x00,
	0xBB, 0x02, 0x00, 0x00, 0xBA, 0x02, 0x00, 0x00, 0x3E, 0x00, 0x03, 0x00, 0xBD, 0x02, 0x00, 0x00,
	0xBC, 0x02, 0x00, 0x00, 0x3D, 0x00, 0x04, 0x00, 0x06, 0x00, 0x00, 0x00, 0xBF, 0x02, 0x00, 0x00,
	0x7D, 0x00, 0x00, 0x00, 0x3E, 0x00, 0x03, 0x00, 0xBE, 0x02, 0x00, 0x00, 0xBF, 0x02, 0x00, 0x00,
	0x39, 0x00, 0x06, 0x00, 0x06, 0x00, 0x00, 0x00, 0xC0, 0x02, 0x00, 0x00, 0x2A, 0x00, 0x00, 0x00,
	0xBD, 0x02, 0x00, 0x00, 0xBE, 0x02, 0x00, 0x00, 0x3E, 0x00, 0x03, 0x00, 0xB9, 0x02, 0x00, 0x00,
	0xC0, 0x02, 0x00, 0x00, 0x3D, 0x00, 0x04, 0x00, 0x06, 0x00, 0x00, 0x00, 0xC2, 0x02, 0x00, 0x00,
	0xB9, 0x02, 0x00, 0x00, 0x3D, 0x00, 0x04, 0x00, 0x06, 0x00, 0x00, 0x00, 0xC3, 0x02, 0x00, 0x00,
	0x7F, 0x00, 0x00, 0x00, 0x0C, 0x00, 0x08, 0x00, 0x06, 0x00, 0x00, 0x00, 0xC4, 0x02, 0x00, 0x00,
	0x01, 0x00, 0x00, 0x00, 0x2B, 0x00, 0x00, 0x00, 0xC2, 0x02, 0x00, 0x00, 0xB3, 0x00, 0x00, 0x00,
	0xC3, 0x02, 0x00, 0x00, 0x3E, 0x00, 0x03, 0x00, 0xC1, 0x02, 0x00, 0x00, 0xC4, 0x02, 0x00, 0x00,
	0x3D, 0x00, 0x04, 0x00, 0x06, 0x00, 0x00, 0x00, 0xC5, 0x02, 0x00, 0x00, 0xC1, 0x02, 0x00, 0x00,
	0x3E, 0x00, 0x03, 0x00, 0x80, 0x00, 0x00, 0x00, 0xC5, 0x02, 0x00, 0x00, 0x3D, 0x00, 0x04, 0x00,
	0x74, 0x00, 0x00, 0x00, 0xC7, 0x02, 0x00, 0x00, 0x7E, 0x00, 0x00, 0x00, 0x0C, 0x00, 0x08, 0x00,
	0x74, 0x00, 0x00, 0x00, 0xC9, 0x02, 0x00, 0x00, 0x01, 0x00, 0x00, 0x00, 0x2D, 0x00, 0x00, 0x00,
	0xC7, 0x02, 0x00, 0x00, 0xF8, 0x00, 0x00, 0x00, 0xC8, 0x02, 0x00, 0x00, 0xC4, 0x00, 0x05, 0x00,
	0x74, 0x00, 0x00, 0x00, 0xCA, 0x02, 0x00, 0x00, 0xF4, 0x00, 0x00, 0x00, 0xC9, 0x02, 0x00, 0x00,
	0x3E, 0x00, 0x03, 0x00, 0xC6, 0x02, 0x00, 0x00, 0xCA, 0x02, 0x00, 0x00, 0x3D, 0x00, 0x04, 0x00,
	0x74, 0x00, 0x00, 0x00, 0xCB, 0x02, 0x00, 0x00, 0xC6, 0x02, 0x00, 0x00, 0x0C, 0x00, 0x08, 0x00,
	0x74, 0x00, 0x00, 0x00, 0xCD, 0x02, 0x00, 0x00, 0x01, 0x00, 0x00, 0x00, 0x2D, 0x00, 0x00, 0x00,
	0xCB, 0x02, 0x00, 0x00, 0xF4, 0x00, 0x00, 0x00, 0xCC, 0x02, 0x00, 0x00, 0x3E, 0x00, 0x03, 0x00,
	0xC6, 0x02, 0x00, 0x00, 0xCD, 0x02, 0x00, 0x00, 0x3D, 0x00, 0x04, 0x00, 0x06, 0x00, 0x00, 0x00,
	0xCF, 0x02, 0x00, 0x00, 0x7D, 0x00, 0x00, 0x00, 0x3D, 0x00, 0x04, 0x00, 0x1E, 0x00, 0x00, 0x00,
	0xD0, 0x02, 0x00, 0x00, 0xB5, 0x02, 0x00, 0x00, 0x8F, 0x00, 0x05, 0x00, 0x1E, 0x00, 0x00, 0x00,
	0xD1, 0x02, 0x00, 0x00, 0xD0, 0x02, 0x00, 0x00, 0xCF, 0x02, 0x00, 0x00, 0x3E, 0x00, 0x03, 0x00,
	0xCE, 0x02, 0x00, 0x00, 0xD1, 0x02, 0x00, 0x00, 0x3D, 0x00, 0x04, 0x00, 0x1E, 0x00, 0x00, 0x00,
	0xD3, 0x02, 0x00, 0x00, 0xCE, 0x02, 0x00, 0x00, 0x3D, 0x00, 0x04, 0x00, 0x1E, 0x00, 0x00, 0x00,
	0xD4, 0x02, 0x00, 0x00, 0xCE, 0x02, 0x00, 0x00, 0x54, 0x00, 0x04, 0x00, 0x1E, 0x00, 0x00, 0x00,
	0xD5, 0x02, 0x00, 0x00, 0xD4, 0x02, 0x00, 0x00, 0x92, 0x00, 0x05, 0x00, 0x1E, 0x00, 0x00, 0x00,
	0xD6, 0x02, 0x00, 0x00, 0xD3, 0x02, 0x00, 0x00, 0xD5, 0x02, 0x00, 0x00, 0x3E, 0x00, 0x03, 0x00,
	0xD2, 0x02, 0x00, 0x00, 0xD6, 0x02, 0x00, 0x00, 0x3D, 0x00, 0x04, 0x00, 0x1E, 0x00, 0x00, 0x00,
	0xDA, 0x02, 0x00, 0x00, 0xD2, 0x02, 0x00, 0x00, 0x3E, 0x00, 0x03, 0x00, 0xD9, 0x02, 0x00, 0x00,
	0xDA, 0x02, 0x00, 0x00, 0x39, 0x00, 0x07, 0x00, 0x02, 0x00, 0x00, 0x00, 0xDD, 0x02, 0x00, 0x00,
	0x6D, 0x00, 0x00, 0x00, 0xD9, 0x02, 0x00, 0x00, 0xDB, 0x02, 0x00, 0x00, 0xDC, 0x02, 0x00, 0x00,
	0x3D, 0x00, 0x04, 0x00, 0x1E, 0x00, 0x00, 0x00, 0xDE, 0x02, 0x00, 0x00, 0xDB, 0x02, 0x00, 0x00,
	0x3E, 0x00, 0x03, 0x00, 0xD7, 0x02, 0x00, 0x00, 0xDE, 0x02, 0x00, 0x00, 0x3D, 0x00, 0x04, 0x00,
	0x06, 0x00, 0x00, 0x00, 0xDF, 0x02, 0x00, 0x00, 0xDC, 0x02, 0x00, 0x00, 0x3E, 0x00, 0x03, 0x00,
	0xD8, 0x02, 0x00, 0x00, 0xDF, 0x02, 0x00, 0x00, 0x3D, 0x00, 0x04, 0x00, 0x06, 0x00, 0x00, 0x00,
	0xE1, 0x02, 0x00, 0x00, 0xB1, 0x02, 0x00, 0x00, 0x3D, 0x00, 0x04, 0x00, 0x06, 0x00, 0x00, 0x00,
	0xE2, 0x02, 0x00, 0x00, 0x79, 0x00, 0x00, 0x00, 0x85, 0x00, 0x05, 0x00, 0x06, 0x00, 0x00, 0x00,
	0xE3, 0x02, 0x00, 0x00, 0xE1, 0x02, 0x00, 0x00, 0xE2, 0x02, 0x00, 0x00, 0x3D, 0x00, 0x04, 0x00,
	0x06, 0x00, 0x00, 0x00, 0xE4, 0x02, 0x00, 0x00, 0x79, 0x00, 0x00, 0x00, 0x85, 0x00, 0x05, 0x00,
	0x06, 0x00, 0x00, 0x00, 0xE5, 0x02, 0x00, 0x00, 0xE3, 0x02, 0x00, 0x00, 0xE4, 0x02, 0x00, 0x00,
	0x8F, 0x00, 0x05, 0x00, 0x1E, 0x00, 0x00, 0x00, 0xE9, 0x02, 0x00, 0x00, 0xE8, 0x02, 0x00, 0x00,
	0xE5, 0x02, 0x00, 0x00, 0x3E, 0x00, 0x03, 0x00, 0xE0, 0x02, 0x00, 0x00, 0xE9, 0x02, 0x00, 0x00,
	0x3D, 0x00, 0x04, 0x00, 0x1E, 0x00, 0x00, 0x00, 0xED, 0x02, 0x00, 0x00, 0xE0, 0x02, 0x00, 0x00,
	0x3E, 0x00, 0x03, 0x00, 0xEC, 0x02, 0x00, 0x00, 0xED, 0x02, 0x00, 0x00, 0x39, 0x00, 0x07, 0x00,
	0x02, 0x00, 0x00, 0x00, 0xF0, 0x02, 0x00, 0x00, 0x6D, 0x00, 0x00, 0x00, 0xEC, 0x02, 0x00, 0x00,
	0xEE, 0x02, 0x00, 0x00, 0xEF, 0x02, 0x00, 0x00, 0x3D, 0x00, 0x04, 0x00, 0x1E, 0x00, 0x00, 0x00,
	0xF1, 0x02, 0x00, 0x00, 0xEE, 0x02, 0x00, 0x00, 0x3E, 0x00, 0x03, 0x00, 0xEA, 0x02, 0x00, 0x00,
	0xF1, 0x02, 0x00, 0x00, 0x3D, 0x00, 0x04, 0x00, 0x06, 0x00, 0x00, 0x00, 0xF2, 0x02, 0x00, 0x00,
	0xEF, 0x02, 0x00, 0x00, 0x3E, 0x00, 0x03, 0x00, 0xEB, 0x02, 0x00, 0x00, 0xF2, 0x02, 0x00, 0x00,
	0x3E, 0x00, 0x03, 0x00, 0xF3, 0x02, 0x00, 0x00, 0xB3, 0x00, 0x00, 0x00, 0x3E, 0x00, 0x03, 0x00,
	0xF4, 0x02, 0x00, 0x00, 0xB3, 0x00, 0x00, 0x00, 0x3E, 0x00, 0x03, 0x00, 0xF5, 0x02, 0x00, 0x00,
	0xF8, 0x00, 0x00, 0x00, 0xF9, 0x00, 0x02, 0x00, 0xF6, 0x02, 0x00, 0x00, 0xF8, 0x00, 0x02, 0x00,
	0xF6, 0x02, 0x00, 0x00, 0xF6, 0x00, 0x04, 0x00, 0xF8, 0x02, 0x00, 0x00, 0xF9, 0x02, 0x00, 0x00,
	0x00, 0x00, 0x00, 0x00, 0xF9, 0x00, 0x02, 0x00, 0xFA, 0x02, 0x00, 0x00, 0xF8, 0x00, 0x02, 0x00,
	0xFA, 0x02, 0x00, 0x00, 0x3D, 0x00, 0x04, 0x00, 0x74, 0x00, 0x00, 0x00, 0xFB, 0x02, 0x00, 0x00,
	0xF5, 0x02, 0x00, 0x00, 0xB1, 0x00, 0x05, 0x00, 0xFC, 0x02, 0x00, 0x00, 0xFD, 0x02, 0x00, 0x00,
	0xFB, 0x02, 0x00, 0x00, 0xC8, 0x02, 0x00, 0x00, 0xFA, 0x00, 0x04, 0x00, 0xFD, 0x02, 0x00, 0x00,
	0xF7, 0x02, 0x00, 0x00, 0xF8, 0x02, 0x00, 0x00, 0xF8, 0x00, 0x02, 0x00, 0xF7, 0x02, 0x00, 0x00,
	0x3D, 0x00, 0x04, 0x00, 0x06, 0x00, 0x00, 0x00, 0xFF, 0x02, 0x00, 0x00, 0xC1, 0x02, 0x00, 0x00,
	0x0C, 0x00, 0x06, 0x00, 0x06, 0x00, 0x00, 0x00, 0x00, 0x03, 0x00, 0x00, 0x01, 0x00, 0x00, 0x00,
	0x08, 0x00, 0x00, 0x00, 0xFF, 0x02, 0x00, 0x00, 0x3D, 0x00, 0x04, 0x00, 0x74, 0x00, 0x00, 0x00,
	0x01, 0x03, 0x00, 0x00, 0xF5, 0x02, 0x00, 0x00, 0x6F, 0x00, 0x04, 0x00, 0x06, 0x00, 0x00, 0x00,
	0x02, 0x03, 0x00, 0x00, 0x01, 0x03, 0x00, 0x00, 0x81, 0x00, 0x05, 0x00, 0x06, 0x00, 0x00, 0x00,
	0x03, 0x03, 0x00, 0x00, 0x00, 0x03, 0x00, 0x00, 0x02, 0x03, 0x00, 0x00, 0x3E, 0x00, 0x03, 0x00,
	0xFE, 0x02, 0x00, 0x00, 0x03, 0x03, 0x00, 0x00, 0x3D, 0x00, 0x04, 0x00, 0x06, 0x00, 0x00, 0x00,
	0x05, 0x03, 0x00, 0x00, 0xC1, 0x02, 0x00, 0x00, 0x3D, 0x00, 0x04, 0x00, 0x06, 0x00, 0x00, 0x00,
	0x06, 0x03, 0x00, 0x00, 0xFE, 0x02, 0x00, 0x00, 0x83, 0x00, 0x05, 0x00, 0x06, 0x00, 0x00, 0x00,
	0x07, 0x03, 0x00, 0x00, 0x05, 0x03, 0x00, 0x00, 0x06, 0x03, 0x00, 0x00, 0x0C, 0x00, 0x06, 0x00,
	0x06, 0x00, 0x00, 0x00, 0x08, 0x03, 0x00, 0x00, 0x01, 0x00, 0x00, 0x00, 0x04, 0x00, 0x00, 0x00,
	0x07, 0x03, 0x00, 0x00, 0x83, 0x00, 0x05, 0x00, 0x06, 0x00, 0x00, 0x00, 0x09, 0x03, 0x00, 0x00,
	0xA1, 0x00, 0x00, 0x00, 0x08, 0x03, 0x00, 0x00, 0x0C, 0x00, 0x08, 0x00, 0x06, 0x00, 0x00, 0x00,
	0x0A, 0x03, 0x00, 0x00, 0x01, 0x00, 0x00, 0x00, 0x2B, 0x00, 0x00, 0x00, 0x09, 0x03, 0x00, 0x00,
	0xB3, 0x00, 0x00, 0x00, 0xA1, 0x00, 0x00, 0x00, 0x3E, 0x00, 0x03, 0x00, 0x04, 0x03, 0x00, 0x00,
	0x0A, 0x03, 0x00, 0x00, 0x3D, 0x00, 0x04, 0x00, 0x06, 0x00, 0x00, 0x00, 0x0C, 0x03, 0x00, 0x00,
	0xA4, 0x02, 0x00, 0x00, 0x3D, 0x00, 0x04, 0x00, 0x06, 0x00, 0x00, 0x00, 0x0D, 0x03, 0x00, 0x00,
	0xFE, 0x02, 0x00, 0x00, 0x7F, 0x00, 0x04, 0x00, 0x06, 0x00, 0x00, 0x00, 0x0E, 0x03, 0x00, 0x00,
	0x0D, 0x03, 0x00, 0x00, 0x0C, 0x00, 0x07, 0x00, 0x06, 0x00, 0x00, 0x00, 0x0F, 0x03, 0x00, 0x00,
	0x01, 0x00, 0x00, 0x00, 0x1A, 0x00, 0x00, 0x00, 0x69, 0x01, 0x00, 0x00, 0x0E, 0x03, 0x00, 0x00,
	0x85, 0x00, 0x05, 0x00, 0x06, 0x00, 0x00, 0x00, 0x10, 0x03, 0x00, 0x00, 0x0C, 0x03, 0x00, 0x00,
	0x0F, 0x03, 0x00, 0x00, 0x0C, 0x00, 0x07, 0x00, 0x06, 0x00, 0x00, 0x00, 0x12, 0x03, 0x00, 0x00,
	0x01, 0x00, 0x00, 0x00, 0x28, 0x00, 0x00, 0x00, 0x10, 0x03, 0x00, 0x00, 0x11, 0x03, 0x00, 0x00,
	0x3E, 0x00, 0x03, 0x00, 0x0B, 0x03, 0x00, 0x00, 0x12, 0x03, 0x00, 0x00, 0x3D, 0x00, 0x04, 0x00,
	0x06, 0x00, 0x00, 0x00, 0x14, 0x03, 0x00, 0x00, 0xFE, 0x02, 0x00, 0x00, 0x0C, 0x00, 0x07, 0x00,
	0x06, 0x00, 0x00, 0x00, 0x15, 0x03, 0x00, 0x00, 0x01, 0x00, 0x00, 0x00, 0x1A, 0x00, 0x00, 0x00,
	0x69, 0x01, 0x00, 0x00, 0x14, 0x03, 0x00, 0x00, 0x3E, 0x00, 0x03, 0x00, 0x13, 0x03, 0x00, 0x00,
	0x15, 0x03, 0x00, 0x00, 0x3D, 0x00, 0x04, 0x00, 0x14, 0x00, 0x00, 0x00, 0x17, 0x03, 0x00, 0x00,
	0xAE, 0x02, 0x00, 0x00, 0x3D, 0x00, 0x04, 0x00, 0x06, 0x00, 0x00, 0x00, 0x18, 0x03, 0x00, 0x00,
	0x13, 0x03, 0x00, 0x00, 0x8E, 0x00, 0x05, 0x00, 0x14, 0x00, 0x00, 0x00, 0x19, 0x03, 0x00, 0x00,
	0x17, 0x03, 0x00, 0x00, 0x18, 0x03, 0x00, 0x00, 0x0C, 0x00, 0x06, 0x00, 0x14, 0x00, 0x00, 0x00,
	0x1A, 0x03, 0x00, 0x00, 0x01, 0x00, 0x00, 0x00, 0x01, 0x00, 0x00, 0x00, 0x19, 0x03, 0x00, 0x00,
	0x3D, 0x00, 0x04, 0x00, 0x06, 0x00, 0x00, 0x00, 0x1B, 0x03, 0x00, 0x00, 0x13, 0x03, 0x00, 0x00,
	0x83, 0x00, 0x05, 0x00, 0x06, 0x00, 0x00, 0x00, 0x1C, 0x03, 0x00, 0x00, 0x1B, 0x03, 0x00, 0x00,
	0xA1, 0x00, 0x00, 0x00, 0x0C, 0x00, 0x07, 0x00, 0x06, 0x00, 0x00, 0x00, 0x1D, 0x03, 0x00, 0x00,
	0x01, 0x00, 0x00, 0x00, 0x28, 0x00, 0x00, 0x00, 0x1C, 0x03, 0x00, 0x00, 0xA1, 0x00, 0x00, 0x00,
	0x50, 0x00, 0x05, 0x00, 0x14, 0x00, 0x00, 0x00, 0x1E, 0x03, 0x00, 0x00, 0x1D, 0x03, 0x00, 0x00,
	0x1D, 0x03, 0x00, 0x00, 0x0C, 0x00, 0x08, 0x00, 0x14, 0x00, 0x00, 0x00, 0x1F, 0x03, 0x00, 0x00,
	0x01, 0x00, 0x00, 0x00, 0x2B, 0x00, 0x00, 0x00, 0x1A, 0x03, 0x00, 0x00, 0x58, 0x02, 0x00, 0x00,
	0x1E, 0x03, 0x00, 0x00, 0x3E, 0x00, 0x03, 0x00, 0x16, 0x03, 0x00, 0x00, 0x1F, 0x03, 0x00, 0x00,
	0x3E, 0x00, 0x03, 0x00, 0x20, 0x03, 0x00, 0x00, 0xF8, 0x00, 0x00, 0x00, 0xF9, 0x00, 0x02, 0x00,
	0x21, 0x03, 0x00, 0x00, 0xF8, 0x00, 0x02, 0x00, 0x21, 0x03, 0x00, 0x00, 0xF6, 0x00, 0x04, 0x00,
	0x23, 0x03, 0x00, 0x00, 0x24, 0x03, 0x00, 0x00, 0x00, 0x00, 0x00, 0x00, 0xF9, 0x00, 0x02, 0x00,
	0x25, 0x03, 0x00, 0x00, 0xF8, 0x00, 0x02, 0x00, 0x25, 0x03, 0x00, 0x00, 0x3D, 0x00, 0x04, 0x00,
	0x74, 0x00, 0x00, 0x00, 0x26, 0x03, 0x00, 0x00, 0x20, 0x03, 0x00, 0x00, 0x3D, 0x00, 0x04, 0x00,
	0x74, 0x00, 0x00, 0x00, 0x27, 0x03, 0x00, 0x00, 0xC6, 0x02, 0x00, 0x00, 0xB1, 0x00, 0x05, 0x00,
	0xFC, 0x02, 0x00, 0x00, 0x28, 0x03, 0x00, 0x00, 0x26, 0x03, 0x00, 0x00, 0x27, 0x03, 0x00, 0x00,
	0xFA, 0x00, 0x04, 0x00, 0x28, 0x03, 0x00, 0x00, 0x22, 0x03, 0x00, 0x00, 0x23, 0x03, 0x00, 0x00,
	0xF8, 0x00, 0x02, 0x00, 0x22, 0x03, 0x00, 0x00, 0x3D, 0x00, 0x04, 0x00, 0x14, 0x00, 0x00, 0x00,
	0x2A, 0x03, 0x00, 0x00, 0x16, 0x03, 0x00, 0x00, 0x3D, 0x00, 0x04, 0x00, 0x74, 0x00, 0x00, 0x00,
	0x2B, 0x03, 0x00, 0x00, 0x20, 0x03, 0x00, 0x00, 0x8B, 0x00, 0x05, 0x00, 0x74, 0x00, 0x00, 0x00,
	0x2C, 0x03, 0x00, 0x00, 0x2B, 0x03, 0x00, 0x00, 0xC8, 0x02, 0x00, 0x00, 0x6F, 0x00, 0x04, 0x00,
	0x06, 0x00, 0x00, 0x00, 0x2D, 0x03, 0x00, 0x00, 0x2C, 0x03, 0x00, 0x00, 0x3D, 0x00, 0x04, 0x00,
	0x74, 0x00, 0x00, 0x00, 0x2E, 0x03, 0x00, 0x00, 0x20, 0x03, 0x00, 0x00, 0x87, 0x00, 0x05, 0x00,
	0x74, 0x00, 0x00, 0x00, 0x2F, 0x03, 0x00, 0x00, 0x2E, 0x03, 0x00, 0x00, 0xC8, 0x02, 0x00, 0x00,
	0x6F, 0x00, 0x04, 0x00, 0x06, 0x00, 0x00, 0x00, 0x30, 0x03, 0x00, 0x00, 0x2F, 0x03, 0x00, 0x00,
	0x50, 0x00, 0x05, 0x00, 0x14, 0x00, 0x00, 0x00, 0x31, 0x03, 0x00, 0x00, 0x2D, 0x03, 0x00, 0x00,
	0x30, 0x03, 0x00, 0x00, 0x81, 0x00, 0x05, 0x00, 0x14, 0x00, 0x00, 0x00, 0x32, 0x03, 0x00, 0x00,
	0x2A, 0x03, 0x00, 0x00, 0x31, 0x03, 0x00, 0x00, 0x50, 0x00, 0x05, 0x00, 0x14, 0x00, 0x00, 0x00,
	0x33, 0x03, 0x00, 0x00, 0xDC, 0x00, 0x00, 0x00, 0xDC, 0x00, 0x00, 0x00, 0x83, 0x00, 0x05, 0x00,
	0x14, 0x00, 0x00, 0x00, 0x34, 0x03, 0x00, 0x00, 0x32, 0x03, 0x00, 0x00, 0x33, 0x03, 0x00, 0x00,
	0x3E, 0x00, 0x03, 0x00, 0x29, 0x03, 0x00, 0x00, 0x34, 0x03, 0x00, 0x00, 0x3D, 0x00, 0x04, 0x00,
	0x14, 0x00, 0x00, 0x00, 0x36, 0x03, 0x00, 0x00, 0x7A, 0x00, 0x00, 0x00, 0x3D, 0x00, 0x04, 0x00,
	0x06, 0x00, 0x00, 0x00, 0x37, 0x03, 0x00, 0x00, 0x0B, 0x03, 0x00, 0x00, 0x8E, 0x00, 0x05, 0x00,
	0x14, 0x00, 0x00, 0x00, 0x38, 0x03, 0x00, 0x00, 0x36, 0x03, 0x00, 0x00, 0x37, 0x03, 0x00, 0x00,
	0x0C, 0x00, 0x06, 0x00, 0x14, 0x00, 0x00, 0x00, 0x39, 0x03, 0x00, 0x00, 0x01, 0x00, 0x00, 0x00,
	0x01, 0x00, 0x00, 0x00, 0x38, 0x03, 0x00, 0x00, 0x3E, 0x00, 0x03, 0x00, 0x35, 0x03, 0x00, 0x00,
	0x39, 0x03, 0x00, 0x00, 0x3E, 0x00, 0x03, 0x00, 0x3A, 0x03, 0x00, 0x00, 0xF8, 0x00, 0x00, 0x00,
	0xF9, 0x00, 0x02, 0x00, 0x3B, 0x03, 0x00, 0x00, 0xF8, 0x00, 0x02, 0x00, 0x3B, 0x03, 0x00, 0x00,
	0xF6, 0x00, 0x04, 0x00, 0x3D, 0x03, 0x00, 0x00, 0x3E, 0x03, 0x00, 0x00, 0x00, 0x00, 0x00, 0x00,
	0xF9, 0x00, 0x02, 0x00, 0x3F, 0x03, 0x00, 0x00, 0xF8, 0x00, 0x02, 0x00, 0x3F, 0x03, 0x00, 0x00,
	0x3D, 0x00, 0x04, 0x00, 0x74, 0x00, 0x00, 0x00, 0x40, 0x03, 0x00, 0x00, 0x3A, 0x03, 0x00, 0x00,
	0x3D, 0x00, 0x04, 0x00, 0x74, 0x00, 0x00, 0x00, 0x41, 0x03, 0x00, 0x00, 0xC6, 0x02, 0x00, 0x00,
	0xB1, 0x00, 0x05, 0x00, 0xFC, 0x02, 0x00, 0x00, 0x42, 0x03, 0x00, 0x00, 0x40, 0x03, 0x00, 0x00,
	0x41, 0x03, 0x00, 0x00, 0xFA, 0x00, 0x04, 0x00, 0x42, 0x03, 0x00, 0x00, 0x3C, 0x03, 0x00, 0x00,
	0x3D, 0x03, 0x00, 0x00, 0xF8, 0x00, 0x02, 0x00, 0x3C, 0x03, 0x00, 0x00, 0x3D, 0x00, 0x04, 0x00,
	0x14, 0x00, 0x00, 0x00, 0x44, 0x03, 0x00, 0x00, 0x35, 0x03, 0x00, 0x00, 0x3D, 0x00, 0x04, 0x00,
	0x74, 0x00, 0x00, 0x00, 0x45, 0x03, 0x00, 0x00, 0x3A, 0x03, 0x00, 0x00, 0x8B, 0x00, 0x05, 0x00,
	0x74, 0x00, 0x00, 0x00, 0x46, 0x03, 0x00, 0x00, 0x45, 0x03, 0x00, 0x00, 0xC8, 0x02, 0x00, 0x00,
	0x6F, 0x00, 0x04, 0x00, 0x06, 0x00, 0x00, 0x00, 0x47, 0x03, 0x00, 0x00, 0x46, 0x03, 0x00, 0x00,
	0x3D, 0x00, 0x04, 0x00, 0x74, 0x00, 0x00, 0x00, 0x48, 0x03, 0x00, 0x00, 0x3A, 0x03, 0x00, 0x00,
	0x87, 0x00, 0x05, 0x00, 0x74, 0x00, 0x00, 0x00, 0x49, 0x03, 0x00, 0x00, 0x48, 0x03, 0x00, 0x00,
	0xC8, 0x02, 0x00, 0x00, 0x6F, 0x00, 0x04, 0x00, 0x06, 0x00, 0x00, 0x00, 0x4A, 0x03, 0x00, 0x00,
	0x49, 0x03, 0x00, 0x00, 0x50, 0x00, 0x05, 0x00, 0x14, 0x00, 0x00, 0x00, 0x4B, 0x03, 0x00, 0x00,
	0x47, 0x03, 0x00, 0x00, 0x4A, 0x03, 0x00, 0x00, 0x81, 0x00, 0x05, 0x00, 0x14, 0x00, 0x00, 0x00,
	0x4C, 0x03, 0x00, 0x00, 0x44, 0x03, 0x00, 0x00, 0x4B, 0x03, 0x00, 0x00, 0x50, 0x00, 0x05, 0x00,
	0x14, 0x00, 0x00, 0x00, 0x4D, 0x03, 0x00, 0x00, 0xDC, 0x00, 0x00, 0x00, 0xDC, 0x00, 0x00, 0x00,
	0x83, 0x00, 0x05, 0x00, 0x14, 0x00, 0x00, 0x00, 0x4E, 0x03, 0x00, 0x00, 0x4C, 0x03, 0x00, 0x00,
	0x4D, 0x03, 0x00, 0x00, 0x3E, 0x00, 0x03, 0x00, 0x43, 0x03, 0x00, 0x00, 0x4E, 0x03, 0x00, 0x00,
	0x3D, 0x00, 0x04, 0x00, 0x14, 0x00, 0x00, 0x00, 0x50, 0x03, 0x00, 0x00, 0x43, 0x03, 0x00, 0x00,
	0x3D, 0x00, 0x04, 0x00, 0x14, 0x00, 0x00, 0x00, 0x52, 0x03, 0x00, 0x00, 0x43, 0x03, 0x00, 0x00,
	0x3E, 0x00, 0x03, 0x00, 0x51, 0x03, 0x00, 0x00, 0x52, 0x03, 0x00, 0x00, 0x3D, 0x00, 0x04, 0x00,
	0x14, 0x00, 0x00, 0x00, 0x54, 0x03, 0x00, 0x00, 0x29, 0x03, 0x00, 0x00, 0x3E, 0x00, 0x03, 0x00,
	0x53, 0x03, 0x00, 0x00, 0x54, 0x03, 0x00, 0x00, 0x3D, 0x00, 0x04, 0x00, 0x06, 0x00, 0x00, 0x00,
	0x56, 0x03, 0x00, 0x00, 0xFE, 0x02, 0x00, 0x00, 0x3E, 0x00, 0x03, 0x00, 0x55, 0x03, 0x00, 0x00,
	0x56, 0x03, 0x00, 0x00, 0x3E, 0x00, 0x03, 0x00, 0x57, 0x03, 0x00, 0x00, 0xF5, 0x00, 0x00, 0x00,
	0x39, 0x00, 0x08, 0x00, 0x14, 0x00, 0x00, 0x00, 0x58, 0x03, 0x00, 0x00, 0x45, 0x00, 0x00, 0x00,
	0x51, 0x03, 0x00, 0x00, 0x53, 0x03, 0x00, 0x00, 0x55, 0x03, 0x00, 0x00, 0x57, 0x03, 0x00, 0x00,
	0x81, 0x00, 0x05, 0x00, 0x14, 0x00, 0x00, 0x00, 0x59, 0x03, 0x00, 0x00, 0x50, 0x03, 0x00, 0x00,
	0x58, 0x03, 0x00, 0x00, 0x50, 0x00, 0x05, 0x00, 0x14, 0x00, 0x00, 0x00, 0x5A, 0x03, 0x00, 0x00,
	0xDC, 0x00, 0x00, 0x00, 0xDC, 0x00, 0x00, 0x00, 0x83, 0x00, 0x05, 0x00, 0x14, 0x00, 0x00, 0x00,
	0x5B, 0x03, 0x00, 0x00, 0x59, 0x03, 0x00, 0x00, 0x5A, 0x03, 0x00, 0x00, 0x3D, 0x00, 0x04, 0x00,
	0x06, 0x00, 0x00, 0x00, 0x5C, 0x03, 0x00, 0x00, 0x0B, 0x03, 0x00, 0x00, 0x50, 0x00, 0x05, 0x00,
	0x14, 0x00, 0x00, 0x00, 0x5D, 0x03, 0x00, 0x00, 0x5C, 0x03, 0x00, 0x00, 0x5C, 0x03, 0x00, 0x00,
	0x88, 0x00, 0x05, 0x00, 0x14, 0x00, 0x00, 0x00, 0x5E, 0x03, 0x00, 0x00, 0x5B, 0x03, 0x00, 0x00,
	0x5D, 0x03, 0x00, 0x00, 0x3E, 0x00, 0x03, 0x00, 0x4F, 0x03, 0x00, 0x00, 0x5E, 0x03, 0x00, 0x00,
	0x3D, 0x00, 0x04, 0x00, 0x14, 0x00, 0x00, 0x00, 0x60, 0x03, 0x00, 0x00, 0x29, 0x03, 0x00, 0x00,
	0x3D, 0x00, 0x04, 0x00, 0x14, 0x00, 0x00, 0x00, 0x62, 0x03, 0x00, 0x00, 0x43, 0x03, 0x00, 0x00,
	0x3E, 0x00, 0x03, 0x00, 0x61, 0x03, 0x00, 0x00, 0x62, 0x03, 0x00, 0x00, 0x3D, 0x00, 0x04, 0x00,
	0x14, 0x00, 0x00, 0x00, 0x64, 0x03, 0x00, 0x00, 0x29, 0x03, 0x00, 0x00, 0x3E, 0x00, 0x03, 0x00,
	0x63, 0x03, 0x00, 0x00, 0x64, 0x03, 0x00, 0x00, 0x3D, 0x00, 0x04, 0x00, 0x06, 0x00, 0x00, 0x00,
	0x66, 0x03, 0x00, 0x00, 0xFE, 0x02, 0x00, 0x00, 0x3E, 0x00, 0x03, 0x00, 0x65, 0x03, 0x00, 0x00,
	0x66, 0x03, 0x00, 0x00, 0x3E, 0x00, 0x03, 0x00, 0x67, 0x03, 0x00, 0x00, 0xBD, 0x00, 0x00, 0x00,
	0x39, 0x00, 0x08, 0x00, 0x14, 0x00, 0x00, 0x00, 0x68, 0x03, 0x00, 0x00, 0x45, 0x00, 0x00, 0x00,
	0x61, 0x03, 0x00, 0x00, 0x63, 0x03, 0x00, 0x00, 0x65, 0x03, 0x00, 0x00, 0x67, 0x03, 0x00, 0x00,
	0x81, 0x00, 0x05, 0x00, 0x14, 0x00, 0x00, 0x00, 0x69, 0x03, 0x00, 0x00, 0x60, 0x03, 0x00, 0x00,
	0x68, 0x03, 0x00, 0x00, 0x50, 0x00, 0x05, 0x00, 0x14, 0x00, 0x00, 0x00, 0x6A, 0x03, 0x00, 0x00,
	0xDC, 0x00, 0x00, 0x00, 0xDC, 0x00, 0x00, 0x00, 0x83, 0x00, 0x05, 0x00, 0x14, 0x00, 0x00, 0x00,
	0x6B, 0x03, 0x00, 0x00, 0x69, 0x03, 0x00, 0x00, 0x6A, 0x03, 0x00, 0x00, 0x3D, 0x00, 0x04, 0x00,
	0x06, 0x00, 0x00, 0x00, 0x6C, 0x03, 0x00, 0x00, 0x13, 0x03, 0x00, 0x00, 0x50, 0x00, 0x05, 0x00,
	0x14, 0x00, 0x00, 0x00, 0x6D, 0x03, 0x00, 0x00, 0x6C, 0x03, 0x00, 0x00, 0x6C, 0x03, 0x00, 0x00,
	0x88, 0x00, 0x05, 0x00, 0x14, 0x00, 0x00, 0x00, 0x6E, 0x03, 0x00, 0x00, 0x6B, 0x03, 0x00, 0x00,
	0x6D, 0x03, 0x00, 0x00, 0x3E, 0x00, 0x03, 0x00, 0x5F, 0x03, 0x00, 0x00, 0x6E, 0x03, 0x00, 0x00,
	0x3D, 0x00, 0x04, 0x00, 0x14, 0x00, 0x00, 0x00, 0x72, 0x03, 0x00, 0x00, 0x43, 0x03, 0x00, 0x00,
	0x3E, 0x00, 0x03, 0x00, 0x71, 0x03, 0x00, 0x00, 0x72, 0x03, 0x00, 0x00, 0x3D, 0x00, 0x04, 0x00,
	0x14, 0x00, 0x00, 0x00, 0x74, 0x03, 0x00, 0x00, 0x29, 0x03, 0x00, 0x00, 0x3E, 0x00, 0x03, 0x00,
	0x73, 0x03, 0x00, 0x00, 0x74, 0x03, 0x00, 0x00, 0x3D, 0x00, 0x04, 0x00, 0x06, 0x00, 0x00, 0x00,
	0x76, 0x03, 0x00, 0x00, 0xFE, 0x02, 0x00, 0x00, 0x3E, 0x00, 0x03, 0x00, 0x75, 0x03, 0x00, 0x00,
	0x76, 0x03, 0x00, 0x00, 0x3E, 0x00, 0x03, 0x00, 0x77, 0x03, 0x00, 0x00, 0x70, 0x03, 0x00, 0x00,
	0x39, 0x00, 0x08, 0x00, 0x06, 0x00, 0x00, 0x00, 0x78, 0x03, 0x00, 0x00, 0x3E, 0x00, 0x00, 0x00,
	0x71, 0x03, 0x00, 0x00, 0x73, 0x03, 0x00, 0x00, 0x75, 0x03, 0x00, 0x00, 0x77, 0x03, 0x00, 0x00,
	0x3E, 0x00, 0x03, 0x00, 0x6F, 0x03, 0x00, 0x00, 0x78, 0x03, 0x00, 0x00, 0x3D, 0x00, 0x04, 0x00,
	0x06, 0x00, 0x00, 0x00, 0x7A, 0x03, 0x00, 0x00, 0x6F, 0x03, 0x00, 0x00, 0x83, 0x00, 0x05, 0x00,
	0x06, 0x00, 0x00, 0x00, 0x7C, 0x03, 0x00, 0x00, 0x7A, 0x03, 0x00, 0x00, 0x7B, 0x03, 0x00, 0x00,
	0x0C, 0x00, 0x07, 0x00, 0x06, 0x00, 0x00, 0x00, 0x7D, 0x03, 0x00, 0x00, 0x01, 0x00, 0x00, 0x00,
	0x28, 0x00, 0x00, 0x00, 0xB3, 0x00, 0x00, 0x00, 0x7C, 0x03, 0x00, 0x00, 0x3D, 0x00, 0x04, 0x00,
	0x06, 0x00, 0x00, 0x00, 0x7E, 0x03, 0x00, 0x00, 0x6F, 0x03, 0x00, 0x00, 0x81, 0x00, 0x05, 0x00,
	0x06, 0x00, 0x00, 0x00, 0x7F, 0x03, 0x00, 0x00, 0x7E, 0x03, 0x00, 0x00, 0x7B, 0x03, 0x00, 0x00,
	0x0C, 0x00, 0x07, 0x00, 0x06, 0x00, 0x00, 0x00, 0x80, 0x03, 0x00, 0x00, 0x01, 0x00, 0x00, 0x00,
	0x25, 0x00, 0x00, 0x00, 0xA1, 0x00, 0x00, 0x00, 0x7F, 0x03, 0x00, 0x00, 0x3D, 0x00, 0x04, 0x00,
	0x06, 0x00, 0x00, 0x00, 0x81, 0x03, 0x00, 0x00, 0x04, 0x03, 0x00, 0x00, 0x0C, 0x00, 0x08, 0x00,
	0x06, 0x00, 0x00, 0x00, 0x82, 0x03, 0x00, 0x00, 0x01, 0x00, 0x00, 0x00, 0x31, 0x00, 0x00, 0x00,
	0x7D, 0x03, 0x00, 0x00, 0x80, 0x03, 0x00, 0x00, 0x81, 0x03, 0x00, 0x00, 0x3E, 0x00, 0x03, 0x00,
	0x79, 0x03, 0x00, 0x00, 0x82, 0x03, 0x00, 0x00, 0x3D, 0x00, 0x04, 0x00, 0x14, 0x00, 0x00, 0x00,
	0x84, 0x03, 0x00, 0x00, 0xAE, 0x02, 0x00, 0x00, 0x3D, 0x00, 0x04, 0x00, 0x14, 0x00, 0x00, 0x00,
	0x85, 0x03, 0x00, 0x00, 0x5F, 0x03, 0x00, 0x00, 0x83, 0x00, 0x05, 0x00, 0x14, 0x00, 0x00, 0x00,
	0x86, 0x03, 0x00, 0x00, 0x84, 0x03, 0x00, 0x00, 0x85, 0x03, 0x00, 0x00, 0x3E, 0x00, 0x03, 0x00,
	0x87, 0x03, 0x00, 0x00, 0x86, 0x03, 0x00, 0x00, 0x3D, 0x00, 0x04, 0x00, 0x1E, 0x00, 0x00, 0x00,
	0x89, 0x03, 0x00, 0x00, 0xEA, 0x02, 0x00, 0x00, 0x3E, 0x00, 0x03, 0x00, 0x88, 0x03, 0x00, 0x00,
	0x89, 0x03, 0x00, 0x00, 0x3D, 0x00, 0x04, 0x00, 0x06, 0x00, 0x00, 0x00, 0x8B, 0x03, 0x00, 0x00,
	0xEB, 0x02, 0x00, 0x00, 0x3E, 0x00, 0x03, 0x00, 0x8A, 0x03, 0x00, 0x00, 0x8B, 0x03, 0x00, 0x00,
	0x39, 0x00, 0x07, 0x00, 0x06, 0x00, 0x00, 0x00, 0x8C, 0x03, 0x00, 0x00, 0x72, 0x00, 0x00, 0x00,
	0x87, 0x03, 0x00, 0x00, 0x88, 0x03, 0x00, 0x00, 0x8A, 0x03, 0x00, 0x00, 0x3E, 0x00, 0x03, 0x00,
	0x83, 0x03, 0x00, 0x00, 0x8C, 0x03, 0x00, 0x00, 0x3D, 0x00, 0x04, 0x00, 0x14, 0x00, 0x00, 0x00,
	0x8E, 0x03, 0x00, 0x00, 0x7A, 0x00, 0x00, 0x00, 0x3D, 0x00, 0x04, 0x00, 0x14, 0x00, 0x00, 0x00,
	0x8F, 0x03, 0x00, 0x00, 0x4F, 0x03, 0x00, 0x00, 0x83, 0x00, 0x05, 0x00, 0x14, 0x00, 0x00, 0x00,
	0x90, 0x03, 0x00, 0x00, 0x8E, 0x03, 0x00, 0x00, 0x8F, 0x03, 0x00, 0x00, 0x3E, 0x00, 0x03, 0x00,
	0x91, 0x03, 0x00, 0x00, 0x90, 0x03, 0x00, 0x00, 0x3D, 0x00, 0x04, 0x00, 0x1E, 0x00, 0x00, 0x00,
	0x93, 0x03, 0x00, 0x00, 0xD7, 0x02, 0x00, 0x00, 0x3E, 0x00, 0x03, 0x00, 0x92, 0x03, 0x00, 0x00,
	0x93, 0x03, 0x00, 0x00, 0x3D, 0x00, 0x04, 0x00, 0x06, 0x00, 0x00, 0x00, 0x95, 0x03, 0x00, 0x00,
	0xD8, 0x02, 0x00, 0x00, 0x3E, 0x00, 0x03, 0x00, 0x94, 0x03, 0x00, 0x00, 0x95, 0x03, 0x00, 0x00,
	0x39, 0x00, 0x07, 0x00, 0x06, 0x00, 0x00, 0x00, 0x96, 0x03, 0x00, 0x00, 0x72, 0x00, 0x00, 0x00,
	0x91, 0x03, 0x00, 0x00, 0x92, 0x03, 0x00, 0x00, 0x94, 0x03, 0x00, 0x00, 0x3E, 0x00, 0x03, 0x00,
	0x8D, 0x03, 0x00, 0x00, 0x96, 0x03, 0x00, 0x00, 0x3D, 0x00, 0x04, 0x00, 0x06, 0x00, 0x00, 0x00,
	0x97, 0x03, 0x00, 0x00, 0x79, 0x03, 0x00, 0x00, 0x3D, 0x00, 0x04, 0x00, 0x06, 0x00, 0x00, 0x00,
	0x98, 0x03, 0x00, 0x00, 0x83, 0x03, 0x00, 0x00, 0x85, 0x00, 0x05, 0x00, 0x06, 0x00, 0x00, 0x00,
	0x99, 0x03, 0x00, 0x00, 0x97, 0x03, 0x00, 0x00, 0x98, 0x03, 0x00, 0x00, 0x3D, 0x00, 0x04, 0x00,
	0x06, 0x00, 0x00, 0x00, 0x9A, 0x03, 0x00, 0x00, 0x8D, 0x03, 0x00, 0x00, 0x85, 0x00, 0x05, 0x00,
	0x06, 0x00, 0x00, 0x00, 0x9B, 0x03, 0x00, 0x00, 0x99, 0x03, 0x00, 0x00, 0x9A, 0x03, 0x00, 0x00,
	0x3D, 0x00, 0x04, 0x00, 0x06, 0x00, 0x00, 0x00, 0x9C, 0x03, 0x00, 0x00, 0x7C, 0x00, 0x00, 0x00,
	0x88, 0x00, 0x05, 0x00, 0x06, 0x00, 0x00, 0x00, 0x9D, 0x03, 0x00, 0x00, 0x9B, 0x03, 0x00, 0x00,
	0x9C, 0x03, 0x00, 0x00, 0x3D, 0x00, 0x04, 0x00, 0x06, 0x00, 0x00, 0x00, 0x9E, 0x03, 0x00, 0x00,
	0xF3, 0x02, 0x00, 0x00, 0x81, 0x00, 0x05, 0x00, 0x06, 0x00, 0x00, 0x00, 0x9F, 0x03, 0x00, 0x00,
	0x9E, 0x03, 0x00, 0x00, 0x9D, 0x03, 0x00, 0x00, 0x3E, 0x00, 0x03, 0x00, 0xF3, 0x02, 0x00, 0x00,
	0x9F, 0x03, 0x00, 0x00, 0xF9, 0x00, 0x02, 0x00, 0x3E, 0x03, 0x00, 0x00, 0xF8, 0x00, 0x02, 0x00,
	0x3E, 0x03, 0x00, 0x00, 0x3D, 0x00, 0x04, 0x00, 0x74, 0x00, 0x00, 0x00, 0xA0, 0x03, 0x00, 0x00,
	0x3A, 0x03, 0x00, 0x00, 0x80, 0x00, 0x05, 0x00, 0x74, 0x00, 0x00, 0x00, 0xA1, 0x03, 0x00, 0x00,
	0xA0, 0x03, 0x00, 0x00, 0xF4, 0x00, 0x00, 0x00, 0x3E, 0x00, 0x03, 0x00, 0x3A, 0x03, 0x00, 0x00,
	0xA1, 0x03, 0x00, 0x00, 0xF9, 0x00, 0x02, 0x00, 0x3B, 0x03, 0x00, 0x00, 0xF8, 0x00, 0x02, 0x00,
	0x3D, 0x03, 0x00, 0x00, 0xF9, 0x00, 0x02, 0x00, 0x24, 0x03, 0x00, 0x00, 0xF8, 0x00, 0x02, 0x00,
	0x24, 0x03, 0x00, 0x00, 0x3D, 0x00, 0x04, 0x00, 0x74, 0x00, 0x00, 0x00, 0xA2, 0x03, 0x00, 0x00,
	0x20, 0x03, 0x00, 0x00, 0x80, 0x00, 0x05, 0x00, 0x74, 0x00, 0x00, 0x00, 0xA3, 0x03, 0x00, 0x00,
	0xA2, 0x03, 0x00, 0x00, 0xF4, 0x00, 0x00, 0x00, 0x3E, 0x00, 0x03, 0x00, 0x20, 0x03, 0x00, 0x00,
	0xA3, 0x03, 0x00, 0x00, 0xF9, 0x00, 0x02, 0x00, 0x21, 0x03, 0x00, 0x00, 0xF8, 0x00, 0x02, 0x00,
	0x23, 0x03, 0x00, 0x00, 0x3D, 0x00, 0x04, 0x00, 0x06, 0x00, 0x00, 0x00, 0xA4, 0x03, 0x00, 0x00,
	0x04, 0x03, 0x00, 0x00, 0x3D, 0x00, 0x04, 0x00, 0x06, 0x00, 0x00, 0x00, 0xA5, 0x03, 0x00, 0x00,
	0x13, 0x03, 0x00, 0x00, 0x0C, 0x00, 0x07, 0x00, 0x06, 0x00, 0x00, 0x00, 0xA6, 0x03, 0x00, 0x00,
	0x01, 0x00, 0x00, 0x00, 0x28, 0x00, 0x00, 0x00, 0xA5, 0x03, 0x00, 0x00, 0xA1, 0x00, 0x00, 0x00,
	0x3D, 0x00, 0x04, 0x00, 0x14, 0x00, 0x00, 0x00, 0xA8, 0x03, 0x00, 0x00, 0xAE, 0x02, 0x00, 0x00,
	0x3E, 0x00, 0x03, 0x00, 0xA7, 0x03, 0x00, 0x00, 0xA8, 0x03, 0x00, 0x00, 0x3D, 0x00, 0x04, 0x00,
	0x1E, 0x00, 0x00, 0x00, 0xAA, 0x03, 0x00, 0x00, 0xE0, 0x02, 0x00, 0x00, 0x3E, 0x00, 0x03, 0x00,
	0xA9, 0x03, 0x00, 0x00, 0xAA, 0x03, 0x00, 0x00, 0x3E, 0x00, 0x03, 0x00, 0xAB, 0x03, 0x00, 0x00,
	0xA6, 0x03, 0x00, 0x00, 0x39, 0x00, 0x07, 0x00, 0x06, 0x00, 0x00, 0x00, 0xAC, 0x03, 0x00, 0x00,
	0x67, 0x00, 0x00, 0x00, 0xA7, 0x03, 0x00, 0x00, 0xA9, 0x03, 0x00, 0x00, 0xAB, 0x03, 0x00, 0x00,
	0x85, 0x00, 0x05, 0x00, 0x06, 0x00, 0x00, 0x00, 0xAD, 0x03, 0x00, 0x00, 0xA4, 0x03, 0x00, 0x00,
	0xAC, 0x03, 0x00, 0x00, 0x3D, 0x00, 0x04, 0x00, 0x06, 0x00, 0x00, 0x00, 0xAE, 0x03, 0x00, 0x00,
	0xF4, 0x02, 0x00, 0x00, 0x81, 0x00, 0x05, 0x00, 0x06, 0x00, 0x00, 0x00, 0xAF, 0x03, 0x00, 0x00,
	0xAE, 0x03, 0x00, 0x00, 0xAD, 0x03, 0x00, 0x00, 0x3E, 0x00, 0x03, 0x00, 0xF4, 0x02, 0x00, 0x00,
	0xAF, 0x03, 0x00, 0x00, 0xF9, 0x00, 0x02, 0x00, 0xF9, 0x02, 0x00, 0x00, 0xF8, 0x00, 0x02, 0x00,
	0xF9, 0x02, 0x00, 0x00, 0x3D, 0x00, 0x04, 0x00, 0x74, 0x00, 0x00, 0x00, 0xB0, 0x03, 0x00, 0x00,
	0xF5, 0x02, 0x00, 0x00, 0x80, 0x00, 0x05, 0x00, 0x74, 0x00, 0x00, 0x00, 0xB1, 0x03, 0x00, 0x00,
	0xB0, 0x03, 0x00, 0x00, 0xF4, 0x00, 0x00, 0x00, 0x3E, 0x00, 0x03, 0x00, 0xF5, 0x02, 0x00, 0x00,
	0xB1, 0x03, 0x00, 0x00, 0xF9, 0x00, 0x02, 0x00, 0xF6, 0x02, 0x00, 0x00, 0xF8, 0x00, 0x02, 0x00,
	0xF8, 0x02, 0x00, 0x00, 0x3D, 0x00, 0x04, 0x00, 0x06, 0x00, 0x00, 0x00, 0xB2, 0x03, 0x00, 0x00,
	0xF4, 0x02, 0x00, 0x00, 0x3E, 0x00, 0x03, 0x00, 0x81, 0x00, 0x00, 0x00, 0xB2, 0x03, 0x00, 0x00,
	0x3D, 0x00, 0x04, 0x00, 0x06, 0x00, 0x00, 0x00, 0xB3, 0x03, 0x00, 0x00, 0xF3, 0x02, 0x00, 0x00,
	0x3D, 0x00, 0x04, 0x00, 0x06, 0x00, 0x00, 0x00, 0xB4, 0x03, 0x00, 0x00, 0xB1, 0x02, 0x00, 0x00,
	0x85, 0x00, 0x05, 0x00, 0x06, 0x00, 0x00, 0x00, 0xB5, 0x03, 0x00, 0x00, 0xB3, 0x03, 0x00, 0x00,
	0xB4, 0x03, 0x00, 0x00, 0x88, 0x00, 0x05, 0x00, 0x06, 0x00, 0x00, 0x00, 0xB6, 0x03, 0x00, 0x00,
	0xB5, 0x03, 0x00, 0x00, 0xA5, 0x00, 0x00, 0x00, 0xFE, 0x00, 0x02, 0x00, 0xB6, 0x03, 0x00, 0x00,
	0x38, 0x00, 0x01, 0x00, 0x36, 0x00, 0x05, 0x00, 0x06, 0x00, 0x00, 0x00, 0x91, 0x00, 0x00, 0x00,
	0x00, 0x00, 0x00, 0x00, 0x88, 0x00, 0x00, 0x00, 0x37, 0x00, 0x03, 0x00, 0x85, 0x00, 0x00, 0x00,
	0x89, 0x00, 0x00, 0x00, 0x37, 0x00, 0x03, 0x00, 0x0E, 0x00, 0x00, 0x00, 0x8A, 0x00, 0x00, 0x00,
	0x37, 0x00, 0x03, 0x00, 0x37, 0x00, 0x00, 0x00, 0x8B, 0x00, 0x00, 0x00, 0x37, 0x00, 0x03, 0x00,
	0x1F, 0x00, 0x00, 0x00, 0x8C, 0x00, 0x00, 0x00, 0x37, 0x00, 0x03, 0x00, 0x07, 0x00, 0x00, 0x00,
	0x8D, 0x00, 0x00, 0x00, 0x37, 0x00, 0x03, 0x00, 0x87, 0x00, 0x00, 0x00, 0x8E, 0x00, 0x00, 0x00,
	0x37, 0x00, 0x03, 0x00, 0x07, 0x00, 0x00, 0x00, 0x8F, 0x00, 0x00, 0x00, 0x37, 0x00, 0x03, 0x00,
	0x07, 0x00, 0x00, 0x00, 0x90, 0x00, 0x00, 0x00, 0xF8, 0x00, 0x02, 0x00, 0x92, 0x00, 0x00, 0x00,
	0x3B, 0x00, 0x04, 0x00, 0x0E, 0x00, 0x00, 0x00, 0xB9, 0x03, 0x00, 0x00, 0x07, 0x00, 0x00, 0x00,
	0x3B, 0x00, 0x04, 0x00, 0x07, 0x00, 0x00, 0x00, 0xBF, 0x03, 0x00, 0x00, 0x07, 0x00, 0x00, 0x00,
	0x3B, 0x00, 0x04, 0x00, 0x07, 0x00, 0x00, 0x00, 0xC3, 0x03, 0x00, 0x00, 0x07, 0x00, 0x00, 0x00,
	0x3B, 0x00, 0x04, 0x00, 0x07, 0x00, 0x00, 0x00, 0xC7, 0x03, 0x00, 0x00, 0x07, 0x00, 0x00, 0x00,
	0x3B, 0x00, 0x04, 0x00, 0x07, 0x00, 0x00, 0x00, 0xCB, 0x03, 0x00, 0x00, 0x07, 0x00, 0x00, 0x00,
	0x3B, 0x00, 0x04, 0x00, 0x75, 0x00, 0x00, 0x00, 0xCF, 0x03, 0x00, 0x00, 0x07, 0x00, 0x00, 0x00,
	0x3B, 0x00, 0x04, 0x00, 0x07, 0x00, 0x00, 0x00, 0xD7, 0x03, 0x00, 0x00, 0x07, 0x00, 0x00, 0x00,
	0x3B, 0x00, 0x04, 0x00, 0x07, 0x00, 0x00, 0x00, 0xDC, 0x03, 0x00, 0x00, 0x07, 0x00, 0x00, 0x00,
	0x3B, 0x00, 0x04, 0x00, 0x0E, 0x00, 0x00, 0x00, 0xDD, 0x03, 0x00, 0x00, 0x07, 0x00, 0x00, 0x00,
	0x3B, 0x00, 0x04, 0x00, 0x07, 0x00, 0x00, 0x00, 0xDF, 0x03, 0x00, 0x00, 0x07, 0x00, 0x00, 0x00,
	0x3B, 0x00, 0x04, 0x00, 0x07, 0x00, 0x00, 0x00, 0xE1, 0x03, 0x00, 0x00, 0x07, 0x00, 0x00, 0x00,
	0x3B, 0x00, 0x04, 0x00, 0x37, 0x00, 0x00, 0x00, 0xE3, 0x03, 0x00, 0x00, 0x07, 0x00, 0x00, 0x00,
	0x3B, 0x00, 0x04, 0x00, 0x1F, 0x00, 0x00, 0x00, 0xE5, 0x03, 0x00, 0x00, 0x07, 0x00, 0x00, 0x00,
	0x3B, 0x00, 0x04, 0x00, 0x07, 0x00, 0x00, 0x00, 0xE7, 0x03, 0x00, 0x00, 0x07, 0x00, 0x00, 0x00,
	0x3B, 0x00, 0x04, 0x00, 0x07, 0x00, 0x00, 0x00, 0xE9, 0x03, 0x00, 0x00, 0x07, 0x00, 0x00, 0x00,
	0x3B, 0x00, 0x04, 0x00, 0x75, 0x00, 0x00, 0x00, 0xEB, 0x03, 0x00, 0x00, 0x07, 0x00, 0x00, 0x00,
	0x3B, 0x00, 0x04, 0x00, 0x07, 0x00, 0x00, 0x00, 0xED, 0x03, 0x00, 0x00, 0x07, 0x00, 0x00, 0x00,
	0x3B, 0x00, 0x04, 0x00, 0x07, 0x00, 0x00, 0x00, 0xEF, 0x03, 0x00, 0x00, 0x07, 0x00, 0x00, 0x00,
	0x3B, 0x00, 0x04, 0x00, 0x07, 0x00, 0x00, 0x00, 0xF0, 0x03, 0x00, 0x00, 0x07, 0x00, 0x00, 0x00,
	0x3D, 0x00, 0x04, 0x00, 0x84, 0x00, 0x00, 0x00, 0xBA, 0x03, 0x00, 0x00, 0x89, 0x00, 0x00, 0x00,
	0x54, 0x00, 0x04, 0x00, 0x84, 0x00, 0x00, 0x00, 0xBB, 0x03, 0x00, 0x00, 0xBA, 0x03, 0x00, 0x00,
	0x3D, 0x00, 0x04, 0x00, 0x0D, 0x00, 0x00, 0x00, 0xBC, 0x03, 0x00, 0x00, 0x8A, 0x00, 0x00, 0x00,
	0x91, 0x00, 0x05, 0x00, 0x0D, 0x00, 0x00, 0x00, 0xBD, 0x03, 0x00, 0x00, 0xBB, 0x03, 0x00, 0x00,
	0xBC, 0x03, 0x00, 0x00, 0x0C, 0x00, 0x06, 0x00, 0x0D, 0x00, 0x00, 0x00, 0xBE, 0x03, 0x00, 0x00,
	0x01, 0x00, 0x00, 0x00, 0x45, 0x00, 0x00, 0x00, 0xBD, 0x03, 0x00, 0x00, 0x3E, 0x00, 0x03, 0x00,
	0xB9, 0x03, 0x00, 0x00, 0xBE, 0x03, 0x00, 0x00, 0x41, 0x00, 0x05, 0x00, 0x07, 0x00, 0x00, 0x00,
	0xC0, 0x03, 0x00, 0x00, 0x8E, 0x00, 0x00, 0x00, 0xF8, 0x00, 0x00, 0x00, 0x3D, 0x00, 0x04, 0x00,
	0x06, 0x00, 0x00, 0x00, 0xC1, 0x03, 0x00, 0x00, 0xC0, 0x03, 0x00, 0x00, 0x0C, 0x00, 0x07, 0x00,
	0x06, 0x00, 0x00, 0x00, 0xC2, 0x03, 0x00, 0x00, 0x01, 0x00, 0x00, 0x00, 0x28, 0x00, 0x00, 0x00,
	0xC1, 0x03, 0x00, 0x00, 0x61, 0x01, 0x00, 0x00, 0x3E, 0x00, 0x03, 0x00, 0xBF, 0x03, 0x00, 0x00,
	0xC2, 0x03, 0x00, 0x00, 0x41, 0x00, 0x05, 0x00, 0x07, 0x00, 0x00, 0x00, 0xC4, 0x03, 0x00, 0x00,
	0x8E, 0x00, 0x00, 0x00, 0xF4, 0x00, 0x00, 0x00, 0x3D, 0x00, 0x04, 0x00, 0x06, 0x00, 0x00, 0x00,
	0xC5, 0x03, 0x00, 0x00, 0xC4, 0x03, 0x00, 0x00, 0x0C, 0x00, 0x07, 0x00, 0x06, 0x00, 0x00, 0x00,
	0xC6, 0x03, 0x00, 0x00, 0x01, 0x00, 0x00, 0x00, 0x28, 0x00, 0x00, 0x00, 0xC5, 0x03, 0x00, 0x00,
	0x11, 0x03, 0x00, 0x00, 0x3E, 0x00, 0x03, 0x00, 0xC3, 0x03, 0x00, 0x00, 0xC6, 0x03, 0x00, 0x00,
	0x41, 0x00, 0x05, 0x00, 0x07, 0x00, 0x00, 0x00, 0xC8, 0x03, 0x00, 0x00, 0x8E, 0x00, 0x00, 0x00,
	0xC8, 0x02, 0x00, 0x00, 0x3D, 0x00, 0x04, 0x00, 0x06, 0x00, 0x00, 0x00, 0xC9, 0x03, 0x00, 0x00,
	0xC8, 0x03, 0x00, 0x00, 0x0C, 0x00, 0x07, 0x00, 0x06, 0x00, 0x00, 0x00, 0xCA, 0x03, 0x00, 0x00,
	0x01, 0x00, 0x00, 0x00, 0x28, 0x00, 0x00, 0x00, 0xC9, 0x03, 0x00, 0x00, 0xDC, 0x00, 0x00, 0x00,
	0x3E, 0x00, 0x03, 0x00, 0xC7, 0x03, 0x00, 0x00, 0xCA, 0x03, 0x00, 0x00, 0x41, 0x00, 0x05, 0x00,
	0x07, 0x00, 0x00, 0x00, 0xCC, 0x03, 0x00, 0x00, 0x8E, 0x00, 0x00, 0x00, 0xCC, 0x02, 0x00, 0x00,
	0x3D, 0x00, 0x04, 0x00, 0x06, 0x00, 0x00, 0x00, 0xCD, 0x03, 0x00, 0x00, 0xCC, 0x03, 0x00, 0x00,
	0x0C, 0x00, 0x07, 0x00, 0x06, 0x00, 0x00, 0x00, 0xCE, 0x03, 0x00, 0x00, 0x01, 0x00, 0x00, 0x00,
	0x28, 0x00, 0x00, 0x00, 0xCD, 0x03, 0x00, 0x00, 0xB3, 0x00, 0x00, 0x00, 0x3E, 0x00, 0x03, 0x00,
	0xCB, 0x03, 0x00, 0x00, 0xCE, 0x03, 0x00, 0x00, 0x41, 0x00, 0x05, 0x00, 0x07, 0x00, 0x00, 0x00,
	0xD1, 0x03, 0x00, 0x00, 0x8E, 0x00, 0x00, 0x00, 0xD0, 0x03, 0x00, 0x00, 0x3D, 0x00, 0x04, 0x00,
	0x06, 0x00, 0x00, 0x00, 0xD2, 0x03, 0x00, 0x00, 0xD1, 0x03, 0x00, 0x00, 0x81, 0x00, 0x05, 0x00,
	0x06, 0x00, 0x00, 0x00, 0xD3, 0x03, 0x00, 0x00, 0xD2, 0x03, 0x00, 0x00, 0xDC, 0x00, 0x00, 0x00,
	0x0C, 0x00, 0x06, 0x00, 0x06, 0x00, 0x00, 0x00, 0xD4, 0x03, 0x00, 0x00, 0x01, 0x00, 0x00, 0x00,
	0x08, 0x00, 0x00, 0x00, 0xD3, 0x03, 0x00, 0x00, 0x6E, 0x00, 0x04, 0x00, 0x74, 0x00, 0x00, 0x00,
	0xD5, 0x03, 0x00, 0x00, 0xD4, 0x03, 0x00, 0x00, 0x0C, 0x00, 0x08, 0x00, 0x74, 0x00, 0x00, 0x00,
	0xD6, 0x03, 0x00, 0x00, 0x01, 0x00, 0x00, 0x00, 0x2D, 0x00, 0x00, 0x00, 0xD5, 0x03, 0x00, 0x00,
	0xF8, 0x00, 0x00, 0x00, 0xC8, 0x02, 0x00, 0x00, 0x3E, 0x00, 0x03, 0x00, 0xCF, 0x03, 0x00, 0x00,
	0xD6, 0x03, 0x00, 0x00, 0x41, 0x00, 0x05, 0x00, 0x07, 0x00, 0x00, 0x00, 0xD9, 0x03, 0x00, 0x00,
	0x8E, 0x00, 0x00, 0x00, 0xD8, 0x03, 0x00, 0x00, 0x3D, 0x00, 0x04, 0x00, 0x06, 0x00, 0x00, 0x00,
	0xDA, 0x03, 0x00, 0x00, 0xD9, 0x03, 0x00, 0x00, 0x0C, 0x00, 0x07, 0x00, 0x06, 0x00, 0x00, 0x00,
	0xDB, 0x03, 0x00, 0x00, 0x01, 0x00, 0x00, 0x00, 0x28, 0x00, 0x00, 0x00, 0xDA, 0x03, 0x00, 0x00,
	0xA1, 0x00, 0x00, 0x00, 0x3E, 0x00, 0x03, 0x00, 0xD7, 0x03, 0x00, 0x00, 0xDB, 0x03, 0x00, 0x00,
	0x3D, 0x00, 0x04, 0x00, 0x0D, 0x00, 0x00, 0x00, 0xDE, 0x03, 0x00, 0x00, 0xB9, 0x03, 0x00, 0x00,
	0x3E, 0x00, 0x03, 0x00, 0xDD, 0x03, 0x00, 0x00, 0xDE, 0x03, 0x00, 0x00, 0x3D, 0x00, 0x04, 0x00,
	0x06, 0x00, 0x00, 0x00, 0xE0, 0x03, 0x00, 0x00, 0x8D, 0x00, 0x00, 0x00, 0x3E, 0x00, 0x03, 0x00,
	0xDF, 0x03, 0x00, 0x00, 0xE0, 0x03, 0x00, 0x00, 0x3D, 0x00, 0x04, 0x00, 0x06, 0x00, 0x00, 0x00,
	0xE2, 0x03, 0x00, 0x00, 0xC3, 0x03, 0x00, 0x00, 0x3E, 0x00, 0x03, 0x00, 0xE1, 0x03, 0x00, 0x00,
	0xE2, 0x03, 0x00, 0x00, 0x3D, 0x00, 0x04, 0x00, 0x14, 0x00, 0x00, 0x00, 0xE4, 0x03, 0x00, 0x00,
	0x8B, 0x00, 0x00, 0x00, 0x3E, 0x00, 0x03, 0x00, 0xE3, 0x03, 0x00, 0x00, 0xE4, 0x03, 0x00, 0x00,
	0x3D, 0x00, 0x04, 0x00, 0x1E, 0x00, 0x00, 0x00, 0xE6, 0x03, 0x00, 0x00, 0x8C, 0x00, 0x00, 0x00,
	0x3E, 0x00, 0x03, 0x00, 0xE5, 0x03, 0x00, 0x00, 0xE6, 0x03, 0x00, 0x00, 0x3D, 0x00, 0x04, 0x00,
	0x06, 0x00, 0x00, 0x00, 0xE8, 0x03, 0x00, 0x00, 0xBF, 0x03, 0x00, 0x00, 0x3E, 0x00, 0x03, 0x00,
	0xE7, 0x03, 0x00, 0x00, 0xE8, 0x03, 0x00, 0x00, 0x3D, 0x00, 0x04, 0x00, 0x06, 0x00, 0x00, 0x00,
	0xEA, 0x03, 0x00, 0x00, 0xC7, 0x03, 0x00, 0x00, 0x3E, 0x00, 0x03, 0x00, 0xE9, 0x03, 0x00, 0x00,
	0xEA, 0x03, 0x00, 0x00, 0x3D, 0x00, 0x04, 0x00, 0x74, 0x00, 0x00, 0x00, 0xEC, 0x03, 0x00, 0x00,
	0xCF, 0x03, 0x00, 0x00, 0x3E, 0x00, 0x03, 0x00, 0xEB, 0x03, 0x00, 0x00, 0xEC, 0x03, 0x00, 0x00,
	0x3D, 0x00, 0x04, 0x00, 0x06, 0x00, 0x00, 0x00, 0xEE, 0x03, 0x00, 0x00, 0xCB, 0x03, 0x00, 0x00,
	0x3E, 0x00, 0x03, 0x00, 0xED, 0x03, 0x00, 0x00, 0xEE, 0x03, 0x00, 0x00, 0x39, 0x00, 0x0F, 0x00,
	0x06, 0x00, 0x00, 0x00, 0xF1, 0x03, 0x00, 0x00, 0x82, 0x00, 0x00, 0x00, 0xDD, 0x03, 0x00, 0x00,
	0xDF, 0x03, 0x00, 0x00, 0xE1, 0x03, 0x00, 0x00, 0xE3, 0x03, 0x00, 0x00, 0xE5, 0x03, 0x00, 0x00,
	0xE7, 0x03, 0x00, 0x00, 0xE9, 0x03, 0x00, 0x00, 0xEB, 0x03, 0x00, 0x00, 0xED, 0x03, 0x00, 0x00,
	0xEF, 0x03, 0x00, 0x00, 0xF0, 0x03, 0x00, 0x00, 0x3D, 0x00, 0x04, 0x00, 0x06, 0x00, 0x00, 0x00,
	0xF2, 0x03, 0x00, 0x00, 0xEF, 0x03, 0x00, 0x00, 0x3E, 0x00, 0x03, 0x00, 0x8F, 0x00, 0x00, 0x00,
	0xF2, 0x03, 0x00, 0x00, 0x3D, 0x00, 0x04, 0x00, 0x06, 0x00, 0x00, 0x00, 0xF3, 0x03, 0x00, 0x00,
	0xF0, 0x03, 0x00, 0x00, 0x3E, 0x00, 0x03, 0x00, 0x90, 0x00, 0x00, 0x00, 0xF3, 0x03, 0x00, 0x00,
	0x3E, 0x00, 0x03, 0x00, 0xDC, 0x03, 0x00, 0x00, 0xF1, 0x03, 0x00, 0x00, 0x3D, 0x00, 0x04, 0x00,
	0x06, 0x00, 0x00, 0x00, 0xF4, 0x03, 0x00, 0x00, 0xD7, 0x03, 0x00, 0x00, 0x3D, 0x00, 0x04, 0x00,
	0x06, 0x00, 0x00, 0x00, 0xF5, 0x03, 0x00, 0x00, 0xDC, 0x03, 0x00, 0x00, 0x0C, 0x00, 0x07, 0x00,
	0x06, 0x00, 0x00, 0x00, 0xF6, 0x03, 0x00, 0x00, 0x01, 0x00, 0x00, 0x00, 0x28, 0x00, 0x00, 0x00,
	0xB3, 0x00, 0x00, 0x00, 0xF5, 0x03, 0x00, 0x00, 0x0C, 0x00, 0x07, 0x00, 0x06, 0x00, 0x00, 0x00,
	0xF7, 0x03, 0x00, 0x00, 0x01, 0x00, 0x00, 0x00, 0x25, 0x00, 0x00, 0x00, 0xF4, 0x03, 0x00, 0x00,
	0xF6, 0x03, 0x00, 0x00, 0xFE, 0x00, 0x02, 0x00, 0xF7, 0x03, 0x00, 0x00, 0x38, 0x00, 0x01, 0x00
};
#define VK_HYBRID1_SPEC_RGEN_SPV_SIZE (38544u)

/* hybrid1_spec_rmiss_spv.spv 2840 bytes */
static const uint8_t vk_hybrid1_spec_rmiss_spv[] = {
	0x03, 0x02, 0x23, 0x07, 0x00, 0x05, 0x01, 0x00, 0x0B, 0x00, 0x08, 0x00, 0x53, 0x00, 0x00, 0x00,
	0x00, 0x00, 0x00, 0x00, 0x11, 0x00, 0x02, 0x00, 0x7F, 0x11, 0x00, 0x00, 0x0A, 0x00, 0x06, 0x00,
	0x53, 0x50, 0x56, 0x5F, 0x4B, 0x48, 0x52, 0x5F, 0x72, 0x61, 0x79, 0x5F, 0x74, 0x72, 0x61, 0x63,
	0x69, 0x6E, 0x67, 0x00, 0x0B, 0x00, 0x06, 0x00, 0x01, 0x00, 0x00, 0x00, 0x47, 0x4C, 0x53, 0x4C,
	0x2E, 0x73, 0x74, 0x64, 0x2E, 0x34, 0x35, 0x30, 0x00, 0x00, 0x00, 0x00, 0x0E, 0x00, 0x03, 0x00,
	0x00, 0x00, 0x00, 0x00, 0x01, 0x00, 0x00, 0x00, 0x0F, 0x00, 0x09, 0x00, 0xC5, 0x14, 0x00, 0x00,
	0x04, 0x00, 0x00, 0x00, 0x6D, 0x61, 0x69, 0x6E, 0x00, 0x00, 0x00, 0x00, 0x26, 0x00, 0x00, 0x00,
	0x34, 0x00, 0x00, 0x00, 0x35, 0x00, 0x00, 0x00, 0x37, 0x00, 0x00, 0x00, 0x03, 0x00, 0x03, 0x00,
	0x02, 0x00, 0x00, 0x00, 0xCC, 0x01, 0x00, 0x00, 0x04, 0x00, 0x06, 0x00, 0x47, 0x4C, 0x5F, 0x45,
	0x58, 0x54, 0x5F, 0x72, 0x61, 0x79, 0x5F, 0x74, 0x72, 0x61, 0x63, 0x69, 0x6E, 0x67, 0x00, 0x00,
	0x04, 0x00, 0x0A, 0x00, 0x47, 0x4C, 0x5F, 0x47, 0x4F, 0x4F, 0x47, 0x4C, 0x45, 0x5F, 0x63, 0x70,
	0x70, 0x5F, 0x73, 0x74, 0x79, 0x6C, 0x65, 0x5F, 0x6C, 0x69, 0x6E, 0x65, 0x5F, 0x64, 0x69, 0x72,
	0x65, 0x63, 0x74, 0x69, 0x76, 0x65, 0x00, 0x00, 0x04, 0x00, 0x08, 0x00, 0x47, 0x4C, 0x5F, 0x47,
	0x4F, 0x4F, 0x47, 0x4C, 0x45, 0x5F, 0x69, 0x6E, 0x63, 0x6C, 0x75, 0x64, 0x65, 0x5F, 0x64, 0x69,
	0x72, 0x65, 0x63, 0x74, 0x69, 0x76, 0x65, 0x00, 0x05, 0x00, 0x04, 0x00, 0x04, 0x00, 0x00, 0x00,
	0x6D, 0x61, 0x69, 0x6E, 0x00, 0x00, 0x00, 0x00, 0x05, 0x00, 0x0B, 0x00, 0x11, 0x00, 0x00, 0x00,
	0x68, 0x79, 0x62, 0x72, 0x69, 0x64, 0x31, 0x5F, 0x73, 0x61, 0x6D, 0x70, 0x6C, 0x65, 0x50, 0x72,
	0x65, 0x66, 0x69, 0x6C, 0x74, 0x65, 0x72, 0x28, 0x73, 0x43, 0x31, 0x3B, 0x76, 0x66, 0x33, 0x3B,
	0x66, 0x31, 0x3B, 0x00, 0x05, 0x00, 0x06, 0x00, 0x0E, 0x00, 0x00, 0x00, 0x70, 0x72, 0x65, 0x66,
	0x69, 0x6C, 0x74, 0x65, 0x72, 0x54, 0x65, 0x78, 0x00, 0x00, 0x00, 0x00, 0x05, 0x00, 0x03, 0x00,
	0x0F, 0x00, 0x00, 0x00, 0x64, 0x69, 0x72, 0x00, 0x05, 0x00, 0x05, 0x00, 0x10, 0x00, 0x00, 0x00,
	0x72, 0x6F, 0x75, 0x67, 0x68, 0x6E, 0x65, 0x73, 0x73, 0x00, 0x00, 0x00, 0x05, 0x00, 0x03, 0x00,
	0x13, 0x00, 0x00, 0x00, 0x6C, 0x6F, 0x64, 0x00, 0x05, 0x00, 0x06, 0x00, 0x24, 0x00, 0x00, 0x00,
	0x48, 0x79, 0x62, 0x72, 0x69, 0x64, 0x31, 0x46, 0x72, 0x61, 0x6D, 0x65, 0x00, 0x00, 0x00, 0x00,
	0x06, 0x00, 0x06, 0x00, 0x24, 0x00, 0x00, 0x00, 0x00, 0x00, 0x00, 0x00, 0x69, 0x6E, 0x76, 0x56,
	0x69, 0x65, 0x77, 0x50, 0x72, 0x6F, 0x6A, 0x00, 0x06, 0x00, 0x07, 0x00, 0x24, 0x00, 0x00, 0x00,
	0x01, 0x00, 0x00, 0x00, 0x70, 0x72, 0x65, 0x76, 0x56, 0x69, 0x65, 0x77, 0x50, 0x72, 0x6F, 0x6A,
	0x00, 0x00, 0x00, 0x00, 0x06, 0x00, 0x06, 0x00, 0x24, 0x00, 0x00, 0x00, 0x02, 0x00, 0x00, 0x00,
	0x76, 0x69, 0x65, 0x77, 0x50, 0x72, 0x6F, 0x6A, 0x00, 0x00, 0x00, 0x00, 0x06, 0x00, 0x06, 0x00,
	0x24, 0x00, 0x00, 0x00, 0x03, 0x00, 0x00, 0x00, 0x76, 0x69, 0x65, 0x77, 0x4F, 0x72, 0x69, 0x67,
	0x69, 0x6E, 0x00, 0x00, 0x06, 0x00, 0x07, 0x00, 0x24, 0x00, 0x00, 0x00, 0x04, 0x00, 0x00, 0x00,
	0x73, 0x75, 0x6E, 0x44, 0x69, 0x72, 0x65, 0x63, 0x74, 0x69, 0x6F, 0x6E, 0x00, 0x00, 0x00, 0x00,
	0x06, 0x00, 0x06, 0x00, 0x24, 0x00, 0x00, 0x00, 0x05, 0x00, 0x00, 0x00, 0x6F, 0x75, 0x74, 0x70,
	0x75, 0x74, 0x53, 0x69, 0x7A, 0x65, 0x00, 0x00, 0x06, 0x00, 0x05, 0x00, 0x24, 0x00, 0x00, 0x00,
	0x06, 0x00, 0x00, 0x00, 0x70, 0x61, 0x72, 0x61, 0x6D, 0x73, 0x30, 0x00, 0x06, 0x00, 0x05, 0x00,
	0x24, 0x00, 0x00, 0x00, 0x07, 0x00, 0x00, 0x00, 0x70, 0x61, 0x72, 0x61, 0x6D, 0x73, 0x31, 0x00,
	0x06, 0x00, 0x05, 0x00, 0x24, 0x00, 0x00, 0x00, 0x08, 0x00, 0x00, 0x00, 0x70, 0x61, 0x72, 0x61,
	0x6D, 0x73, 0x32, 0x00, 0x06, 0x00, 0x05, 0x00, 0x24, 0x00, 0x00, 0x00, 0x09, 0x00, 0x00, 0x00,
	0x70, 0x61, 0x72, 0x61, 0x6D, 0x73, 0x33, 0x00, 0x06, 0x00, 0x05, 0x00, 0x24, 0x00, 0x00, 0x00,
	0x0A, 0x00, 0x00, 0x00, 0x70, 0x61, 0x72, 0x61, 0x6D, 0x73, 0x34, 0x00, 0x06, 0x00, 0x05, 0x00,
	0x24, 0x00, 0x00, 0x00, 0x0B, 0x00, 0x00, 0x00, 0x70, 0x61, 0x72, 0x61, 0x6D, 0x73, 0x35, 0x00,
	0x06, 0x00, 0x06, 0x00, 0x24, 0x00, 0x00, 0x00, 0x0C, 0x00, 0x00, 0x00, 0x64, 0x6C, 0x69, 0x67,
	0x68, 0x74, 0x44, 0x69, 0x72, 0x00, 0x00, 0x00, 0x05, 0x00, 0x03, 0x00, 0x26, 0x00, 0x00, 0x00,
	0x68, 0x31, 0x00, 0x00, 0x05, 0x00, 0x06, 0x00, 0x34, 0x00, 0x00, 0x00, 0x73, 0x70, 0x65, 0x63,
	0x52, 0x61, 0x64, 0x69, 0x61, 0x6E, 0x63, 0x65, 0x00, 0x00, 0x00, 0x00, 0x05, 0x00, 0x06, 0x00,
	0x35, 0x00, 0x00, 0x00, 0x70, 0x72, 0x65, 0x66, 0x69, 0x6C, 0x74, 0x65, 0x72, 0x54, 0x65, 0x78,
	0x00, 0x00, 0x00, 0x00, 0x05, 0x00, 0x08, 0x00, 0x37, 0x00, 0x00, 0x00, 0x67, 0x6C, 0x5F, 0x57,
	0x6F, 0x72, 0x6C, 0x64, 0x52, 0x61, 0x79, 0x44, 0x69, 0x72, 0x65, 0x63, 0x74, 0x69, 0x6F, 0x6E,
	0x45, 0x58, 0x54, 0x00, 0x05, 0x00, 0x04, 0x00, 0x38, 0x00, 0x00, 0x00, 0x70, 0x61, 0x72, 0x61,
	0x6D, 0x00, 0x00, 0x00, 0x05, 0x00, 0x04, 0x00, 0x3A, 0x00, 0x00, 0x00, 0x70, 0x61, 0x72, 0x61,
	0x6D, 0x00, 0x00, 0x00, 0x47, 0x00, 0x03, 0x00, 0x24, 0x00, 0x00, 0x00, 0x02, 0x00, 0x00, 0x00,
	0x48, 0x00, 0x04, 0x00, 0x24, 0x00, 0x00, 0x00, 0x00, 0x00, 0x00, 0x00, 0x05, 0x00, 0x00, 0x00,
	0x48, 0x00, 0x05, 0x00, 0x24, 0x00, 0x00, 0x00, 0x00, 0x00, 0x00, 0x00, 0x07, 0x00, 0x00, 0x00,
	0x10, 0x00, 0x00, 0x00, 0x48, 0x00, 0x05, 0x00, 0x24, 0x00, 0x00, 0x00, 0x00, 0x00, 0x00, 0x00,
	0x23, 0x00, 0x00, 0x00, 0x00, 0x00, 0x00, 0x00, 0x48, 0x00, 0x04, 0x00, 0x24, 0x00, 0x00, 0x00,
	0x01, 0x00, 0x00, 0x00, 0x05, 0x00, 0x00, 0x00, 0x48, 0x00, 0x05, 0x00, 0x24, 0x00, 0x00, 0x00,
	0x01, 0x00, 0x00, 0x00, 0x07, 0x00, 0x00, 0x00, 0x10, 0x00, 0x00, 0x00, 0x48, 0x00, 0x05, 0x00,
	0x24, 0x00, 0x00, 0x00, 0x01, 0x00, 0x00, 0x00, 0x23, 0x00, 0x00, 0x00, 0x40, 0x00, 0x00, 0x00,
	0x48, 0x00, 0x04, 0x00, 0x24, 0x00, 0x00, 0x00, 0x02, 0x00, 0x00, 0x00, 0x05, 0x00, 0x00, 0x00,
	0x48, 0x00, 0x05, 0x00, 0x24, 0x00, 0x00, 0x00, 0x02, 0x00, 0x00, 0x00, 0x07, 0x00, 0x00, 0x00,
	0x10, 0x00, 0x00, 0x00, 0x48, 0x00, 0x05, 0x00, 0x24, 0x00, 0x00, 0x00, 0x02, 0x00, 0x00, 0x00,
	0x23, 0x00, 0x00, 0x00, 0x80, 0x00, 0x00, 0x00, 0x48, 0x00, 0x05, 0x00, 0x24, 0x00, 0x00, 0x00,
	0x03, 0x00, 0x00, 0x00, 0x23, 0x00, 0x00, 0x00, 0xC0, 0x00, 0x00, 0x00, 0x48, 0x00, 0x05, 0x00,
	0x24, 0x00, 0x00, 0x00, 0x04, 0x00, 0x00, 0x00, 0x23, 0x00, 0x00, 0x00, 0xD0, 0x00, 0x00, 0x00,
	0x48, 0x00, 0x05, 0x00, 0x24, 0x00, 0x00, 0x00, 0x05, 0x00, 0x00, 0x00, 0x23, 0x00, 0x00, 0x00,
	0xE0, 0x00, 0x00, 0x00, 0x48, 0x00, 0x05, 0x00, 0x24, 0x00, 0x00, 0x00, 0x06, 0x00, 0x00, 0x00,
	0x23, 0x00, 0x00, 0x00, 0xF0, 0x00, 0x00, 0x00, 0x48, 0x00, 0x05, 0x00, 0x24, 0x00, 0x00, 0x00,
	0x07, 0x00, 0x00, 0x00, 0x23, 0x00, 0x00, 0x00, 0x00, 0x01, 0x00, 0x00, 0x48, 0x00, 0x05, 0x00,
	0x24, 0x00, 0x00, 0x00, 0x08, 0x00, 0x00, 0x00, 0x23, 0x00, 0x00, 0x00, 0x10, 0x01, 0x00, 0x00,
	0x48, 0x00, 0x05, 0x00, 0x24, 0x00, 0x00, 0x00, 0x09, 0x00, 0x00, 0x00, 0x23, 0x00, 0x00, 0x00,
	0x20, 0x01, 0x00, 0x00, 0x48, 0x00, 0x05, 0x00, 0x24, 0x00, 0x00, 0x00, 0x0A, 0x00, 0x00, 0x00,
	0x23, 0x00, 0x00, 0x00, 0x30, 0x01, 0x00, 0x00, 0x48, 0x00, 0x05, 0x00, 0x24, 0x00, 0x00, 0x00,
	0x0B, 0x00, 0x00, 0x00, 0x23, 0x00, 0x00, 0x00, 0x40, 0x01, 0x00, 0x00, 0x48, 0x00, 0x05, 0x00,
	0x24, 0x00, 0x00, 0x00, 0x0C, 0x00, 0x00, 0x00, 0x23, 0x00, 0x00, 0x00, 0x50, 0x01, 0x00, 0x00,
	0x47, 0x00, 0x04, 0x00, 0x26, 0x00, 0x00, 0x00, 0x21, 0x00, 0x00, 0x00, 0x02, 0x00, 0x00, 0x00,
	0x47, 0x00, 0x04, 0x00, 0x26, 0x00, 0x00, 0x00, 0x22, 0x00, 0x00, 0x00, 0x00, 0x00, 0x00, 0x00,
	0x47, 0x00, 0x04, 0x00, 0x35, 0x00, 0x00, 0x00, 0x21, 0x00, 0x00, 0x00, 0x06, 0x00, 0x00, 0x00,
	0x47, 0x00, 0x04, 0x00, 0x35, 0x00, 0x00, 0x00, 0x22, 0x00, 0x00, 0x00, 0x00, 0x00, 0x00, 0x00,
	0x47, 0x00, 0x04, 0x00, 0x37, 0x00, 0x00, 0x00, 0x0B, 0x00, 0x00, 0x00, 0xCA, 0x14, 0x00, 0x00,
	0x13, 0x00, 0x02, 0x00, 0x02, 0x00, 0x00, 0x00, 0x21, 0x00, 0x03, 0x00, 0x03, 0x00, 0x00, 0x00,
	0x02, 0x00, 0x00, 0x00, 0x16, 0x00, 0x03, 0x00, 0x06, 0x00, 0x00, 0x00, 0x20, 0x00, 0x00, 0x00,
	0x19, 0x00, 0x09, 0x00, 0x07, 0x00, 0x00, 0x00, 0x06, 0x00, 0x00, 0x00, 0x03, 0x00, 0x00, 0x00,
	0x00, 0x00, 0x00, 0x00, 0x00, 0x00, 0x00, 0x00, 0x00, 0x00, 0x00, 0x00, 0x01, 0x00, 0x00, 0x00,
	0x00, 0x00, 0x00, 0x00, 0x1B, 0x00, 0x03, 0x00, 0x08, 0x00, 0x00, 0x00, 0x07, 0x00, 0x00, 0x00,
	0x20, 0x00, 0x04, 0x00, 0x09, 0x00, 0x00, 0x00, 0x00, 0x00, 0x00, 0x00, 0x08, 0x00, 0x00, 0x00,
	0x17, 0x00, 0x04, 0x00, 0x0A, 0x00, 0x00, 0x00, 0x06, 0x00, 0x00, 0x00, 0x03, 0x00, 0x00, 0x00,
	0x20, 0x00, 0x04, 0x00, 0x0B, 0x00, 0x00, 0x00, 0x07, 0x00, 0x00, 0x00, 0x0A, 0x00, 0x00, 0x00,
	0x20, 0x00, 0x04, 0x00, 0x0C, 0x00, 0x00, 0x00, 0x07, 0x00, 0x00, 0x00, 0x06, 0x00, 0x00, 0x00,
	0x21, 0x00, 0x06, 0x00, 0x0D, 0x00, 0x00, 0x00, 0x0A, 0x00, 0x00, 0x00, 0x09, 0x00, 0x00, 0x00,
	0x0B, 0x00, 0x00, 0x00, 0x0C, 0x00, 0x00, 0x00, 0x2B, 0x00, 0x04, 0x00, 0x06, 0x00, 0x00, 0x00,
	0x15, 0x00, 0x00, 0x00, 0x00, 0x00, 0x00, 0x00, 0x2B, 0x00, 0x04, 0x00, 0x06, 0x00, 0x00, 0x00,
	0x16, 0x00, 0x00, 0x00, 0x00, 0x00, 0x80, 0x3F, 0x2B, 0x00, 0x04, 0x00, 0x06, 0x00, 0x00, 0x00,
	0x18, 0x00, 0x00, 0x00, 0x00, 0x00, 0xE0, 0x40, 0x17, 0x00, 0x04, 0x00, 0x1E, 0x00, 0x00, 0x00,
	0x06, 0x00, 0x00, 0x00, 0x04, 0x00, 0x00, 0x00, 0x18, 0x00, 0x04, 0x00, 0x23, 0x00, 0x00, 0x00,
	0x1E, 0x00, 0x00, 0x00, 0x04, 0x00, 0x00, 0x00, 0x1E, 0x00, 0x0F, 0x00, 0x24, 0x00, 0x00, 0x00,
	0x23, 0x00, 0x00, 0x00, 0x23, 0x00, 0x00, 0x00, 0x23, 0x00, 0x00, 0x00, 0x1E, 0x00, 0x00, 0x00,
	0x1E, 0x00, 0x00, 0x00, 0x1E, 0x00, 0x00, 0x00, 0x1E, 0x00, 0x00, 0x00, 0x1E, 0x00, 0x00, 0x00,
	0x1E, 0x00, 0x00, 0x00, 0x1E, 0x00, 0x00, 0x00, 0x1E, 0x00, 0x00, 0x00, 0x1E, 0x00, 0x00, 0x00,
	0x1E, 0x00, 0x00, 0x00, 0x20, 0x00, 0x04, 0x00, 0x25, 0x00, 0x00, 0x00, 0x02, 0x00, 0x00, 0x00,
	0x24, 0x00, 0x00, 0x00, 0x3B, 0x00, 0x04, 0x00, 0x25, 0x00, 0x00, 0x00, 0x26, 0x00, 0x00, 0x00,
	0x02, 0x00, 0x00, 0x00, 0x15, 0x00, 0x04, 0x00, 0x27, 0x00, 0x00, 0x00, 0x20, 0x00, 0x00, 0x00,
	0x01, 0x00, 0x00, 0x00, 0x2B, 0x00, 0x04, 0x00, 0x27, 0x00, 0x00, 0x00, 0x28, 0x00, 0x00, 0x00,
	0x07, 0x00, 0x00, 0x00, 0x15, 0x00, 0x04, 0x00, 0x29, 0x00, 0x00, 0x00, 0x20, 0x00, 0x00, 0x00,
	0x00, 0x00, 0x00, 0x00, 0x2B, 0x00, 0x04, 0x00, 0x29, 0x00, 0x00, 0x00, 0x2A, 0x00, 0x00, 0x00,
	0x03, 0x00, 0x00, 0x00, 0x20, 0x00, 0x04, 0x00, 0x2B, 0x00, 0x00, 0x00, 0x02, 0x00, 0x00, 0x00,
	0x06, 0x00, 0x00, 0x00, 0x2B, 0x00, 0x04, 0x00, 0x06, 0x00, 0x00, 0x00, 0x2E, 0x00, 0x00, 0x00,
	0x00, 0x00, 0x00, 0x3F, 0x14, 0x00, 0x02, 0x00, 0x2F, 0x00, 0x00, 0x00, 0x20, 0x00, 0x04, 0x00,
	0x33, 0x00, 0x00, 0x00, 0xDE, 0x14, 0x00, 0x00, 0x1E, 0x00, 0x00, 0x00, 0x3B, 0x00, 0x04, 0x00,
	0x33, 0x00, 0x00, 0x00, 0x34, 0x00, 0x00, 0x00, 0xDE, 0x14, 0x00, 0x00, 0x3B, 0x00, 0x04, 0x00,
	0x09, 0x00, 0x00, 0x00, 0x35, 0x00, 0x00, 0x00, 0x00, 0x00, 0x00, 0x00, 0x20, 0x00, 0x04, 0x00,
	0x36, 0x00, 0x00, 0x00, 0x01, 0x00, 0x00, 0x00, 0x0A, 0x00, 0x00, 0x00, 0x3B, 0x00, 0x04, 0x00,
	0x36, 0x00, 0x00, 0x00, 0x37, 0x00, 0x00, 0x00, 0x01, 0x00, 0x00, 0x00, 0x20, 0x00, 0x04, 0x00,
	0x3B, 0x00, 0x00, 0x00, 0xDE, 0x14, 0x00, 0x00, 0x06, 0x00, 0x00, 0x00, 0x2B, 0x00, 0x04, 0x00,
	0x29, 0x00, 0x00, 0x00, 0x3F, 0x00, 0x00, 0x00, 0x00, 0x00, 0x00, 0x00, 0x2B, 0x00, 0x04, 0x00,
	0x29, 0x00, 0x00, 0x00, 0x42, 0x00, 0x00, 0x00, 0x01, 0x00, 0x00, 0x00, 0x2B, 0x00, 0x04, 0x00,
	0x29, 0x00, 0x00, 0x00, 0x45, 0x00, 0x00, 0x00, 0x02, 0x00, 0x00, 0x00, 0x2B, 0x00, 0x04, 0x00,
	0x06, 0x00, 0x00, 0x00, 0x49, 0x00, 0x00, 0x00, 0x33, 0x33, 0xB3, 0x3E, 0x2B, 0x00, 0x04, 0x00,
	0x06, 0x00, 0x00, 0x00, 0x4A, 0x00, 0x00, 0x00, 0x3D, 0x0A, 0xD7, 0x3E, 0x2B, 0x00, 0x04, 0x00,
	0x06, 0x00, 0x00, 0x00, 0x4B, 0x00, 0x00, 0x00, 0xCD, 0xCC, 0x0C, 0x3F, 0x2C, 0x00, 0x06, 0x00,
	0x0A, 0x00, 0x00, 0x00, 0x4C, 0x00, 0x00, 0x00, 0x49, 0x00, 0x00, 0x00, 0x4A, 0x00, 0x00, 0x00,
	0x4B, 0x00, 0x00, 0x00, 0x36, 0x00, 0x05, 0x00, 0x02, 0x00, 0x00, 0x00, 0x04, 0x00, 0x00, 0x00,
	0x00, 0x00, 0x00, 0x00, 0x03, 0x00, 0x00, 0x00, 0xF8, 0x00, 0x02, 0x00, 0x05, 0x00, 0x00, 0x00,
	0x3B, 0x00, 0x04, 0x00, 0x0B, 0x00, 0x00, 0x00, 0x38, 0x00, 0x00, 0x00, 0x07, 0x00, 0x00, 0x00,
	0x3B, 0x00, 0x04, 0x00, 0x0C, 0x00, 0x00, 0x00, 0x3A, 0x00, 0x00, 0x00, 0x07, 0x00, 0x00, 0x00,
	0x41, 0x00, 0x06, 0x00, 0x2B, 0x00, 0x00, 0x00, 0x2C, 0x00, 0x00, 0x00, 0x26, 0x00, 0x00, 0x00,
	0x28, 0x00, 0x00, 0x00, 0x2A, 0x00, 0x00, 0x00, 0x3D, 0x00, 0x04, 0x00, 0x06, 0x00, 0x00, 0x00,
	0x2D, 0x00, 0x00, 0x00, 0x2C, 0x00, 0x00, 0x00, 0xBA, 0x00, 0x05, 0x00, 0x2F, 0x00, 0x00, 0x00,
	0x30, 0x00, 0x00, 0x00, 0x2D, 0x00, 0x00, 0x00, 0x2E, 0x00, 0x00, 0x00, 0xF7, 0x00, 0x03, 0x00,
	0x32, 0x00, 0x00, 0x00, 0x00, 0x00, 0x00, 0x00, 0xFA, 0x00, 0x04, 0x00, 0x30, 0x00, 0x00, 0x00,
	0x31, 0x00, 0x00, 0x00, 0x48, 0x00, 0x00, 0x00, 0xF8, 0x00, 0x02, 0x00, 0x31, 0x00, 0x00, 0x00,
	0x3D, 0x00, 0x04, 0x00, 0x0A, 0x00, 0x00, 0x00, 0x39, 0x00, 0x00, 0x00, 0x37, 0x00, 0x00, 0x00,
	0x3E, 0x00, 0x03, 0x00, 0x38, 0x00, 0x00, 0x00, 0x39, 0x00, 0x00, 0x00, 0x41, 0x00, 0x05, 0x00,
	0x3B, 0x00, 0x00, 0x00, 0x3C, 0x00, 0x00, 0x00, 0x34, 0x00, 0x00, 0x00, 0x2A, 0x00, 0x00, 0x00,
	0x3D, 0x00, 0x04, 0x00, 0x06, 0x00, 0x00, 0x00, 0x3D, 0x00, 0x00, 0x00, 0x3C, 0x00, 0x00, 0x00,
	0x3E, 0x00, 0x03, 0x00, 0x3A, 0x00, 0x00, 0x00, 0x3D, 0x00, 0x00, 0x00, 0x39, 0x00, 0x07, 0x00,
	0x0A, 0x00, 0x00, 0x00, 0x3E, 0x00, 0x00, 0x00, 0x11, 0x00, 0x00, 0x00, 0x35, 0x00, 0x00, 0x00,
	0x38, 0x00, 0x00, 0x00, 0x3A, 0x00, 0x00, 0x00, 0x41, 0x00, 0x05, 0x00, 0x3B, 0x00, 0x00, 0x00,
	0x40, 0x00, 0x00, 0x00, 0x34, 0x00, 0x00, 0x00, 0x3F, 0x00, 0x00, 0x00, 0x51, 0x00, 0x05, 0x00,
	0x06, 0x00, 0x00, 0x00, 0x41, 0x00, 0x00, 0x00, 0x3E, 0x00, 0x00, 0x00, 0x00, 0x00, 0x00, 0x00,
	0x3E, 0x00, 0x03, 0x00, 0x40, 0x00, 0x00, 0x00, 0x41, 0x00, 0x00, 0x00, 0x41, 0x00, 0x05, 0x00,
	0x3B, 0x00, 0x00, 0x00, 0x43, 0x00, 0x00, 0x00, 0x34, 0x00, 0x00, 0x00, 0x42, 0x00, 0x00, 0x00,
	0x51, 0x00, 0x05, 0x00, 0x06, 0x00, 0x00, 0x00, 0x44, 0x00, 0x00, 0x00, 0x3E, 0x00, 0x00, 0x00,
	0x01, 0x00, 0x00, 0x00, 0x3E, 0x00, 0x03, 0x00, 0x43, 0x00, 0x00, 0x00, 0x44, 0x00, 0x00, 0x00,
	0x41, 0x00, 0x05, 0x00, 0x3B, 0x00, 0x00, 0x00, 0x46, 0x00, 0x00, 0x00, 0x34, 0x00, 0x00, 0x00,
	0x45, 0x00, 0x00, 0x00, 0x51, 0x00, 0x05, 0x00, 0x06, 0x00, 0x00, 0x00, 0x47, 0x00, 0x00, 0x00,
	0x3E, 0x00, 0x00, 0x00, 0x02, 0x00, 0x00, 0x00, 0x3E, 0x00, 0x03, 0x00, 0x46, 0x00, 0x00, 0x00,
	0x47, 0x00, 0x00, 0x00, 0xF9, 0x00, 0x02, 0x00, 0x32, 0x00, 0x00, 0x00, 0xF8, 0x00, 0x02, 0x00,
	0x48, 0x00, 0x00, 0x00, 0x41, 0x00, 0x05, 0x00, 0x3B, 0x00, 0x00, 0x00, 0x4D, 0x00, 0x00, 0x00,
	0x34, 0x00, 0x00, 0x00, 0x3F, 0x00, 0x00, 0x00, 0x51, 0x00, 0x05, 0x00, 0x06, 0x00, 0x00, 0x00,
	0x4E, 0x00, 0x00, 0x00, 0x4C, 0x00, 0x00, 0x00, 0x00, 0x00, 0x00, 0x00, 0x3E, 0x00, 0x03, 0x00,
	0x4D, 0x00, 0x00, 0x00, 0x4E, 0x00, 0x00, 0x00, 0x41, 0x00, 0x05, 0x00, 0x3B, 0x00, 0x00, 0x00,
	0x4F, 0x00, 0x00, 0x00, 0x34, 0x00, 0x00, 0x00, 0x42, 0x00, 0x00, 0x00, 0x51, 0x00, 0x05, 0x00,
	0x06, 0x00, 0x00, 0x00, 0x50, 0x00, 0x00, 0x00, 0x4C, 0x00, 0x00, 0x00, 0x01, 0x00, 0x00, 0x00,
	0x3E, 0x00, 0x03, 0x00, 0x4F, 0x00, 0x00, 0x00, 0x50, 0x00, 0x00, 0x00, 0x41, 0x00, 0x05, 0x00,
	0x3B, 0x00, 0x00, 0x00, 0x51, 0x00, 0x00, 0x00, 0x34, 0x00, 0x00, 0x00, 0x45, 0x00, 0x00, 0x00,
	0x51, 0x00, 0x05, 0x00, 0x06, 0x00, 0x00, 0x00, 0x52, 0x00, 0x00, 0x00, 0x4C, 0x00, 0x00, 0x00,
	0x02, 0x00, 0x00, 0x00, 0x3E, 0x00, 0x03, 0x00, 0x51, 0x00, 0x00, 0x00, 0x52, 0x00, 0x00, 0x00,
	0xF9, 0x00, 0x02, 0x00, 0x32, 0x00, 0x00, 0x00, 0xF8, 0x00, 0x02, 0x00, 0x32, 0x00, 0x00, 0x00,
	0xFD, 0x00, 0x01, 0x00, 0x38, 0x00, 0x01, 0x00, 0x36, 0x00, 0x05, 0x00, 0x0A, 0x00, 0x00, 0x00,
	0x11, 0x00, 0x00, 0x00, 0x00, 0x00, 0x00, 0x00, 0x0D, 0x00, 0x00, 0x00, 0x37, 0x00, 0x03, 0x00,
	0x09, 0x00, 0x00, 0x00, 0x0E, 0x00, 0x00, 0x00, 0x37, 0x00, 0x03, 0x00, 0x0B, 0x00, 0x00, 0x00,
	0x0F, 0x00, 0x00, 0x00, 0x37, 0x00, 0x03, 0x00, 0x0C, 0x00, 0x00, 0x00, 0x10, 0x00, 0x00, 0x00,
	0xF8, 0x00, 0x02, 0x00, 0x12, 0x00, 0x00, 0x00, 0x3B, 0x00, 0x04, 0x00, 0x0C, 0x00, 0x00, 0x00,
	0x13, 0x00, 0x00, 0x00, 0x07, 0x00, 0x00, 0x00, 0x3D, 0x00, 0x04, 0x00, 0x06, 0x00, 0x00, 0x00,
	0x14, 0x00, 0x00, 0x00, 0x10, 0x00, 0x00, 0x00, 0x0C, 0x00, 0x08, 0x00, 0x06, 0x00, 0x00, 0x00,
	0x17, 0x00, 0x00, 0x00, 0x01, 0x00, 0x00, 0x00, 0x2B, 0x00, 0x00, 0x00, 0x14, 0x00, 0x00, 0x00,
	0x15, 0x00, 0x00, 0x00, 0x16, 0x00, 0x00, 0x00, 0x85, 0x00, 0x05, 0x00, 0x06, 0x00, 0x00, 0x00,
	0x19, 0x00, 0x00, 0x00, 0x17, 0x00, 0x00, 0x00, 0x18, 0x00, 0x00, 0x00, 0x3E, 0x00, 0x03, 0x00,
	0x13, 0x00, 0x00, 0x00, 0x19, 0x00, 0x00, 0x00, 0x3D, 0x00, 0x04, 0x00, 0x08, 0x00, 0x00, 0x00,
	0x1A, 0x00, 0x00, 0x00, 0x0E, 0x00, 0x00, 0x00, 0x3D, 0x00, 0x04, 0x00, 0x0A, 0x00, 0x00, 0x00,
	0x1B, 0x00, 0x00, 0x00, 0x0F, 0x00, 0x00, 0x00, 0x0C, 0x00, 0x06, 0x00, 0x0A, 0x00, 0x00, 0x00,
	0x1C, 0x00, 0x00, 0x00, 0x01, 0x00, 0x00, 0x00, 0x45, 0x00, 0x00, 0x00, 0x1B, 0x00, 0x00, 0x00,
	0x3D, 0x00, 0x04, 0x00, 0x06, 0x00, 0x00, 0x00, 0x1D, 0x00, 0x00, 0x00, 0x13, 0x00, 0x00, 0x00,
	0x58, 0x00, 0x07, 0x00, 0x1E, 0x00, 0x00, 0x00, 0x1F, 0x00, 0x00, 0x00, 0x1A, 0x00, 0x00, 0x00,
	0x1C, 0x00, 0x00, 0x00, 0x02, 0x00, 0x00, 0x00, 0x1D, 0x00, 0x00, 0x00, 0x4F, 0x00, 0x08, 0x00,
	0x0A, 0x00, 0x00, 0x00, 0x20, 0x00, 0x00, 0x00, 0x1F, 0x00, 0x00, 0x00, 0x1F, 0x00, 0x00, 0x00,
	0x00, 0x00, 0x00, 0x00, 0x01, 0x00, 0x00, 0x00, 0x02, 0x00, 0x00, 0x00, 0xFE, 0x00, 0x02, 0x00,
	0x20, 0x00, 0x00, 0x00, 0x38, 0x00, 0x01, 0x00
};
#define VK_HYBRID1_SPEC_RMISS_SPV_SIZE (2840u)

/* hybrid1_spec_rchit_spv.spv 15284 bytes */
static const uint8_t vk_hybrid1_spec_rchit_spv[] = {
	0x03, 0x02, 0x23, 0x07, 0x00, 0x05, 0x01, 0x00, 0x0B, 0x00, 0x08, 0x00, 0x6B, 0x02, 0x00, 0x00,
	0x00, 0x00, 0x00, 0x00, 0x11, 0x00, 0x02, 0x00, 0x32, 0x00, 0x00, 0x00, 0x11, 0x00, 0x02, 0x00,
	0x7F, 0x11, 0x00, 0x00, 0x0A, 0x00, 0x06, 0x00, 0x53, 0x50, 0x56, 0x5F, 0x4B, 0x48, 0x52, 0x5F,
	0x72, 0x61, 0x79, 0x5F, 0x74, 0x72, 0x61, 0x63, 0x69, 0x6E, 0x67, 0x00, 0x0B, 0x00, 0x06, 0x00,
	0x01, 0x00, 0x00, 0x00, 0x47, 0x4C, 0x53, 0x4C, 0x2E, 0x73, 0x74, 0x64, 0x2E, 0x34, 0x35, 0x30,
	0x00, 0x00, 0x00, 0x00, 0x0E, 0x00, 0x03, 0x00, 0x00, 0x00, 0x00, 0x00, 0x01, 0x00, 0x00, 0x00,
	0x0F, 0x00, 0x15, 0x00, 0xC4, 0x14, 0x00, 0x00, 0x04, 0x00, 0x00, 0x00, 0x6D, 0x61, 0x69, 0x6E,
	0x00, 0x00, 0x00, 0x00, 0x55, 0x00, 0x00, 0x00, 0x5D, 0x00, 0x00, 0x00, 0x6B, 0x00, 0x00, 0x00,
	0x92, 0x00, 0x00, 0x00, 0xC3, 0x00, 0x00, 0x00, 0x03, 0x01, 0x00, 0x00, 0x48, 0x01, 0x00, 0x00,
	0x68, 0x01, 0x00, 0x00, 0x84, 0x01, 0x00, 0x00, 0xA6, 0x01, 0x00, 0x00, 0xB3, 0x01, 0x00, 0x00,
	0xB6, 0x01, 0x00, 0x00, 0x08, 0x02, 0x00, 0x00, 0x0E, 0x02, 0x00, 0x00, 0x2C, 0x02, 0x00, 0x00,
	0x3E, 0x02, 0x00, 0x00, 0x03, 0x00, 0x03, 0x00, 0x02, 0x00, 0x00, 0x00, 0xCC, 0x01, 0x00, 0x00,
	0x04, 0x00, 0x06, 0x00, 0x47, 0x4C, 0x5F, 0x45, 0x58, 0x54, 0x5F, 0x72, 0x61, 0x79, 0x5F, 0x74,
	0x72, 0x61, 0x63, 0x69, 0x6E, 0x67, 0x00, 0x00, 0x04, 0x00, 0x0A, 0x00, 0x47, 0x4C, 0x5F, 0x47,
	0x4F, 0x4F, 0x47, 0x4C, 0x45, 0x5F, 0x63, 0x70, 0x70, 0x5F, 0x73, 0x74, 0x79, 0x6C, 0x65, 0x5F,
	0x6C, 0x69, 0x6E, 0x65, 0x5F, 0x64, 0x69, 0x72, 0x65, 0x63, 0x74, 0x69, 0x76, 0x65, 0x00, 0x00,
	0x04, 0x00, 0x08, 0x00, 0x47, 0x4C, 0x5F, 0x47, 0x4F, 0x4F, 0x47, 0x4C, 0x45, 0x5F, 0x69, 0x6E,
	0x63, 0x6C, 0x75, 0x64, 0x65, 0x5F, 0x64, 0x69, 0x72, 0x65, 0x63, 0x74, 0x69, 0x76, 0x65, 0x00,
	0x05, 0x00, 0x04, 0x00, 0x04, 0x00, 0x00, 0x00, 0x6D, 0x61, 0x69, 0x6E, 0x00, 0x00, 0x00, 0x00,
	0x05, 0x00, 0x0B, 0x00, 0x11, 0x00, 0x00, 0x00, 0x68, 0x79, 0x62, 0x72, 0x69, 0x64, 0x31, 0x5F,
	0x73, 0x61, 0x6D, 0x70, 0x6C, 0x65, 0x50, 0x72, 0x65, 0x66, 0x69, 0x6C, 0x74, 0x65, 0x72, 0x28,
	0x73, 0x43, 0x31, 0x3B, 0x76, 0x66, 0x33, 0x3B, 0x66, 0x31, 0x3B, 0x00, 0x05, 0x00, 0x06, 0x00,
	0x0E, 0x00, 0x00, 0x00, 0x70, 0x72, 0x65, 0x66, 0x69, 0x6C, 0x74, 0x65, 0x72, 0x54, 0x65, 0x78,
	0x00, 0x00, 0x00, 0x00, 0x05, 0x00, 0x03, 0x00, 0x0F, 0x00, 0x00, 0x00, 0x64, 0x69, 0x72, 0x00,
	0x05, 0x00, 0x05, 0x00, 0x10, 0x00, 0x00, 0x00, 0x72, 0x6F, 0x75, 0x67, 0x68, 0x6E, 0x65, 0x73,
	0x73, 0x00, 0x00, 0x00, 0x05, 0x00, 0x0B, 0x00, 0x1B, 0x00, 0x00, 0x00, 0x68, 0x79, 0x62, 0x72,
	0x69, 0x64, 0x31, 0x5F, 0x73, 0x61, 0x6D, 0x70, 0x6C, 0x65, 0x45, 0x6E, 0x76, 0x42, 0x52, 0x44,
	0x46, 0x28, 0x73, 0x32, 0x31, 0x3B, 0x66, 0x31, 0x3B, 0x66, 0x31, 0x3B, 0x00, 0x00, 0x00, 0x00,
	0x05, 0x00, 0x04, 0x00, 0x18, 0x00, 0x00, 0x00, 0x62, 0x72, 0x64, 0x66, 0x4C, 0x75, 0x74, 0x00,
	0x05, 0x00, 0x04, 0x00, 0x19, 0x00, 0x00, 0x00, 0x4E, 0x64, 0x6F, 0x74, 0x56, 0x00, 0x00, 0x00,
	0x05, 0x00, 0x05, 0x00, 0x1A, 0x00, 0x00, 0x00, 0x72, 0x6F, 0x75, 0x67, 0x68, 0x6E, 0x65, 0x73,
	0x73, 0x00, 0x00, 0x00, 0x05, 0x00, 0x08, 0x00, 0x1E, 0x00, 0x00, 0x00, 0x68, 0x79, 0x62, 0x72,
	0x69, 0x64, 0x31, 0x5F, 0x64, 0x65, 0x66, 0x61, 0x75, 0x6C, 0x74, 0x41, 0x6C, 0x62, 0x65, 0x64,
	0x6F, 0x28, 0x00, 0x00, 0x05, 0x00, 0x0A, 0x00, 0x20, 0x00, 0x00, 0x00, 0x68, 0x79, 0x62, 0x72,
	0x69, 0x64, 0x31, 0x5F, 0x73, 0x61, 0x6D, 0x70, 0x6C, 0x65, 0x57, 0x6F, 0x72, 0x6C, 0x64, 0x41,
	0x6C, 0x62, 0x65, 0x64, 0x6F, 0x53, 0x53, 0x42, 0x4F, 0x28, 0x00, 0x00, 0x05, 0x00, 0x0A, 0x00,
	0x22, 0x00, 0x00, 0x00, 0x68, 0x79, 0x62, 0x72, 0x69, 0x64, 0x31, 0x5F, 0x73, 0x61, 0x6D, 0x70,
	0x6C, 0x65, 0x45, 0x6E, 0x74, 0x69, 0x74, 0x79, 0x41, 0x6C, 0x62, 0x65, 0x64, 0x6F, 0x53, 0x53,
	0x42, 0x4F, 0x28, 0x00, 0x05, 0x00, 0x0A, 0x00, 0x24, 0x00, 0x00, 0x00, 0x68, 0x79, 0x62, 0x72,
	0x69, 0x64, 0x31, 0x5F, 0x73, 0x61, 0x6D, 0x70, 0x6C, 0x65, 0x57, 0x6F, 0x72, 0x6C, 0x64, 0x4E,
	0x6F, 0x72, 0x6D, 0x61, 0x6C, 0x53, 0x53, 0x42, 0x4F, 0x28, 0x00, 0x00, 0x05, 0x00, 0x0A, 0x00,
	0x26, 0x00, 0x00, 0x00, 0x68, 0x79, 0x62, 0x72, 0x69, 0x64, 0x31, 0x5F, 0x73, 0x61, 0x6D, 0x70,
	0x6C, 0x65, 0x45, 0x6E, 0x74, 0x69, 0x74, 0x79, 0x4E, 0x6F, 0x72, 0x6D, 0x61, 0x6C, 0x53, 0x53,
	0x42, 0x4F, 0x28, 0x00, 0x05, 0x00, 0x09, 0x00, 0x28, 0x00, 0x00, 0x00, 0x68, 0x79, 0x62, 0x72,
	0x69, 0x64, 0x31, 0x5F, 0x73, 0x61, 0x6D, 0x70, 0x6C, 0x65, 0x48, 0x69, 0x74, 0x4E, 0x6F, 0x72,
	0x6D, 0x61, 0x6C, 0x28, 0x00, 0x00, 0x00, 0x00, 0x05, 0x00, 0x0A, 0x00, 0x2C, 0x00, 0x00, 0x00,
	0x68, 0x79, 0x62, 0x72, 0x69, 0x64, 0x31, 0x5F, 0x73, 0x61, 0x6D, 0x70, 0x6C, 0x65, 0x48, 0x69,
	0x74, 0x41, 0x6C, 0x62, 0x65, 0x64, 0x6F, 0x28, 0x73, 0x32, 0x31, 0x3B, 0x00, 0x00, 0x00, 0x00,
	0x05, 0x00, 0x05, 0x00, 0x2B, 0x00, 0x00, 0x00, 0x61, 0x6C, 0x62, 0x65, 0x64, 0x6F, 0x54, 0x65,
	0x78, 0x00, 0x00, 0x00, 0x05, 0x00, 0x03, 0x00, 0x2E, 0x00, 0x00, 0x00, 0x6C, 0x6F, 0x64, 0x00,
	0x05, 0x00, 0x03, 0x00, 0x51, 0x00, 0x00, 0x00, 0x6E, 0x00, 0x00, 0x00, 0x05, 0x00, 0x06, 0x00,
	0x53, 0x00, 0x00, 0x00, 0x57, 0x6F, 0x72, 0x6C, 0x64, 0x41, 0x6C, 0x62, 0x65, 0x64, 0x6F, 0x53,
	0x53, 0x42, 0x4F, 0x00, 0x06, 0x00, 0x04, 0x00, 0x53, 0x00, 0x00, 0x00, 0x00, 0x00, 0x00, 0x00,
	0x72, 0x67, 0x62, 0x00, 0x05, 0x00, 0x05, 0x00, 0x55, 0x00, 0x00, 0x00, 0x77, 0x6F, 0x72, 0x6C,
	0x64, 0x41, 0x6C, 0x62, 0x65, 0x64, 0x6F, 0x00, 0x05, 0x00, 0x09, 0x00, 0x5D, 0x00, 0x00, 0x00,
	0x67, 0x6C, 0x5F, 0x49, 0x6E, 0x73, 0x74, 0x61, 0x6E, 0x63, 0x65, 0x43, 0x75, 0x73, 0x74, 0x6F,
	0x6D, 0x49, 0x6E, 0x64, 0x65, 0x78, 0x45, 0x58, 0x54, 0x00, 0x00, 0x00, 0x05, 0x00, 0x06, 0x00,
	0x6B, 0x00, 0x00, 0x00, 0x67, 0x6C, 0x5F, 0x50, 0x72, 0x69, 0x6D, 0x69, 0x74, 0x69, 0x76, 0x65,
	0x49, 0x44, 0x00, 0x00, 0x05, 0x00, 0x03, 0x00, 0x79, 0x00, 0x00, 0x00, 0x69, 0x00, 0x00, 0x00,
	0x05, 0x00, 0x03, 0x00, 0x8E, 0x00, 0x00, 0x00, 0x6E, 0x00, 0x00, 0x00, 0x05, 0x00, 0x07, 0x00,
	0x90, 0x00, 0x00, 0x00, 0x45, 0x6E, 0x74, 0x69, 0x74, 0x79, 0x41, 0x6C, 0x62, 0x65, 0x64, 0x6F,
	0x53, 0x53, 0x42, 0x4F, 0x00, 0x00, 0x00, 0x00, 0x06, 0x00, 0x04, 0x00, 0x90, 0x00, 0x00, 0x00,
	0x00, 0x00, 0x00, 0x00, 0x72, 0x67, 0x62, 0x00, 0x05, 0x00, 0x06, 0x00, 0x92, 0x00, 0x00, 0x00,
	0x65, 0x6E, 0x74, 0x69, 0x74, 0x79, 0x41, 0x6C, 0x62, 0x65, 0x64, 0x6F, 0x00, 0x00, 0x00, 0x00,
	0x05, 0x00, 0x03, 0x00, 0xAD, 0x00, 0x00, 0x00, 0x69, 0x00, 0x00, 0x00, 0x05, 0x00, 0x03, 0x00,
	0xBF, 0x00, 0x00, 0x00, 0x6E, 0x00, 0x00, 0x00, 0x05, 0x00, 0x06, 0x00, 0xC1, 0x00, 0x00, 0x00,
	0x57, 0x6F, 0x72, 0x6C, 0x64, 0x4E, 0x6F, 0x72, 0x6D, 0x61, 0x6C, 0x53, 0x53, 0x42, 0x4F, 0x00,
	0x06, 0x00, 0x05, 0x00, 0xC1, 0x00, 0x00, 0x00, 0x00, 0x00, 0x00, 0x00, 0x6E, 0x78, 0x79, 0x7A,
	0x00, 0x00, 0x00, 0x00, 0x05, 0x00, 0x05, 0x00, 0xC3, 0x00, 0x00, 0x00, 0x77, 0x6F, 0x72, 0x6C,
	0x64, 0x4E, 0x6F, 0x72, 0x6D, 0x61, 0x6C, 0x00, 0x05, 0x00, 0x03, 0x00, 0xDE, 0x00, 0x00, 0x00,
	0x69, 0x00, 0x00, 0x00, 0x05, 0x00, 0x03, 0x00, 0xE2, 0x00, 0x00, 0x00, 0x4E, 0x00, 0x00, 0x00,
	0x05, 0x00, 0x04, 0x00, 0xEF, 0x00, 0x00, 0x00, 0x6C, 0x65, 0x6E, 0x32, 0x00, 0x00, 0x00, 0x00,
	0x05, 0x00, 0x03, 0x00, 0xFF, 0x00, 0x00, 0x00, 0x6E, 0x00, 0x00, 0x00, 0x05, 0x00, 0x07, 0x00,
	0x01, 0x01, 0x00, 0x00, 0x45, 0x6E, 0x74, 0x69, 0x74, 0x79, 0x4E, 0x6F, 0x72, 0x6D, 0x61, 0x6C,
	0x53, 0x53, 0x42, 0x4F, 0x00, 0x00, 0x00, 0x00, 0x06, 0x00, 0x05, 0x00, 0x01, 0x01, 0x00, 0x00,
	0x00, 0x00, 0x00, 0x00, 0x6E, 0x78, 0x79, 0x7A, 0x00, 0x00, 0x00, 0x00, 0x05, 0x00, 0x06, 0x00,
	0x03, 0x01, 0x00, 0x00, 0x65, 0x6E, 0x74, 0x69, 0x74, 0x79, 0x4E, 0x6F, 0x72, 0x6D, 0x61, 0x6C,
	0x00, 0x00, 0x00, 0x00, 0x05, 0x00, 0x03, 0x00, 0x1D, 0x01, 0x00, 0x00, 0x69, 0x00, 0x00, 0x00,
	0x05, 0x00, 0x03, 0x00, 0x21, 0x01, 0x00, 0x00, 0x4E, 0x00, 0x00, 0x00, 0x05, 0x00, 0x04, 0x00,
	0x2E, 0x01, 0x00, 0x00, 0x6C, 0x65, 0x6E, 0x32, 0x00, 0x00, 0x00, 0x00, 0x05, 0x00, 0x03, 0x00,
	0x3D, 0x01, 0x00, 0x00, 0x4E, 0x00, 0x00, 0x00, 0x05, 0x00, 0x05, 0x00, 0x46, 0x01, 0x00, 0x00,
	0x74, 0x6F, 0x77, 0x61, 0x72, 0x64, 0x52, 0x61, 0x79, 0x00, 0x00, 0x00, 0x05, 0x00, 0x08, 0x00,
	0x48, 0x01, 0x00, 0x00, 0x67, 0x6C, 0x5F, 0x57, 0x6F, 0x72, 0x6C, 0x64, 0x52, 0x61, 0x79, 0x44,
	0x69, 0x72, 0x65, 0x63, 0x74, 0x69, 0x6F, 0x6E, 0x45, 0x58, 0x54, 0x00, 0x05, 0x00, 0x04, 0x00,
	0x63, 0x01, 0x00, 0x00, 0x6E, 0x4D, 0x61, 0x74, 0x00, 0x00, 0x00, 0x00, 0x05, 0x00, 0x07, 0x00,
	0x64, 0x01, 0x00, 0x00, 0x48, 0x79, 0x62, 0x72, 0x69, 0x64, 0x31, 0x50, 0x72, 0x69, 0x6D, 0x4D,
	0x61, 0x74, 0x65, 0x72, 0x69, 0x61, 0x6C, 0x00, 0x06, 0x00, 0x07, 0x00, 0x64, 0x01, 0x00, 0x00,
	0x00, 0x00, 0x00, 0x00, 0x74, 0x65, 0x78, 0x74, 0x75, 0x72, 0x65, 0x49, 0x6E, 0x64, 0x65, 0x78,
	0x00, 0x00, 0x00, 0x00, 0x06, 0x00, 0x06, 0x00, 0x64, 0x01, 0x00, 0x00, 0x01, 0x00, 0x00, 0x00,
	0x75, 0x76, 0x53, 0x65, 0x74, 0x46, 0x6C, 0x61, 0x67, 0x73, 0x00, 0x00, 0x05, 0x00, 0x07, 0x00,
	0x66, 0x01, 0x00, 0x00, 0x50, 0x72, 0x69, 0x6D, 0x4D, 0x61, 0x74, 0x65, 0x72, 0x69, 0x61, 0x6C,
	0x53, 0x53, 0x42, 0x4F, 0x00, 0x00, 0x00, 0x00, 0x06, 0x00, 0x05, 0x00, 0x66, 0x01, 0x00, 0x00,
	0x00, 0x00, 0x00, 0x00, 0x6D, 0x61, 0x74, 0x73, 0x00, 0x00, 0x00, 0x00, 0x05, 0x00, 0x04, 0x00,
	0x68, 0x01, 0x00, 0x00, 0x70, 0x72, 0x69, 0x6D, 0x4D, 0x61, 0x74, 0x00, 0x05, 0x00, 0x04, 0x00,
	0x6C, 0x01, 0x00, 0x00, 0x70, 0x72, 0x69, 0x6D, 0x49, 0x64, 0x78, 0x00, 0x05, 0x00, 0x04, 0x00,
	0x78, 0x01, 0x00, 0x00, 0x74, 0x65, 0x78, 0x49, 0x64, 0x78, 0x00, 0x00, 0x05, 0x00, 0x04, 0x00,
	0x83, 0x01, 0x00, 0x00, 0x6B, 0x65, 0x65, 0x70, 0x00, 0x00, 0x00, 0x00, 0x05, 0x00, 0x08, 0x00,
	0x84, 0x01, 0x00, 0x00, 0x62, 0x69, 0x6E, 0x64, 0x6C, 0x65, 0x73, 0x73, 0x44, 0x69, 0x66, 0x66,
	0x75, 0x73, 0x65, 0x46, 0x61, 0x6C, 0x6C, 0x62, 0x61, 0x63, 0x6B, 0x00, 0x05, 0x00, 0x04, 0x00,
	0x94, 0x01, 0x00, 0x00, 0x73, 0x73, 0x62, 0x6F, 0x00, 0x00, 0x00, 0x00, 0x05, 0x00, 0x06, 0x00,
	0xA4, 0x01, 0x00, 0x00, 0x48, 0x79, 0x62, 0x72, 0x69, 0x64, 0x31, 0x46, 0x72, 0x61, 0x6D, 0x65,
	0x00, 0x00, 0x00, 0x00, 0x06, 0x00, 0x06, 0x00, 0xA4, 0x01, 0x00, 0x00, 0x00, 0x00, 0x00, 0x00,
	0x69, 0x6E, 0x76, 0x56, 0x69, 0x65, 0x77, 0x50, 0x72, 0x6F, 0x6A, 0x00, 0x06, 0x00, 0x07, 0x00,
	0xA4, 0x01, 0x00, 0x00, 0x01, 0x00, 0x00, 0x00, 0x70, 0x72, 0x65, 0x76, 0x56, 0x69, 0x65, 0x77,
	0x50, 0x72, 0x6F, 0x6A, 0x00, 0x00, 0x00, 0x00, 0x06, 0x00, 0x06, 0x00, 0xA4, 0x01, 0x00, 0x00,
	0x02, 0x00, 0x00, 0x00, 0x76, 0x69, 0x65, 0x77, 0x50, 0x72, 0x6F, 0x6A, 0x00, 0x00, 0x00, 0x00,
	0x06, 0x00, 0x06, 0x00, 0xA4, 0x01, 0x00, 0x00, 0x03, 0x00, 0x00, 0x00, 0x76, 0x69, 0x65, 0x77,
	0x4F, 0x72, 0x69, 0x67, 0x69, 0x6E, 0x00, 0x00, 0x06, 0x00, 0x07, 0x00, 0xA4, 0x01, 0x00, 0x00,
	0x04, 0x00, 0x00, 0x00, 0x73, 0x75, 0x6E, 0x44, 0x69, 0x72, 0x65, 0x63, 0x74, 0x69, 0x6F, 0x6E,
	0x00, 0x00, 0x00, 0x00, 0x06, 0x00, 0x06, 0x00, 0xA4, 0x01, 0x00, 0x00, 0x05, 0x00, 0x00, 0x00,
	0x6F, 0x75, 0x74, 0x70, 0x75, 0x74, 0x53, 0x69, 0x7A, 0x65, 0x00, 0x00, 0x06, 0x00, 0x05, 0x00,
	0xA4, 0x01, 0x00, 0x00, 0x06, 0x00, 0x00, 0x00, 0x70, 0x61, 0x72, 0x61, 0x6D, 0x73, 0x30, 0x00,
	0x06, 0x00, 0x05, 0x00, 0xA4, 0x01, 0x00, 0x00, 0x07, 0x00, 0x00, 0x00, 0x70, 0x61, 0x72, 0x61,
	0x6D, 0x73, 0x31, 0x00, 0x06, 0x00, 0x05, 0x00, 0xA4, 0x01, 0x00, 0x00, 0x08, 0x00, 0x00, 0x00,
	0x70, 0x61, 0x72, 0x61, 0x6D, 0x73, 0x32, 0x00, 0x06, 0x00, 0x05, 0x00, 0xA4, 0x01, 0x00, 0x00,
	0x09, 0x00, 0x00, 0x00, 0x70, 0x61, 0x72, 0x61, 0x6D, 0x73, 0x33, 0x00, 0x06, 0x00, 0x05, 0x00,
	0xA4, 0x01, 0x00, 0x00, 0x0A, 0x00, 0x00, 0x00, 0x70, 0x61, 0x72, 0x61, 0x6D, 0x73, 0x34, 0x00,
	0x06, 0x00, 0x05, 0x00, 0xA4, 0x01, 0x00, 0x00, 0x0B, 0x00, 0x00, 0x00, 0x70, 0x61, 0x72, 0x61,
	0x6D, 0x73, 0x35, 0x00, 0x06, 0x00, 0x06, 0x00, 0xA4, 0x01, 0x00, 0x00, 0x0C, 0x00, 0x00, 0x00,
	0x64, 0x6C, 0x69, 0x67, 0x68, 0x74, 0x44, 0x69, 0x72, 0x00, 0x00, 0x00, 0x05, 0x00, 0x03, 0x00,
	0xA6, 0x01, 0x00, 0x00, 0x68, 0x31, 0x00, 0x00, 0x05, 0x00, 0x03, 0x00, 0xB1, 0x01, 0x00, 0x00,
	0x74, 0x00, 0x00, 0x00, 0x05, 0x00, 0x06, 0x00, 0xB3, 0x01, 0x00, 0x00, 0x67, 0x6C, 0x5F, 0x52,
	0x61, 0x79, 0x54, 0x6D, 0x61, 0x78, 0x45, 0x58, 0x54, 0x00, 0x00, 0x00, 0x05, 0x00, 0x04, 0x00,
	0xB5, 0x01, 0x00, 0x00, 0x68, 0x69, 0x74, 0x50, 0x6F, 0x73, 0x00, 0x00, 0x05, 0x00, 0x08, 0x00,
	0xB6, 0x01, 0x00, 0x00, 0x67, 0x6C, 0x5F, 0x57, 0x6F, 0x72, 0x6C, 0x64, 0x52, 0x61, 0x79, 0x4F,
	0x72, 0x69, 0x67, 0x69, 0x6E, 0x45, 0x58, 0x54, 0x00, 0x00, 0x00, 0x00, 0x05, 0x00, 0x04, 0x00,
	0xBD, 0x01, 0x00, 0x00, 0x63, 0x6C, 0x69, 0x70, 0x00, 0x00, 0x00, 0x00, 0x05, 0x00, 0x03, 0x00,
	0xD1, 0x01, 0x00, 0x00, 0x75, 0x76, 0x00, 0x00, 0x05, 0x00, 0x04, 0x00, 0xF7, 0x01, 0x00, 0x00,
	0x61, 0x6C, 0x62, 0x65, 0x64, 0x6F, 0x00, 0x00, 0x05, 0x00, 0x04, 0x00, 0x07, 0x02, 0x00, 0x00,
	0x62, 0x61, 0x73, 0x65, 0x00, 0x00, 0x00, 0x00, 0x05, 0x00, 0x05, 0x00, 0x08, 0x02, 0x00, 0x00,
	0x61, 0x6C, 0x62, 0x65, 0x64, 0x6F, 0x54, 0x65, 0x78, 0x00, 0x00, 0x00, 0x05, 0x00, 0x03, 0x00,
	0x0A, 0x02, 0x00, 0x00, 0x4E, 0x00, 0x00, 0x00, 0x05, 0x00, 0x05, 0x00, 0x0C, 0x02, 0x00, 0x00,
	0x72, 0x6F, 0x75, 0x67, 0x68, 0x6E, 0x65, 0x73, 0x73, 0x00, 0x00, 0x00, 0x05, 0x00, 0x06, 0x00,
	0x0E, 0x02, 0x00, 0x00, 0x73, 0x70, 0x65, 0x63, 0x52, 0x61, 0x64, 0x69, 0x61, 0x6E, 0x63, 0x65,
	0x00, 0x00, 0x00, 0x00, 0x05, 0x00, 0x03, 0x00, 0x14, 0x02, 0x00, 0x00, 0x68, 0x69, 0x74, 0x00,
	0x05, 0x00, 0x03, 0x00, 0x16, 0x02, 0x00, 0x00, 0x56, 0x00, 0x00, 0x00, 0x05, 0x00, 0x04, 0x00,
	0x1A, 0x02, 0x00, 0x00, 0x69, 0x62, 0x6C, 0x4D, 0x6F, 0x64, 0x65, 0x00, 0x05, 0x00, 0x03, 0x00,
	0x26, 0x02, 0x00, 0x00, 0x52, 0x00, 0x00, 0x00, 0x05, 0x00, 0x03, 0x00, 0x2B, 0x02, 0x00, 0x00,
	0x69, 0x62, 0x6C, 0x00, 0x05, 0x00, 0x06, 0x00, 0x2C, 0x02, 0x00, 0x00, 0x70, 0x72, 0x65, 0x66,
	0x69, 0x6C, 0x74, 0x65, 0x72, 0x54, 0x65, 0x78, 0x00, 0x00, 0x00, 0x00, 0x05, 0x00, 0x04, 0x00,
	0x2D, 0x02, 0x00, 0x00, 0x70, 0x61, 0x72, 0x61, 0x6D, 0x00, 0x00, 0x00, 0x05, 0x00, 0x04, 0x00,
	0x2F, 0x02, 0x00, 0x00, 0x70, 0x61, 0x72, 0x61, 0x6D, 0x00, 0x00, 0x00, 0x05, 0x00, 0x04, 0x00,
	0x37, 0x02, 0x00, 0x00, 0x4E, 0x64, 0x6F, 0x74, 0x56, 0x00, 0x00, 0x00, 0x05, 0x00, 0x04, 0x00,
	0x3D, 0x02, 0x00, 0x00, 0x65, 0x6E, 0x76, 0x42, 0x72, 0x64, 0x66, 0x00, 0x05, 0x00, 0x04, 0x00,
	0x3E, 0x02, 0x00, 0x00, 0x62, 0x72, 0x64, 0x66, 0x4C, 0x75, 0x74, 0x00, 0x05, 0x00, 0x04, 0x00,
	0x3F, 0x02, 0x00, 0x00, 0x70, 0x61, 0x72, 0x61, 0x6D, 0x00, 0x00, 0x00, 0x05, 0x00, 0x04, 0x00,
	0x41, 0x02, 0x00, 0x00, 0x70, 0x61, 0x72, 0x61, 0x6D, 0x00, 0x00, 0x00, 0x05, 0x00, 0x03, 0x00,
	0x44, 0x02, 0x00, 0x00, 0x46, 0x30, 0x00, 0x00, 0x47, 0x00, 0x04, 0x00, 0x52, 0x00, 0x00, 0x00,
	0x06, 0x00, 0x00, 0x00, 0x04, 0x00, 0x00, 0x00, 0x47, 0x00, 0x03, 0x00, 0x53, 0x00, 0x00, 0x00,
	0x02, 0x00, 0x00, 0x00, 0x48, 0x00, 0x04, 0x00, 0x53, 0x00, 0x00, 0x00, 0x00, 0x00, 0x00, 0x00,
	0x18, 0x00, 0x00, 0x00, 0x48, 0x00, 0x05, 0x00, 0x53, 0x00, 0x00, 0x00, 0x00, 0x00, 0x00, 0x00,
	0x23, 0x00, 0x00, 0x00, 0x00, 0x00, 0x00, 0x00, 0x47, 0x00, 0x03, 0x00, 0x55, 0x00, 0x00, 0x00,
	0x18, 0x00, 0x00, 0x00, 0x47, 0x00, 0x04, 0x00, 0x55, 0x00, 0x00, 0x00, 0x21, 0x00, 0x00, 0x00,
	0x09, 0x00, 0x00, 0x00, 0x47, 0x00, 0x04, 0x00, 0x55, 0x00, 0x00, 0x00, 0x22, 0x00, 0x00, 0x00,
	0x00, 0x00, 0x00, 0x00, 0x47, 0x00, 0x04, 0x00, 0x5D, 0x00, 0x00, 0x00, 0x0B, 0x00, 0x00, 0x00,
	0xCF, 0x14, 0x00, 0x00, 0x47, 0x00, 0x04, 0x00, 0x6B, 0x00, 0x00, 0x00, 0x0B, 0x00, 0x00, 0x00,
	0x07, 0x00, 0x00, 0x00, 0x47, 0x00, 0x04, 0x00, 0x8F, 0x00, 0x00, 0x00, 0x06, 0x00, 0x00, 0x00,
	0x04, 0x00, 0x00, 0x00, 0x47, 0x00, 0x03, 0x00, 0x90, 0x00, 0x00, 0x00, 0x02, 0x00, 0x00, 0x00,
	0x48, 0x00, 0x04, 0x00, 0x90, 0x00, 0x00, 0x00, 0x00, 0x00, 0x00, 0x00, 0x18, 0x00, 0x00, 0x00,
	0x48, 0x00, 0x05, 0x00, 0x90, 0x00, 0x00, 0x00, 0x00, 0x00, 0x00, 0x00, 0x23, 0x00, 0x00, 0x00,
	0x00, 0x00, 0x00, 0x00, 0x47, 0x00, 0x03, 0x00, 0x92, 0x00, 0x00, 0x00, 0x18, 0x00, 0x00, 0x00,
	0x47, 0x00, 0x04, 0x00, 0x92, 0x00, 0x00, 0x00, 0x21, 0x00, 0x00, 0x00, 0x0D, 0x00, 0x00, 0x00,
	0x47, 0x00, 0x04, 0x00, 0x92, 0x00, 0x00, 0x00, 0x22, 0x00, 0x00, 0x00, 0x00, 0x00, 0x00, 0x00,
	0x47, 0x00, 0x04, 0x00, 0xC0, 0x00, 0x00, 0x00, 0x06, 0x00, 0x00, 0x00, 0x04, 0x00, 0x00, 0x00,
	0x47, 0x00, 0x03, 0x00, 0xC1, 0x00, 0x00, 0x00, 0x02, 0x00, 0x00, 0x00, 0x48, 0x00, 0x04, 0x00,
	0xC1, 0x00, 0x00, 0x00, 0x00, 0x00, 0x00, 0x00, 0x18, 0x00, 0x00, 0x00, 0x48, 0x00, 0x05, 0x00,
	0xC1, 0x00, 0x00, 0x00, 0x00, 0x00, 0x00, 0x00, 0x23, 0x00, 0x00, 0x00, 0x00, 0x00, 0x00, 0x00,
	0x47, 0x00, 0x03, 0x00, 0xC3, 0x00, 0x00, 0x00, 0x18, 0x00, 0x00, 0x00, 0x47, 0x00, 0x04, 0x00,
	0xC3, 0x00, 0x00, 0x00, 0x21, 0x00, 0x00, 0x00, 0x0C, 0x00, 0x00, 0x00, 0x47, 0x00, 0x04, 0x00,
	0xC3, 0x00, 0x00, 0x00, 0x22, 0x00, 0x00, 0x00, 0x00, 0x00, 0x00, 0x00, 0x47, 0x00, 0x04, 0x00,
	0x00, 0x01, 0x00, 0x00, 0x06, 0x00, 0x00, 0x00, 0x04, 0x00, 0x00, 0x00, 0x47, 0x00, 0x03, 0x00,
	0x01, 0x01, 0x00, 0x00, 0x02, 0x00, 0x00, 0x00, 0x48, 0x00, 0x04, 0x00, 0x01, 0x01, 0x00, 0x00,
	0x00, 0x00, 0x00, 0x00, 0x18, 0x00, 0x00, 0x00, 0x48, 0x00, 0x05, 0x00, 0x01, 0x01, 0x00, 0x00,
	0x00, 0x00, 0x00, 0x00, 0x23, 0x00, 0x00, 0x00, 0x00, 0x00, 0x00, 0x00, 0x47, 0x00, 0x03, 0x00,
	0x03, 0x01, 0x00, 0x00, 0x18, 0x00, 0x00, 0x00, 0x47, 0x00, 0x04, 0x00, 0x03, 0x01, 0x00, 0x00,
	0x21, 0x00, 0x00, 0x00, 0x0E, 0x00, 0x00, 0x00, 0x47, 0x00, 0x04, 0x00, 0x03, 0x01, 0x00, 0x00,
	0x22, 0x00, 0x00, 0x00, 0x00, 0x00, 0x00, 0x00, 0x47, 0x00, 0x04, 0x00, 0x48, 0x01, 0x00, 0x00,
	0x0B, 0x00, 0x00, 0x00, 0xCA, 0x14, 0x00, 0x00, 0x48, 0x00, 0x05, 0x00, 0x64, 0x01, 0x00, 0x00,
	0x00, 0x00, 0x00, 0x00, 0x23, 0x00, 0x00, 0x00, 0x00, 0x00, 0x00, 0x00, 0x48, 0x00, 0x05, 0x00,
	0x64, 0x01, 0x00, 0x00, 0x01, 0x00, 0x00, 0x00, 0x23, 0x00, 0x00, 0x00, 0x04, 0x00, 0x00, 0x00,
	0x47, 0x00, 0x04, 0x00, 0x65, 0x01, 0x00, 0x00, 0x06, 0x00, 0x00, 0x00, 0x08, 0x00, 0x00, 0x00,
	0x47, 0x00, 0x03, 0x00, 0x66, 0x01, 0x00, 0x00, 0x02, 0x00, 0x00, 0x00, 0x48, 0x00, 0x04, 0x00,
	0x66, 0x01, 0x00, 0x00, 0x00, 0x00, 0x00, 0x00, 0x18, 0x00, 0x00, 0x00, 0x48, 0x00, 0x05, 0x00,
	0x66, 0x01, 0x00, 0x00, 0x00, 0x00, 0x00, 0x00, 0x23, 0x00, 0x00, 0x00, 0x00, 0x00, 0x00, 0x00,
	0x47, 0x00, 0x03, 0x00, 0x68, 0x01, 0x00, 0x00, 0x18, 0x00, 0x00, 0x00, 0x47, 0x00, 0x04, 0x00,
	0x68, 0x01, 0x00, 0x00, 0x21, 0x00, 0x00, 0x00, 0x10, 0x00, 0x00, 0x00, 0x47, 0x00, 0x04, 0x00,
	0x68, 0x01, 0x00, 0x00, 0x22, 0x00, 0x00, 0x00, 0x00, 0x00, 0x00, 0x00, 0x47, 0x00, 0x04, 0x00,
	0x84, 0x01, 0x00, 0x00, 0x21, 0x00, 0x00, 0x00, 0x0F, 0x00, 0x00, 0x00, 0x47, 0x00, 0x04, 0x00,
	0x84, 0x01, 0x00, 0x00, 0x22, 0x00, 0x00, 0x00, 0x00, 0x00, 0x00, 0x00, 0x47, 0x00, 0x03, 0x00,
	0xA4, 0x01, 0x00, 0x00, 0x02, 0x00, 0x00, 0x00, 0x48, 0x00, 0x04, 0x00, 0xA4, 0x01, 0x00, 0x00,
	0x00, 0x00, 0x00, 0x00, 0x05, 0x00, 0x00, 0x00, 0x48, 0x00, 0x05, 0x00, 0xA4, 0x01, 0x00, 0x00,
	0x00, 0x00, 0x00, 0x00, 0x07, 0x00, 0x00, 0x00, 0x10, 0x00, 0x00, 0x00, 0x48, 0x00, 0x05, 0x00,
	0xA4, 0x01, 0x00, 0x00, 0x00, 0x00, 0x00, 0x00, 0x23, 0x00, 0x00, 0x00, 0x00, 0x00, 0x00, 0x00,
	0x48, 0x00, 0x04, 0x00, 0xA4, 0x01, 0x00, 0x00, 0x01, 0x00, 0x00, 0x00, 0x05, 0x00, 0x00, 0x00,
	0x48, 0x00, 0x05, 0x00, 0xA4, 0x01, 0x00, 0x00, 0x01, 0x00, 0x00, 0x00, 0x07, 0x00, 0x00, 0x00,
	0x10, 0x00, 0x00, 0x00, 0x48, 0x00, 0x05, 0x00, 0xA4, 0x01, 0x00, 0x00, 0x01, 0x00, 0x00, 0x00,
	0x23, 0x00, 0x00, 0x00, 0x40, 0x00, 0x00, 0x00, 0x48, 0x00, 0x04, 0x00, 0xA4, 0x01, 0x00, 0x00,
	0x02, 0x00, 0x00, 0x00, 0x05, 0x00, 0x00, 0x00, 0x48, 0x00, 0x05, 0x00, 0xA4, 0x01, 0x00, 0x00,
	0x02, 0x00, 0x00, 0x00, 0x07, 0x00, 0x00, 0x00, 0x10, 0x00, 0x00, 0x00, 0x48, 0x00, 0x05, 0x00,
	0xA4, 0x01, 0x00, 0x00, 0x02, 0x00, 0x00, 0x00, 0x23, 0x00, 0x00, 0x00, 0x80, 0x00, 0x00, 0x00,
	0x48, 0x00, 0x05, 0x00, 0xA4, 0x01, 0x00, 0x00, 0x03, 0x00, 0x00, 0x00, 0x23, 0x00, 0x00, 0x00,
	0xC0, 0x00, 0x00, 0x00, 0x48, 0x00, 0x05, 0x00, 0xA4, 0x01, 0x00, 0x00, 0x04, 0x00, 0x00, 0x00,
	0x23, 0x00, 0x00, 0x00, 0xD0, 0x00, 0x00, 0x00, 0x48, 0x00, 0x05, 0x00, 0xA4, 0x01, 0x00, 0x00,
	0x05, 0x00, 0x00, 0x00, 0x23, 0x00, 0x00, 0x00, 0xE0, 0x00, 0x00, 0x00, 0x48, 0x00, 0x05, 0x00,
	0xA4, 0x01, 0x00, 0x00, 0x06, 0x00, 0x00, 0x00, 0x23, 0x00, 0x00, 0x00, 0xF0, 0x00, 0x00, 0x00,
	0x48, 0x00, 0x05, 0x00, 0xA4, 0x01, 0x00, 0x00, 0x07, 0x00, 0x00, 0x00, 0x23, 0x00, 0x00, 0x00,
	0x00, 0x01, 0x00, 0x00, 0x48, 0x00, 0x05, 0x00, 0xA4, 0x01, 0x00, 0x00, 0x08, 0x00, 0x00, 0x00,
	0x23, 0x00, 0x00, 0x00, 0x10, 0x01, 0x00, 0x00, 0x48, 0x00, 0x05, 0x00, 0xA4, 0x01, 0x00, 0x00,
	0x09, 0x00, 0x00, 0x00, 0x23, 0x00, 0x00, 0x00, 0x20, 0x01, 0x00, 0x00, 0x48, 0x00, 0x05, 0x00,
	0xA4, 0x01, 0x00, 0x00, 0x0A, 0x00, 0x00, 0x00, 0x23, 0x00, 0x00, 0x00, 0x30, 0x01, 0x00, 0x00,
	0x48, 0x00, 0x05, 0x00, 0xA4, 0x01, 0x00, 0x00, 0x0B, 0x00, 0x00, 0x00, 0x23, 0x00, 0x00, 0x00,
	0x40, 0x01, 0x00, 0x00, 0x48, 0x00, 0x05, 0x00, 0xA4, 0x01, 0x00, 0x00, 0x0C, 0x00, 0x00, 0x00,
	0x23, 0x00, 0x00, 0x00, 0x50, 0x01, 0x00, 0x00, 0x47, 0x00, 0x04, 0x00, 0xA6, 0x01, 0x00, 0x00,
	0x21, 0x00, 0x00, 0x00, 0x02, 0x00, 0x00, 0x00, 0x47, 0x00, 0x04, 0x00, 0xA6, 0x01, 0x00, 0x00,
	0x22, 0x00, 0x00, 0x00, 0x00, 0x00, 0x00, 0x00, 0x47, 0x00, 0x04, 0x00, 0xB3, 0x01, 0x00, 0x00,
	0x0B, 0x00, 0x00, 0x00, 0xCE, 0x14, 0x00, 0x00, 0x47, 0x00, 0x04, 0x00, 0xB6, 0x01, 0x00, 0x00,
	0x0B, 0x00, 0x00, 0x00, 0xC9, 0x14, 0x00, 0x00, 0x47, 0x00, 0x04, 0x00, 0x08, 0x02, 0x00, 0x00,
	0x21, 0x00, 0x00, 0x00, 0x08, 0x00, 0x00, 0x00, 0x47, 0x00, 0x04, 0x00, 0x08, 0x02, 0x00, 0x00,
	0x22, 0x00, 0x00, 0x00, 0x00, 0x00, 0x00, 0x00, 0x47, 0x00, 0x04, 0x00, 0x2C, 0x02, 0x00, 0x00,
	0x21, 0x00, 0x00, 0x00, 0x06, 0x00, 0x00, 0x00, 0x47, 0x00, 0x04, 0x00, 0x2C, 0x02, 0x00, 0x00,
	0x22, 0x00, 0x00, 0x00, 0x00, 0x00, 0x00, 0x00, 0x47, 0x00, 0x04, 0x00, 0x3E, 0x02, 0x00, 0x00,
	0x21, 0x00, 0x00, 0x00, 0x0A, 0x00, 0x00, 0x00, 0x47, 0x00, 0x04, 0x00, 0x3E, 0x02, 0x00, 0x00,
	0x22, 0x00, 0x00, 0x00, 0x00, 0x00, 0x00, 0x00, 0x13, 0x00, 0x02, 0x00, 0x02, 0x00, 0x00, 0x00,
	0x21, 0x00, 0x03, 0x00, 0x03, 0x00, 0x00, 0x00, 0x02, 0x00, 0x00, 0x00, 0x16, 0x00, 0x03, 0x00,
	0x06, 0x00, 0x00, 0x00, 0x20, 0x00, 0x00, 0x00, 0x19, 0x00, 0x09, 0x00, 0x07, 0x00, 0x00, 0x00,
	0x06, 0x00, 0x00, 0x00, 0x03, 0x00, 0x00, 0x00, 0x00, 0x00, 0x00, 0x00, 0x00, 0x00, 0x00, 0x00,
	0x00, 0x00, 0x00, 0x00, 0x01, 0x00, 0x00, 0x00, 0x00, 0x00, 0x00, 0x00, 0x1B, 0x00, 0x03, 0x00,
	0x08, 0x00, 0x00, 0x00, 0x07, 0x00, 0x00, 0x00, 0x20, 0x00, 0x04, 0x00, 0x09, 0x00, 0x00, 0x00,
	0x00, 0x00, 0x00, 0x00, 0x08, 0x00, 0x00, 0x00, 0x17, 0x00, 0x04, 0x00, 0x0A, 0x00, 0x00, 0x00,
	0x06, 0x00, 0x00, 0x00, 0x03, 0x00, 0x00, 0x00, 0x20, 0x00, 0x04, 0x00, 0x0B, 0x00, 0x00, 0x00,
	0x07, 0x00, 0x00, 0x00, 0x0A, 0x00, 0x00, 0x00, 0x20, 0x00, 0x04, 0x00, 0x0C, 0x00, 0x00, 0x00,
	0x07, 0x00, 0x00, 0x00, 0x06, 0x00, 0x00, 0x00, 0x21, 0x00, 0x06, 0x00, 0x0D, 0x00, 0x00, 0x00,
	0x0A, 0x00, 0x00, 0x00, 0x09, 0x00, 0x00, 0x00, 0x0B, 0x00, 0x00, 0x00, 0x0C, 0x00, 0x00, 0x00,
	0x19, 0x00, 0x09, 0x00, 0x13, 0x00, 0x00, 0x00, 0x06, 0x00, 0x00, 0x00, 0x01, 0x00, 0x00, 0x00,
	0x00, 0x00, 0x00, 0x00, 0x00, 0x00, 0x00, 0x00, 0x00, 0x00, 0x00, 0x00, 0x01, 0x00, 0x00, 0x00,
	0x00, 0x00, 0x00, 0x00, 0x1B, 0x00, 0x03, 0x00, 0x14, 0x00, 0x00, 0x00, 0x13, 0x00, 0x00, 0x00,
	0x20, 0x00, 0x04, 0x00, 0x15, 0x00, 0x00, 0x00, 0x00, 0x00, 0x00, 0x00, 0x14, 0x00, 0x00, 0x00,
	0x17, 0x00, 0x04, 0x00, 0x16, 0x00, 0x00, 0x00, 0x06, 0x00, 0x00, 0x00, 0x02, 0x00, 0x00, 0x00,
	0x21, 0x00, 0x06, 0x00, 0x17, 0x00, 0x00, 0x00, 0x16, 0x00, 0x00, 0x00, 0x15, 0x00, 0x00, 0x00,
	0x0C, 0x00, 0x00, 0x00, 0x0C, 0x00, 0x00, 0x00, 0x21, 0x00, 0x03, 0x00, 0x1D, 0x00, 0x00, 0x00,
	0x0A, 0x00, 0x00, 0x00, 0x21, 0x00, 0x04, 0x00, 0x2A, 0x00, 0x00, 0x00, 0x0A, 0x00, 0x00, 0x00,
	0x15, 0x00, 0x00, 0x00, 0x2B, 0x00, 0x04, 0x00, 0x06, 0x00, 0x00, 0x00, 0x30, 0x00, 0x00, 0x00,
	0x00, 0x00, 0x00, 0x00, 0x2B, 0x00, 0x04, 0x00, 0x06, 0x00, 0x00, 0x00, 0x31, 0x00, 0x00, 0x00,
	0x00, 0x00, 0x80, 0x3F, 0x2B, 0x00, 0x04, 0x00, 0x06, 0x00, 0x00, 0x00, 0x33, 0x00, 0x00, 0x00,
	0x00, 0x00, 0xE0, 0x40, 0x17, 0x00, 0x04, 0x00, 0x39, 0x00, 0x00, 0x00, 0x06, 0x00, 0x00, 0x00,
	0x04, 0x00, 0x00, 0x00, 0x2B, 0x00, 0x04, 0x00, 0x06, 0x00, 0x00, 0x00, 0x49, 0x00, 0x00, 0x00,
	0xEC, 0x51, 0x38, 0x3F, 0x2B, 0x00, 0x04, 0x00, 0x06, 0x00, 0x00, 0x00, 0x4A, 0x00, 0x00, 0x00,
	0x33, 0x33, 0x33, 0x3F, 0x2B, 0x00, 0x04, 0x00, 0x06, 0x00, 0x00, 0x00, 0x4B, 0x00, 0x00, 0x00,
	0xC3, 0xF5, 0x28, 0x3F, 0x2C, 0x00, 0x06, 0x00, 0x0A, 0x00, 0x00, 0x00, 0x4C, 0x00, 0x00, 0x00,
	0x49, 0x00, 0x00, 0x00, 0x4A, 0x00, 0x00, 0x00, 0x4B, 0x00, 0x00, 0x00, 0x15, 0x00, 0x04, 0x00,
	0x4F, 0x00, 0x00, 0x00, 0x20, 0x00, 0x00, 0x00, 0x00, 0x00, 0x00, 0x00, 0x20, 0x00, 0x04, 0x00,
	0x50, 0x00, 0x00, 0x00, 0x07, 0x00, 0x00, 0x00, 0x4F, 0x00, 0x00, 0x00, 0x1D, 0x00, 0x03, 0x00,
	0x52, 0x00, 0x00, 0x00, 0x06, 0x00, 0x00, 0x00, 0x1E, 0x00, 0x03, 0x00, 0x53, 0x00, 0x00, 0x00,
	0x52, 0x00, 0x00, 0x00, 0x20, 0x00, 0x04, 0x00, 0x54, 0x00, 0x00, 0x00, 0x0C, 0x00, 0x00, 0x00,
	0x53, 0x00, 0x00, 0x00, 0x3B, 0x00, 0x04, 0x00, 0x54, 0x00, 0x00, 0x00, 0x55, 0x00, 0x00, 0x00,
	0x0C, 0x00, 0x00, 0x00, 0x15, 0x00, 0x04, 0x00, 0x57, 0x00, 0x00, 0x00, 0x20, 0x00, 0x00, 0x00,
	0x01, 0x00, 0x00, 0x00, 0x2B, 0x00, 0x04, 0x00, 0x4F, 0x00, 0x00, 0x00, 0x5A, 0x00, 0x00, 0x00,
	0x03, 0x00, 0x00, 0x00, 0x20, 0x00, 0x04, 0x00, 0x5C, 0x00, 0x00, 0x00, 0x01, 0x00, 0x00, 0x00,
	0x57, 0x00, 0x00, 0x00, 0x3B, 0x00, 0x04, 0x00, 0x5C, 0x00, 0x00, 0x00, 0x5D, 0x00, 0x00, 0x00,
	0x01, 0x00, 0x00, 0x00, 0x2B, 0x00, 0x04, 0x00, 0x57, 0x00, 0x00, 0x00, 0x5F, 0x00, 0x00, 0x00,
	0x00, 0x00, 0x00, 0x00, 0x14, 0x00, 0x02, 0x00, 0x60, 0x00, 0x00, 0x00, 0x2B, 0x00, 0x04, 0x00,
	0x4F, 0x00, 0x00, 0x00, 0x63, 0x00, 0x00, 0x00, 0x00, 0x00, 0x00, 0x00, 0x2B, 0x00, 0x04, 0x00,
	0x06, 0x00, 0x00, 0x00, 0x68, 0x00, 0x00, 0x00, 0x00, 0x00, 0x80, 0xBF, 0x2C, 0x00, 0x06, 0x00,
	0x0A, 0x00, 0x00, 0x00, 0x69, 0x00, 0x00, 0x00, 0x68, 0x00, 0x00, 0x00, 0x68, 0x00, 0x00, 0x00,
	0x68, 0x00, 0x00, 0x00, 0x3B, 0x00, 0x04, 0x00, 0x5C, 0x00, 0x00, 0x00, 0x6B, 0x00, 0x00, 0x00,
	0x01, 0x00, 0x00, 0x00, 0x20, 0x00, 0x04, 0x00, 0x7E, 0x00, 0x00, 0x00, 0x0C, 0x00, 0x00, 0x00,
	0x06, 0x00, 0x00, 0x00, 0x2B, 0x00, 0x04, 0x00, 0x4F, 0x00, 0x00, 0x00, 0x82, 0x00, 0x00, 0x00,
	0x01, 0x00, 0x00, 0x00, 0x2B, 0x00, 0x04, 0x00, 0x4F, 0x00, 0x00, 0x00, 0x87, 0x00, 0x00, 0x00,
	0x02, 0x00, 0x00, 0x00, 0x1D, 0x00, 0x03, 0x00, 0x8F, 0x00, 0x00, 0x00, 0x06, 0x00, 0x00, 0x00,
	0x1E, 0x00, 0x03, 0x00, 0x90, 0x00, 0x00, 0x00, 0x8F, 0x00, 0x00, 0x00, 0x20, 0x00, 0x04, 0x00,
	0x91, 0x00, 0x00, 0x00, 0x0C, 0x00, 0x00, 0x00, 0x90, 0x00, 0x00, 0x00, 0x3B, 0x00, 0x04, 0x00,
	0x91, 0x00, 0x00, 0x00, 0x92, 0x00, 0x00, 0x00, 0x0C, 0x00, 0x00, 0x00, 0x2B, 0x00, 0x04, 0x00,
	0x57, 0x00, 0x00, 0x00, 0x98, 0x00, 0x00, 0x00, 0x01, 0x00, 0x00, 0x00, 0x1D, 0x00, 0x03, 0x00,
	0xC0, 0x00, 0x00, 0x00, 0x06, 0x00, 0x00, 0x00, 0x1E, 0x00, 0x03, 0x00, 0xC1, 0x00, 0x00, 0x00,
	0xC0, 0x00, 0x00, 0x00, 0x20, 0x00, 0x04, 0x00, 0xC2, 0x00, 0x00, 0x00, 0x0C, 0x00, 0x00, 0x00,
	0xC1, 0x00, 0x00, 0x00, 0x3B, 0x00, 0x04, 0x00, 0xC2, 0x00, 0x00, 0x00, 0xC3, 0x00, 0x00, 0x00,
	0x0C, 0x00, 0x00, 0x00, 0x2C, 0x00, 0x06, 0x00, 0x0A, 0x00, 0x00, 0x00, 0xCF, 0x00, 0x00, 0x00,
	0x30, 0x00, 0x00, 0x00, 0x30, 0x00, 0x00, 0x00, 0x30, 0x00, 0x00, 0x00, 0x2B, 0x00, 0x04, 0x00,
	0x06, 0x00, 0x00, 0x00, 0xF4, 0x00, 0x00, 0x00, 0x77, 0xCC, 0x2B, 0x32, 0x1D, 0x00, 0x03, 0x00,
	0x00, 0x01, 0x00, 0x00, 0x06, 0x00, 0x00, 0x00, 0x1E, 0x00, 0x03, 0x00, 0x01, 0x01, 0x00, 0x00,
	0x00, 0x01, 0x00, 0x00, 0x20, 0x00, 0x04, 0x00, 0x02, 0x01, 0x00, 0x00, 0x0C, 0x00, 0x00, 0x00,
	0x01, 0x01, 0x00, 0x00, 0x3B, 0x00, 0x04, 0x00, 0x02, 0x01, 0x00, 0x00, 0x03, 0x01, 0x00, 0x00,
	0x0C, 0x00, 0x00, 0x00, 0x20, 0x00, 0x04, 0x00, 0x47, 0x01, 0x00, 0x00, 0x01, 0x00, 0x00, 0x00,
	0x0A, 0x00, 0x00, 0x00, 0x3B, 0x00, 0x04, 0x00, 0x47, 0x01, 0x00, 0x00, 0x48, 0x01, 0x00, 0x00,
	0x01, 0x00, 0x00, 0x00, 0x1E, 0x00, 0x04, 0x00, 0x64, 0x01, 0x00, 0x00, 0x4F, 0x00, 0x00, 0x00,
	0x4F, 0x00, 0x00, 0x00, 0x1D, 0x00, 0x03, 0x00, 0x65, 0x01, 0x00, 0x00, 0x64, 0x01, 0x00, 0x00,
	0x1E, 0x00, 0x03, 0x00, 0x66, 0x01, 0x00, 0x00, 0x65, 0x01, 0x00, 0x00, 0x20, 0x00, 0x04, 0x00,
	0x67, 0x01, 0x00, 0x00, 0x0C, 0x00, 0x00, 0x00, 0x66, 0x01, 0x00, 0x00, 0x3B, 0x00, 0x04, 0x00,
	0x67, 0x01, 0x00, 0x00, 0x68, 0x01, 0x00, 0x00, 0x0C, 0x00, 0x00, 0x00, 0x20, 0x00, 0x04, 0x00,
	0x7A, 0x01, 0x00, 0x00, 0x0C, 0x00, 0x00, 0x00, 0x4F, 0x00, 0x00, 0x00, 0x2B, 0x00, 0x04, 0x00,
	0x4F, 0x00, 0x00, 0x00, 0x7E, 0x01, 0x00, 0x00, 0xFF, 0xFF, 0xFF, 0xFF, 0x20, 0x00, 0x04, 0x00,
	0x82, 0x01, 0x00, 0x00, 0x07, 0x00, 0x00, 0x00, 0x16, 0x00, 0x00, 0x00, 0x3B, 0x00, 0x04, 0x00,
	0x15, 0x00, 0x00, 0x00, 0x84, 0x01, 0x00, 0x00, 0x00, 0x00, 0x00, 0x00, 0x17, 0x00, 0x04, 0x00,
	0x87, 0x01, 0x00, 0x00, 0x57, 0x00, 0x00, 0x00, 0x02, 0x00, 0x00, 0x00, 0x18, 0x00, 0x04, 0x00,
	0xA3, 0x01, 0x00, 0x00, 0x39, 0x00, 0x00, 0x00, 0x04, 0x00, 0x00, 0x00, 0x1E, 0x00, 0x0F, 0x00,
	0xA4, 0x01, 0x00, 0x00, 0xA3, 0x01, 0x00, 0x00, 0xA3, 0x01, 0x00, 0x00, 0xA3, 0x01, 0x00, 0x00,
	0x39, 0x00, 0x00, 0x00, 0x39, 0x00, 0x00, 0x00, 0x39, 0x00, 0x00, 0x00, 0x39, 0x00, 0x00, 0x00,
	0x39, 0x00, 0x00, 0x00, 0x39, 0x00, 0x00, 0x00, 0x39, 0x00, 0x00, 0x00, 0x39, 0x00, 0x00, 0x00,
	0x39, 0x00, 0x00, 0x00, 0x39, 0x00, 0x00, 0x00, 0x20, 0x00, 0x04, 0x00, 0xA5, 0x01, 0x00, 0x00,
	0x02, 0x00, 0x00, 0x00, 0xA4, 0x01, 0x00, 0x00, 0x3B, 0x00, 0x04, 0x00, 0xA5, 0x01, 0x00, 0x00,
	0xA6, 0x01, 0x00, 0x00, 0x02, 0x00, 0x00, 0x00, 0x2B, 0x00, 0x04, 0x00, 0x57, 0x00, 0x00, 0x00,
	0xA7, 0x01, 0x00, 0x00, 0x07, 0x00, 0x00, 0x00, 0x20, 0x00, 0x04, 0x00, 0xA8, 0x01, 0x00, 0x00,
	0x02, 0x00, 0x00, 0x00, 0x06, 0x00, 0x00, 0x00, 0x2B, 0x00, 0x04, 0x00, 0x06, 0x00, 0x00, 0x00,
	0xAB, 0x01, 0x00, 0x00, 0x00, 0x00, 0x00, 0x3F, 0x20, 0x00, 0x04, 0x00, 0xB2, 0x01, 0x00, 0x00,
	0x01, 0x00, 0x00, 0x00, 0x06, 0x00, 0x00, 0x00, 0x3B, 0x00, 0x04, 0x00, 0xB2, 0x01, 0x00, 0x00,
	0xB3, 0x01, 0x00, 0x00, 0x01, 0x00, 0x00, 0x00, 0x3B, 0x00, 0x04, 0x00, 0x47, 0x01, 0x00, 0x00,
	0xB6, 0x01, 0x00, 0x00, 0x01, 0x00, 0x00, 0x00, 0x20, 0x00, 0x04, 0x00, 0xBC, 0x01, 0x00, 0x00,
	0x07, 0x00, 0x00, 0x00, 0x39, 0x00, 0x00, 0x00, 0x2B, 0x00, 0x04, 0x00, 0x57, 0x00, 0x00, 0x00,
	0xBE, 0x01, 0x00, 0x00, 0x02, 0x00, 0x00, 0x00, 0x20, 0x00, 0x04, 0x00, 0xBF, 0x01, 0x00, 0x00,
	0x02, 0x00, 0x00, 0x00, 0xA3, 0x01, 0x00, 0x00, 0x2B, 0x00, 0x04, 0x00, 0x06, 0x00, 0x00, 0x00,
	0xCB, 0x01, 0x00, 0x00, 0xBD, 0x37, 0x86, 0x35, 0x3B, 0x00, 0x04, 0x00, 0x15, 0x00, 0x00, 0x00,
	0x08, 0x02, 0x00, 0x00, 0x00, 0x00, 0x00, 0x00, 0x20, 0x00, 0x04, 0x00, 0x0D, 0x02, 0x00, 0x00,
	0xDE, 0x14, 0x00, 0x00, 0x39, 0x00, 0x00, 0x00, 0x3B, 0x00, 0x04, 0x00, 0x0D, 0x02, 0x00, 0x00,
	0x0E, 0x02, 0x00, 0x00, 0xDE, 0x14, 0x00, 0x00, 0x20, 0x00, 0x04, 0x00, 0x0F, 0x02, 0x00, 0x00,
	0xDE, 0x14, 0x00, 0x00, 0x06, 0x00, 0x00, 0x00, 0x2B, 0x00, 0x04, 0x00, 0x06, 0x00, 0x00, 0x00,
	0x12, 0x02, 0x00, 0x00, 0x0A, 0xD7, 0xA3, 0x3C, 0x2B, 0x00, 0x04, 0x00, 0x57, 0x00, 0x00, 0x00,
	0x1B, 0x02, 0x00, 0x00, 0x09, 0x00, 0x00, 0x00, 0x3B, 0x00, 0x04, 0x00, 0x09, 0x00, 0x00, 0x00,
	0x2C, 0x02, 0x00, 0x00, 0x00, 0x00, 0x00, 0x00, 0x2B, 0x00, 0x04, 0x00, 0x06, 0x00, 0x00, 0x00,
	0x33, 0x02, 0x00, 0x00, 0x00, 0x00, 0xC0, 0x3F, 0x3B, 0x00, 0x04, 0x00, 0x15, 0x00, 0x00, 0x00,
	0x3E, 0x02, 0x00, 0x00, 0x00, 0x00, 0x00, 0x00, 0x2B, 0x00, 0x04, 0x00, 0x06, 0x00, 0x00, 0x00,
	0x45, 0x02, 0x00, 0x00, 0x0A, 0xD7, 0x23, 0x3D, 0x2C, 0x00, 0x06, 0x00, 0x0A, 0x00, 0x00, 0x00,
	0x46, 0x02, 0x00, 0x00, 0x45, 0x02, 0x00, 0x00, 0x45, 0x02, 0x00, 0x00, 0x45, 0x02, 0x00, 0x00,
	0x2C, 0x00, 0x06, 0x00, 0x0A, 0x00, 0x00, 0x00, 0x61, 0x02, 0x00, 0x00, 0x12, 0x02, 0x00, 0x00,
	0x12, 0x02, 0x00, 0x00, 0x12, 0x02, 0x00, 0x00, 0x36, 0x00, 0x05, 0x00, 0x02, 0x00, 0x00, 0x00,
	0x04, 0x00, 0x00, 0x00, 0x00, 0x00, 0x00, 0x00, 0x03, 0x00, 0x00, 0x00, 0xF8, 0x00, 0x02, 0x00,
	0x05, 0x00, 0x00, 0x00, 0x3B, 0x00, 0x04, 0x00, 0x0B, 0x00, 0x00, 0x00, 0x07, 0x02, 0x00, 0x00,
	0x07, 0x00, 0x00, 0x00, 0x3B, 0x00, 0x04, 0x00, 0x0B, 0x00, 0x00, 0x00, 0x0A, 0x02, 0x00, 0x00,
	0x07, 0x00, 0x00, 0x00, 0x3B, 0x00, 0x04, 0x00, 0x0C, 0x00, 0x00, 0x00, 0x0C, 0x02, 0x00, 0x00,
	0x07, 0x00, 0x00, 0x00, 0x3B, 0x00, 0x04, 0x00, 0x0B, 0x00, 0x00, 0x00, 0x14, 0x02, 0x00, 0x00,
	0x07, 0x00, 0x00, 0x00, 0x3B, 0x00, 0x04, 0x00, 0x0B, 0x00, 0x00, 0x00, 0x16, 0x02, 0x00, 0x00,
	0x07, 0x00, 0x00, 0x00, 0x3B, 0x00, 0x04, 0x00, 0x0C, 0x00, 0x00, 0x00, 0x1A, 0x02, 0x00, 0x00,
	0x07, 0x00, 0x00, 0x00, 0x3B, 0x00, 0x04, 0x00, 0x0B, 0x00, 0x00, 0x00, 0x26, 0x02, 0x00, 0x00,
	0x07, 0x00, 0x00, 0x00, 0x3B, 0x00, 0x04, 0x00, 0x0B, 0x00, 0x00, 0x00, 0x2B, 0x02, 0x00, 0x00,
	0x07, 0x00, 0x00, 0x00, 0x3B, 0x00, 0x04, 0x00, 0x0B, 0x00, 0x00, 0x00, 0x2D, 0x02, 0x00, 0x00,
	0x07, 0x00, 0x00, 0x00, 0x3B, 0x00, 0x04, 0x00, 0x0C, 0x00, 0x00, 0x00, 0x2F, 0x02, 0x00, 0x00,
	0x07, 0x00, 0x00, 0x00, 0x3B, 0x00, 0x04, 0x00, 0x0C, 0x00, 0x00, 0x00, 0x37, 0x02, 0x00, 0x00,
	0x07, 0x00, 0x00, 0x00, 0x3B, 0x00, 0x04, 0x00, 0x82, 0x01, 0x00, 0x00, 0x3D, 0x02, 0x00, 0x00,
	0x07, 0x00, 0x00, 0x00, 0x3B, 0x00, 0x04, 0x00, 0x0C, 0x00, 0x00, 0x00, 0x3F, 0x02, 0x00, 0x00,
	0x07, 0x00, 0x00, 0x00, 0x3B, 0x00, 0x04, 0x00, 0x0C, 0x00, 0x00, 0x00, 0x41, 0x02, 0x00, 0x00,
	0x07, 0x00, 0x00, 0x00, 0x3B, 0x00, 0x04, 0x00, 0x0B, 0x00, 0x00, 0x00, 0x44, 0x02, 0x00, 0x00,
	0x07, 0x00, 0x00, 0x00, 0x39, 0x00, 0x05, 0x00, 0x0A, 0x00, 0x00, 0x00, 0x09, 0x02, 0x00, 0x00,
	0x2C, 0x00, 0x00, 0x00, 0x08, 0x02, 0x00, 0x00, 0x3E, 0x00, 0x03, 0x00, 0x07, 0x02, 0x00, 0x00,
	0x09, 0x02, 0x00, 0x00, 0x39, 0x00, 0x04, 0x00, 0x0A, 0x00, 0x00, 0x00, 0x0B, 0x02, 0x00, 0x00,
	0x28, 0x00, 0x00, 0x00, 0x3E, 0x00, 0x03, 0x00, 0x0A, 0x02, 0x00, 0x00, 0x0B, 0x02, 0x00, 0x00,
	0x41, 0x00, 0x05, 0x00, 0x0F, 0x02, 0x00, 0x00, 0x10, 0x02, 0x00, 0x00, 0x0E, 0x02, 0x00, 0x00,
	0x5A, 0x00, 0x00, 0x00, 0x3D, 0x00, 0x04, 0x00, 0x06, 0x00, 0x00, 0x00, 0x11, 0x02, 0x00, 0x00,
	0x10, 0x02, 0x00, 0x00, 0x0C, 0x00, 0x08, 0x00, 0x06, 0x00, 0x00, 0x00, 0x13, 0x02, 0x00, 0x00,
	0x01, 0x00, 0x00, 0x00, 0x2B, 0x00, 0x00, 0x00, 0x11, 0x02, 0x00, 0x00, 0x12, 0x02, 0x00, 0x00,
	0x31, 0x00, 0x00, 0x00, 0x3E, 0x00, 0x03, 0x00, 0x0C, 0x02, 0x00, 0x00, 0x13, 0x02, 0x00, 0x00,
	0x3D, 0x00, 0x04, 0x00, 0x0A, 0x00, 0x00, 0x00, 0x15, 0x02, 0x00, 0x00, 0x07, 0x02, 0x00, 0x00,
	0x3E, 0x00, 0x03, 0x00, 0x14, 0x02, 0x00, 0x00, 0x15, 0x02, 0x00, 0x00, 0x3D, 0x00, 0x04, 0x00,
	0x0A, 0x00, 0x00, 0x00, 0x17, 0x02, 0x00, 0x00, 0x48, 0x01, 0x00, 0x00, 0x7F, 0x00, 0x04, 0x00,
	0x0A, 0x00, 0x00, 0x00, 0x18, 0x02, 0x00, 0x00, 0x17, 0x02, 0x00, 0x00, 0x0C, 0x00, 0x06, 0x00,
	0x0A, 0x00, 0x00, 0x00, 0x19, 0x02, 0x00, 0x00, 0x01, 0x00, 0x00, 0x00, 0x45, 0x00, 0x00, 0x00,
	0x18, 0x02, 0x00, 0x00, 0x3E, 0x00, 0x03, 0x00, 0x16, 0x02, 0x00, 0x00, 0x19, 0x02, 0x00, 0x00,
	0x41, 0x00, 0x06, 0x00, 0xA8, 0x01, 0x00, 0x00, 0x1C, 0x02, 0x00, 0x00, 0xA6, 0x01, 0x00, 0x00,
	0x1B, 0x02, 0x00, 0x00, 0x82, 0x00, 0x00, 0x00, 0x3D, 0x00, 0x04, 0x00, 0x06, 0x00, 0x00, 0x00,
	0x1D, 0x02, 0x00, 0x00, 0x1C, 0x02, 0x00, 0x00, 0x3E, 0x00, 0x03, 0x00, 0x1A, 0x02, 0x00, 0x00,
	0x1D, 0x02, 0x00, 0x00, 0x41, 0x00, 0x06, 0x00, 0xA8, 0x01, 0x00, 0x00, 0x1E, 0x02, 0x00, 0x00,
	0xA6, 0x01, 0x00, 0x00, 0xA7, 0x01, 0x00, 0x00, 0x5A, 0x00, 0x00, 0x00, 0x3D, 0x00, 0x04, 0x00,
	0x06, 0x00, 0x00, 0x00, 0x1F, 0x02, 0x00, 0x00, 0x1E, 0x02, 0x00, 0x00, 0xBA, 0x00, 0x05, 0x00,
	0x60, 0x00, 0x00, 0x00, 0x20, 0x02, 0x00, 0x00, 0x1F, 0x02, 0x00, 0x00, 0xAB, 0x01, 0x00, 0x00,
	0x3D, 0x00, 0x04, 0x00, 0x06, 0x00, 0x00, 0x00, 0x21, 0x02, 0x00, 0x00, 0x1A, 0x02, 0x00, 0x00,
	0xBE, 0x00, 0x05, 0x00, 0x60, 0x00, 0x00, 0x00, 0x22, 0x02, 0x00, 0x00, 0x21, 0x02, 0x00, 0x00,
	0xAB, 0x01, 0x00, 0x00, 0xA7, 0x00, 0x05, 0x00, 0x60, 0x00, 0x00, 0x00, 0x23, 0x02, 0x00, 0x00,
	0x20, 0x02, 0x00, 0x00, 0x22, 0x02, 0x00, 0x00, 0xF7, 0x00, 0x03, 0x00, 0x25, 0x02, 0x00, 0x00,
	0x00, 0x00, 0x00, 0x00, 0xFA, 0x00, 0x04, 0x00, 0x23, 0x02, 0x00, 0x00, 0x24, 0x02, 0x00, 0x00,
	0x60, 0x02, 0x00, 0x00, 0xF8, 0x00, 0x02, 0x00, 0x24, 0x02, 0x00, 0x00, 0x3D, 0x00, 0x04, 0x00,
	0x0A, 0x00, 0x00, 0x00, 0x27, 0x02, 0x00, 0x00, 0x16, 0x02, 0x00, 0x00, 0x7F, 0x00, 0x04, 0x00,
	0x0A, 0x00, 0x00, 0x00, 0x28, 0x02, 0x00, 0x00, 0x27, 0x02, 0x00, 0x00, 0x3D, 0x00, 0x04, 0x00,
	0x0A, 0x00, 0x00, 0x00, 0x29, 0x02, 0x00, 0x00, 0x0A, 0x02, 0x00, 0x00, 0x0C, 0x00, 0x07, 0x00,
	0x0A, 0x00, 0x00, 0x00, 0x2A, 0x02, 0x00, 0x00, 0x01, 0x00, 0x00, 0x00, 0x47, 0x00, 0x00, 0x00,
	0x28, 0x02, 0x00, 0x00, 0x29, 0x02, 0x00, 0x00, 0x3E, 0x00, 0x03, 0x00, 0x26, 0x02, 0x00, 0x00,
	0x2A, 0x02, 0x00, 0x00, 0x3D, 0x00, 0x04, 0x00, 0x0A, 0x00, 0x00, 0x00, 0x2E, 0x02, 0x00, 0x00,
	0x26, 0x02, 0x00, 0x00, 0x3E, 0x00, 0x03, 0x00, 0x2D, 0x02, 0x00, 0x00, 0x2E, 0x02, 0x00, 0x00,
	0x3D, 0x00, 0x04, 0x00, 0x06, 0x00, 0x00, 0x00, 0x30, 0x02, 0x00, 0x00, 0x0C, 0x02, 0x00, 0x00,
	0x3E, 0x00, 0x03, 0x00, 0x2F, 0x02, 0x00, 0x00, 0x30, 0x02, 0x00, 0x00, 0x39, 0x00, 0x07, 0x00,
	0x0A, 0x00, 0x00, 0x00, 0x31, 0x02, 0x00, 0x00, 0x11, 0x00, 0x00, 0x00, 0x2C, 0x02, 0x00, 0x00,
	0x2D, 0x02, 0x00, 0x00, 0x2F, 0x02, 0x00, 0x00, 0x3E, 0x00, 0x03, 0x00, 0x2B, 0x02, 0x00, 0x00,
	0x31, 0x02, 0x00, 0x00, 0x3D, 0x00, 0x04, 0x00, 0x06, 0x00, 0x00, 0x00, 0x32, 0x02, 0x00, 0x00,
	0x1A, 0x02, 0x00, 0x00, 0xBE, 0x00, 0x05, 0x00, 0x60, 0x00, 0x00, 0x00, 0x34, 0x02, 0x00, 0x00,
	0x32, 0x02, 0x00, 0x00, 0x33, 0x02, 0x00, 0x00, 0xF7, 0x00, 0x03, 0x00, 0x36, 0x02, 0x00, 0x00,
	0x00, 0x00, 0x00, 0x00, 0xFA, 0x00, 0x04, 0x00, 0x34, 0x02, 0x00, 0x00, 0x35, 0x02, 0x00, 0x00,
	0x59, 0x02, 0x00, 0x00, 0xF8, 0x00, 0x02, 0x00, 0x35, 0x02, 0x00, 0x00, 0x3D, 0x00, 0x04, 0x00,
	0x0A, 0x00, 0x00, 0x00, 0x38, 0x02, 0x00, 0x00, 0x0A, 0x02, 0x00, 0x00, 0x3D, 0x00, 0x04, 0x00,
	0x0A, 0x00, 0x00, 0x00, 0x39, 0x02, 0x00, 0x00, 0x16, 0x02, 0x00, 0x00, 0x94, 0x00, 0x05, 0x00,
	0x06, 0x00, 0x00, 0x00, 0x3A, 0x02, 0x00, 0x00, 0x38, 0x02, 0x00, 0x00, 0x39, 0x02, 0x00, 0x00,
	0x0C, 0x00, 0x06, 0x00, 0x06, 0x00, 0x00, 0x00, 0x3B, 0x02, 0x00, 0x00, 0x01, 0x00, 0x00, 0x00,
	0x04, 0x00, 0x00, 0x00, 0x3A, 0x02, 0x00, 0x00, 0x0C, 0x00, 0x08, 0x00, 0x06, 0x00, 0x00, 0x00,
	0x3C, 0x02, 0x00, 0x00, 0x01, 0x00, 0x00, 0x00, 0x2B, 0x00, 0x00, 0x00, 0x3B, 0x02, 0x00, 0x00,
	0x30, 0x00, 0x00, 0x00, 0x31, 0x00, 0x00, 0x00, 0x3E, 0x00, 0x03, 0x00, 0x37, 0x02, 0x00, 0x00,
	0x3C, 0x02, 0x00, 0x00, 0x3D, 0x00, 0x04, 0x00, 0x06, 0x00, 0x00, 0x00, 0x40, 0x02, 0x00, 0x00,
	0x37, 0x02, 0x00, 0x00, 0x3E, 0x00, 0x03, 0x00, 0x3F, 0x02, 0x00, 0x00, 0x40, 0x02, 0x00, 0x00,
	0x3D, 0x00, 0x04, 0x00, 0x06, 0x00, 0x00, 0x00, 0x42, 0x02, 0x00, 0x00, 0x0C, 0x02, 0x00, 0x00,
	0x3E, 0x00, 0x03, 0x00, 0x41, 0x02, 0x00, 0x00, 0x42, 0x02, 0x00, 0x00, 0x39, 0x00, 0x07, 0x00,
	0x16, 0x00, 0x00, 0x00, 0x43, 0x02, 0x00, 0x00, 0x1B, 0x00, 0x00, 0x00, 0x3E, 0x02, 0x00, 0x00,
	0x3F, 0x02, 0x00, 0x00, 0x41, 0x02, 0x00, 0x00, 0x3E, 0x00, 0x03, 0x00, 0x3D, 0x02, 0x00, 0x00,
	0x43, 0x02, 0x00, 0x00, 0x3D, 0x00, 0x04, 0x00, 0x0A, 0x00, 0x00, 0x00, 0x47, 0x02, 0x00, 0x00,
	0x07, 0x02, 0x00, 0x00, 0x3D, 0x00, 0x04, 0x00, 0x06, 0x00, 0x00, 0x00, 0x48, 0x02, 0x00, 0x00,
	0x0C, 0x02, 0x00, 0x00, 0x83, 0x00, 0x05, 0x00, 0x06, 0x00, 0x00, 0x00, 0x49, 0x02, 0x00, 0x00,
	0x31, 0x00, 0x00, 0x00, 0x48, 0x02, 0x00, 0x00, 0x0C, 0x00, 0x08, 0x00, 0x06, 0x00, 0x00, 0x00,
	0x4A, 0x02, 0x00, 0x00, 0x01, 0x00, 0x00, 0x00, 0x2B, 0x00, 0x00, 0x00, 0x49, 0x02, 0x00, 0x00,
	0x30, 0x00, 0x00, 0x00, 0x31, 0x00, 0x00, 0x00, 0x50, 0x00, 0x06, 0x00, 0x0A, 0x00, 0x00, 0x00,
	0x4B, 0x02, 0x00, 0x00, 0x4A, 0x02, 0x00, 0x00, 0x4A, 0x02, 0x00, 0x00, 0x4A, 0x02, 0x00, 0x00,
	0x0C, 0x00, 0x08, 0x00, 0x0A, 0x00, 0x00, 0x00, 0x4C, 0x02, 0x00, 0x00, 0x01, 0x00, 0x00, 0x00,
	0x2E, 0x00, 0x00, 0x00, 0x46, 0x02, 0x00, 0x00, 0x47, 0x02, 0x00, 0x00, 0x4B, 0x02, 0x00, 0x00,
	0x3E, 0x00, 0x03, 0x00, 0x44, 0x02, 0x00, 0x00, 0x4C, 0x02, 0x00, 0x00, 0x3D, 0x00, 0x04, 0x00,
	0x0A, 0x00, 0x00, 0x00, 0x4D, 0x02, 0x00, 0x00, 0x2B, 0x02, 0x00, 0x00, 0x3D, 0x00, 0x04, 0x00,
	0x0A, 0x00, 0x00, 0x00, 0x4E, 0x02, 0x00, 0x00, 0x44, 0x02, 0x00, 0x00, 0x41, 0x00, 0x05, 0x00,
	0x0C, 0x00, 0x00, 0x00, 0x4F, 0x02, 0x00, 0x00, 0x3D, 0x02, 0x00, 0x00, 0x63, 0x00, 0x00, 0x00,
	0x3D, 0x00, 0x04, 0x00, 0x06, 0x00, 0x00, 0x00, 0x50, 0x02, 0x00, 0x00, 0x4F, 0x02, 0x00, 0x00,
	0x8E, 0x00, 0x05, 0x00, 0x0A, 0x00, 0x00, 0x00, 0x51, 0x02, 0x00, 0x00, 0x4E, 0x02, 0x00, 0x00,
	0x50, 0x02, 0x00, 0x00, 0x41, 0x00, 0x05, 0x00, 0x0C, 0x00, 0x00, 0x00, 0x52, 0x02, 0x00, 0x00,
	0x3D, 0x02, 0x00, 0x00, 0x82, 0x00, 0x00, 0x00, 0x3D, 0x00, 0x04, 0x00, 0x06, 0x00, 0x00, 0x00,
	0x53, 0x02, 0x00, 0x00, 0x52, 0x02, 0x00, 0x00, 0x50, 0x00, 0x06, 0x00, 0x0A, 0x00, 0x00, 0x00,
	0x54, 0x02, 0x00, 0x00, 0x53, 0x02, 0x00, 0x00, 0x53, 0x02, 0x00, 0x00, 0x53, 0x02, 0x00, 0x00,
	0x81, 0x00, 0x05, 0x00, 0x0A, 0x00, 0x00, 0x00, 0x55, 0x02, 0x00, 0x00, 0x51, 0x02, 0x00, 0x00,
	0x54, 0x02, 0x00, 0x00, 0x85, 0x00, 0x05, 0x00, 0x0A, 0x00, 0x00, 0x00, 0x56, 0x02, 0x00, 0x00,
	0x4D, 0x02, 0x00, 0x00, 0x55, 0x02, 0x00, 0x00, 0x3D, 0x00, 0x04, 0x00, 0x0A, 0x00, 0x00, 0x00,
	0x57, 0x02, 0x00, 0x00, 0x14, 0x02, 0x00, 0x00, 0x81, 0x00, 0x05, 0x00, 0x0A, 0x00, 0x00, 0x00,
	0x58, 0x02, 0x00, 0x00, 0x57, 0x02, 0x00, 0x00, 0x56, 0x02, 0x00, 0x00, 0x3E, 0x00, 0x03, 0x00,
	0x14, 0x02, 0x00, 0x00, 0x58, 0x02, 0x00, 0x00, 0xF9, 0x00, 0x02, 0x00, 0x36, 0x02, 0x00, 0x00,
	0xF8, 0x00, 0x02, 0x00, 0x59, 0x02, 0x00, 0x00, 0x3D, 0x00, 0x04, 0x00, 0x0A, 0x00, 0x00, 0x00,
	0x5A, 0x02, 0x00, 0x00, 0x2B, 0x02, 0x00, 0x00, 0x3D, 0x00, 0x04, 0x00, 0x06, 0x00, 0x00, 0x00,
	0x5B, 0x02, 0x00, 0x00, 0x0C, 0x02, 0x00, 0x00, 0x83, 0x00, 0x05, 0x00, 0x06, 0x00, 0x00, 0x00,
	0x5C, 0x02, 0x00, 0x00, 0x31, 0x00, 0x00, 0x00, 0x5B, 0x02, 0x00, 0x00, 0x8E, 0x00, 0x05, 0x00,
	0x0A, 0x00, 0x00, 0x00, 0x5D, 0x02, 0x00, 0x00, 0x5A, 0x02, 0x00, 0x00, 0x5C, 0x02, 0x00, 0x00,
	0x3D, 0x00, 0x04, 0x00, 0x0A, 0x00, 0x00, 0x00, 0x5E, 0x02, 0x00, 0x00, 0x14, 0x02, 0x00, 0x00,
	0x81, 0x00, 0x05, 0x00, 0x0A, 0x00, 0x00, 0x00, 0x5F, 0x02, 0x00, 0x00, 0x5E, 0x02, 0x00, 0x00,
	0x5D, 0x02, 0x00, 0x00, 0x3E, 0x00, 0x03, 0x00, 0x14, 0x02, 0x00, 0x00, 0x5F, 0x02, 0x00, 0x00,
	0xF9, 0x00, 0x02, 0x00, 0x36, 0x02, 0x00, 0x00, 0xF8, 0x00, 0x02, 0x00, 0x36, 0x02, 0x00, 0x00,
	0xF9, 0x00, 0x02, 0x00, 0x25, 0x02, 0x00, 0x00, 0xF8, 0x00, 0x02, 0x00, 0x60, 0x02, 0x00, 0x00,
	0x3D, 0x00, 0x04, 0x00, 0x0A, 0x00, 0x00, 0x00, 0x62, 0x02, 0x00, 0x00, 0x14, 0x02, 0x00, 0x00,
	0x81, 0x00, 0x05, 0x00, 0x0A, 0x00, 0x00, 0x00, 0x63, 0x02, 0x00, 0x00, 0x62, 0x02, 0x00, 0x00,
	0x61, 0x02, 0x00, 0x00, 0x3E, 0x00, 0x03, 0x00, 0x14, 0x02, 0x00, 0x00, 0x63, 0x02, 0x00, 0x00,
	0xF9, 0x00, 0x02, 0x00, 0x25, 0x02, 0x00, 0x00, 0xF8, 0x00, 0x02, 0x00, 0x25, 0x02, 0x00, 0x00,
	0x3D, 0x00, 0x04, 0x00, 0x0A, 0x00, 0x00, 0x00, 0x64, 0x02, 0x00, 0x00, 0x14, 0x02, 0x00, 0x00,
	0x41, 0x00, 0x05, 0x00, 0x0F, 0x02, 0x00, 0x00, 0x65, 0x02, 0x00, 0x00, 0x0E, 0x02, 0x00, 0x00,
	0x63, 0x00, 0x00, 0x00, 0x51, 0x00, 0x05, 0x00, 0x06, 0x00, 0x00, 0x00, 0x66, 0x02, 0x00, 0x00,
	0x64, 0x02, 0x00, 0x00, 0x00, 0x00, 0x00, 0x00, 0x3E, 0x00, 0x03, 0x00, 0x65, 0x02, 0x00, 0x00,
	0x66, 0x02, 0x00, 0x00, 0x41, 0x00, 0x05, 0x00, 0x0F, 0x02, 0x00, 0x00, 0x67, 0x02, 0x00, 0x00,
	0x0E, 0x02, 0x00, 0x00, 0x82, 0x00, 0x00, 0x00, 0x51, 0x00, 0x05, 0x00, 0x06, 0x00, 0x00, 0x00,
	0x68, 0x02, 0x00, 0x00, 0x64, 0x02, 0x00, 0x00, 0x01, 0x00, 0x00, 0x00, 0x3E, 0x00, 0x03, 0x00,
	0x67, 0x02, 0x00, 0x00, 0x68, 0x02, 0x00, 0x00, 0x41, 0x00, 0x05, 0x00, 0x0F, 0x02, 0x00, 0x00,
	0x69, 0x02, 0x00, 0x00, 0x0E, 0x02, 0x00, 0x00, 0x87, 0x00, 0x00, 0x00, 0x51, 0x00, 0x05, 0x00,
	0x06, 0x00, 0x00, 0x00, 0x6A, 0x02, 0x00, 0x00, 0x64, 0x02, 0x00, 0x00, 0x02, 0x00, 0x00, 0x00,
	0x3E, 0x00, 0x03, 0x00, 0x69, 0x02, 0x00, 0x00, 0x6A, 0x02, 0x00, 0x00, 0xFD, 0x00, 0x01, 0x00,
	0x38, 0x00, 0x01, 0x00, 0x36, 0x00, 0x05, 0x00, 0x0A, 0x00, 0x00, 0x00, 0x11, 0x00, 0x00, 0x00,
	0x00, 0x00, 0x00, 0x00, 0x0D, 0x00, 0x00, 0x00, 0x37, 0x00, 0x03, 0x00, 0x09, 0x00, 0x00, 0x00,
	0x0E, 0x00, 0x00, 0x00, 0x37, 0x00, 0x03, 0x00, 0x0B, 0x00, 0x00, 0x00, 0x0F, 0x00, 0x00, 0x00,
	0x37, 0x00, 0x03, 0x00, 0x0C, 0x00, 0x00, 0x00, 0x10, 0x00, 0x00, 0x00, 0xF8, 0x00, 0x02, 0x00,
	0x12, 0x00, 0x00, 0x00, 0x3B, 0x00, 0x04, 0x00, 0x0C, 0x00, 0x00, 0x00, 0x2E, 0x00, 0x00, 0x00,
	0x07, 0x00, 0x00, 0x00, 0x3D, 0x00, 0x04, 0x00, 0x06, 0x00, 0x00, 0x00, 0x2F, 0x00, 0x00, 0x00,
	0x10, 0x00, 0x00, 0x00, 0x0C, 0x00, 0x08, 0x00, 0x06, 0x00, 0x00, 0x00, 0x32, 0x00, 0x00, 0x00,
	0x01, 0x00, 0x00, 0x00, 0x2B, 0x00, 0x00, 0x00, 0x2F, 0x00, 0x00, 0x00, 0x30, 0x00, 0x00, 0x00,
	0x31, 0x00, 0x00, 0x00, 0x85, 0x00, 0x05, 0x00, 0x06, 0x00, 0x00, 0x00, 0x34, 0x00, 0x00, 0x00,
	0x32, 0x00, 0x00, 0x00, 0x33, 0x00, 0x00, 0x00, 0x3E, 0x00, 0x03, 0x00, 0x2E, 0x00, 0x00, 0x00,
	0x34, 0x00, 0x00, 0x00, 0x3D, 0x00, 0x04, 0x00, 0x08, 0x00, 0x00, 0x00, 0x35, 0x00, 0x00, 0x00,
	0x0E, 0x00, 0x00, 0x00, 0x3D, 0x00, 0x04, 0x00, 0x0A, 0x00, 0x00, 0x00, 0x36, 0x00, 0x00, 0x00,
	0x0F, 0x00, 0x00, 0x00, 0x0C, 0x00, 0x06, 0x00, 0x0A, 0x00, 0x00, 0x00, 0x37, 0x00, 0x00, 0x00,
	0x01, 0x00, 0x00, 0x00, 0x45, 0x00, 0x00, 0x00, 0x36, 0x00, 0x00, 0x00, 0x3D, 0x00, 0x04, 0x00,
	0x06, 0x00, 0x00, 0x00, 0x38, 0x00, 0x00, 0x00, 0x2E, 0x00, 0x00, 0x00, 0x58, 0x00, 0x07, 0x00,
	0x39, 0x00, 0x00, 0x00, 0x3A, 0x00, 0x00, 0x00, 0x35, 0x00, 0x00, 0x00, 0x37, 0x00, 0x00, 0x00,
	0x02, 0x00, 0x00, 0x00, 0x38, 0x00, 0x00, 0x00, 0x4F, 0x00, 0x08, 0x00, 0x0A, 0x00, 0x00, 0x00,
	0x3B, 0x00, 0x00, 0x00, 0x3A, 0x00, 0x00, 0x00, 0x3A, 0x00, 0x00, 0x00, 0x00, 0x00, 0x00, 0x00,
	0x01, 0x00, 0x00, 0x00, 0x02, 0x00, 0x00, 0x00, 0xFE, 0x00, 0x02, 0x00, 0x3B, 0x00, 0x00, 0x00,
	0x38, 0x00, 0x01, 0x00, 0x36, 0x00, 0x05, 0x00, 0x16, 0x00, 0x00, 0x00, 0x1B, 0x00, 0x00, 0x00,
	0x00, 0x00, 0x00, 0x00, 0x17, 0x00, 0x00, 0x00, 0x37, 0x00, 0x03, 0x00, 0x15, 0x00, 0x00, 0x00,
	0x18, 0x00, 0x00, 0x00, 0x37, 0x00, 0x03, 0x00, 0x0C, 0x00, 0x00, 0x00, 0x19, 0x00, 0x00, 0x00,
	0x37, 0x00, 0x03, 0x00, 0x0C, 0x00, 0x00, 0x00, 0x1A, 0x00, 0x00, 0x00, 0xF8, 0x00, 0x02, 0x00,
	0x1C, 0x00, 0x00, 0x00, 0x3D, 0x00, 0x04, 0x00, 0x14, 0x00, 0x00, 0x00, 0x3E, 0x00, 0x00, 0x00,
	0x18, 0x00, 0x00, 0x00, 0x3D, 0x00, 0x04, 0x00, 0x06, 0x00, 0x00, 0x00, 0x3F, 0x00, 0x00, 0x00,
	0x19, 0x00, 0x00, 0x00, 0x0C, 0x00, 0x08, 0x00, 0x06, 0x00, 0x00, 0x00, 0x40, 0x00, 0x00, 0x00,
	0x01, 0x00, 0x00, 0x00, 0x2B, 0x00, 0x00, 0x00, 0x3F, 0x00, 0x00, 0x00, 0x30, 0x00, 0x00, 0x00,
	0x31, 0x00, 0x00, 0x00, 0x3D, 0x00, 0x04, 0x00, 0x06, 0x00, 0x00, 0x00, 0x41, 0x00, 0x00, 0x00,
	0x1A, 0x00, 0x00, 0x00, 0x83, 0x00, 0x05, 0x00, 0x06, 0x00, 0x00, 0x00, 0x42, 0x00, 0x00, 0x00,
	0x31, 0x00, 0x00, 0x00, 0x41, 0x00, 0x00, 0x00, 0x0C, 0x00, 0x08, 0x00, 0x06, 0x00, 0x00, 0x00,
	0x43, 0x00, 0x00, 0x00, 0x01, 0x00, 0x00, 0x00, 0x2B, 0x00, 0x00, 0x00, 0x42, 0x00, 0x00, 0x00,
	0x30, 0x00, 0x00, 0x00, 0x31, 0x00, 0x00, 0x00, 0x50, 0x00, 0x05, 0x00, 0x16, 0x00, 0x00, 0x00,
	0x44, 0x00, 0x00, 0x00, 0x40, 0x00, 0x00, 0x00, 0x43, 0x00, 0x00, 0x00, 0x58, 0x00, 0x07, 0x00,
	0x39, 0x00, 0x00, 0x00, 0x45, 0x00, 0x00, 0x00, 0x3E, 0x00, 0x00, 0x00, 0x44, 0x00, 0x00, 0x00,
	0x02, 0x00, 0x00, 0x00, 0x30, 0x00, 0x00, 0x00, 0x4F, 0x00, 0x07, 0x00, 0x16, 0x00, 0x00, 0x00,
	0x46, 0x00, 0x00, 0x00, 0x45, 0x00, 0x00, 0x00, 0x45, 0x00, 0x00, 0x00, 0x00, 0x00, 0x00, 0x00,
	0x01, 0x00, 0x00, 0x00, 0xFE, 0x00, 0x02, 0x00, 0x46, 0x00, 0x00, 0x00, 0x38, 0x00, 0x01, 0x00,
	0x36, 0x00, 0x05, 0x00, 0x0A, 0x00, 0x00, 0x00, 0x1E, 0x00, 0x00, 0x00, 0x00, 0x00, 0x00, 0x00,
	0x1D, 0x00, 0x00, 0x00, 0xF8, 0x00, 0x02, 0x00, 0x1F, 0x00, 0x00, 0x00, 0xFE, 0x00, 0x02, 0x00,
	0x4C, 0x00, 0x00, 0x00, 0x38, 0x00, 0x01, 0x00, 0x36, 0x00, 0x05, 0x00, 0x0A, 0x00, 0x00, 0x00,
	0x20, 0x00, 0x00, 0x00, 0x00, 0x00, 0x00, 0x00, 0x1D, 0x00, 0x00, 0x00, 0xF8, 0x00, 0x02, 0x00,
	0x21, 0x00, 0x00, 0x00, 0x3B, 0x00, 0x04, 0x00, 0x50, 0x00, 0x00, 0x00, 0x51, 0x00, 0x00, 0x00,
	0x07, 0x00, 0x00, 0x00, 0x3B, 0x00, 0x04, 0x00, 0x50, 0x00, 0x00, 0x00, 0x79, 0x00, 0x00, 0x00,
	0x07, 0x00, 0x00, 0x00, 0x44, 0x00, 0x05, 0x00, 0x4F, 0x00, 0x00, 0x00, 0x56, 0x00, 0x00, 0x00,
	0x55, 0x00, 0x00, 0x00, 0x00, 0x00, 0x00, 0x00, 0x7C, 0x00, 0x04, 0x00, 0x57, 0x00, 0x00, 0x00,
	0x58, 0x00, 0x00, 0x00, 0x56, 0x00, 0x00, 0x00, 0x7C, 0x00, 0x04, 0x00, 0x4F, 0x00, 0x00, 0x00,
	0x59, 0x00, 0x00, 0x00, 0x58, 0x00, 0x00, 0x00, 0x86, 0x00, 0x05, 0x00, 0x4F, 0x00, 0x00, 0x00,
	0x5B, 0x00, 0x00, 0x00, 0x59, 0x00, 0x00, 0x00, 0x5A, 0x00, 0x00, 0x00, 0x3E, 0x00, 0x03, 0x00,
	0x51, 0x00, 0x00, 0x00, 0x5B, 0x00, 0x00, 0x00, 0x3D, 0x00, 0x04, 0x00, 0x57, 0x00, 0x00, 0x00,
	0x5E, 0x00, 0x00, 0x00, 0x5D, 0x00, 0x00, 0x00, 0xAB, 0x00, 0x05, 0x00, 0x60, 0x00, 0x00, 0x00,
	0x61, 0x00, 0x00, 0x00, 0x5E, 0x00, 0x00, 0x00, 0x5F, 0x00, 0x00, 0x00, 0x3D, 0x00, 0x04, 0x00,
	0x4F, 0x00, 0x00, 0x00, 0x62, 0x00, 0x00, 0x00, 0x51, 0x00, 0x00, 0x00, 0xAA, 0x00, 0x05, 0x00,
	0x60, 0x00, 0x00, 0x00, 0x64, 0x00, 0x00, 0x00, 0x62, 0x00, 0x00, 0x00, 0x63, 0x00, 0x00, 0x00,
	0xA6, 0x00, 0x05, 0x00, 0x60, 0x00, 0x00, 0x00, 0x65, 0x00, 0x00, 0x00, 0x61, 0x00, 0x00, 0x00,
	0x64, 0x00, 0x00, 0x00, 0xF7, 0x00, 0x03, 0x00, 0x67, 0x00, 0x00, 0x00, 0x00, 0x00, 0x00, 0x00,
	0xFA, 0x00, 0x04, 0x00, 0x65, 0x00, 0x00, 0x00, 0x66, 0x00, 0x00, 0x00, 0x67, 0x00, 0x00, 0x00,
	0xF8, 0x00, 0x02, 0x00, 0x66, 0x00, 0x00, 0x00, 0xFE, 0x00, 0x02, 0x00, 0x69, 0x00, 0x00, 0x00,
	0xF8, 0x00, 0x02, 0x00, 0x67, 0x00, 0x00, 0x00, 0x3D, 0x00, 0x04, 0x00, 0x57, 0x00, 0x00, 0x00,
	0x6C, 0x00, 0x00, 0x00, 0x6B, 0x00, 0x00, 0x00, 0xB1, 0x00, 0x05, 0x00, 0x60, 0x00, 0x00, 0x00,
	0x6D, 0x00, 0x00, 0x00, 0x6C, 0x00, 0x00, 0x00, 0x5F, 0x00, 0x00, 0x00, 0xA8, 0x00, 0x04, 0x00,
	0x60, 0x00, 0x00, 0x00, 0x6E, 0x00, 0x00, 0x00, 0x6D, 0x00, 0x00, 0x00, 0xF7, 0x00, 0x03, 0x00,
	0x70, 0x00, 0x00, 0x00, 0x00, 0x00, 0x00, 0x00, 0xFA, 0x00, 0x04, 0x00, 0x6E, 0x00, 0x00, 0x00,
	0x6F, 0x00, 0x00, 0x00, 0x70, 0x00, 0x00, 0x00, 0xF8, 0x00, 0x02, 0x00, 0x6F, 0x00, 0x00, 0x00,
	0x3D, 0x00, 0x04, 0x00, 0x57, 0x00, 0x00, 0x00, 0x71, 0x00, 0x00, 0x00, 0x6B, 0x00, 0x00, 0x00,
	0x7C, 0x00, 0x04, 0x00, 0x4F, 0x00, 0x00, 0x00, 0x72, 0x00, 0x00, 0x00, 0x71, 0x00, 0x00, 0x00,
	0x3D, 0x00, 0x04, 0x00, 0x4F, 0x00, 0x00, 0x00, 0x73, 0x00, 0x00, 0x00, 0x51, 0x00, 0x00, 0x00,
	0xAE, 0x00, 0x05, 0x00, 0x60, 0x00, 0x00, 0x00, 0x74, 0x00, 0x00, 0x00, 0x72, 0x00, 0x00, 0x00,
	0x73, 0x00, 0x00, 0x00, 0xF9, 0x00, 0x02, 0x00, 0x70, 0x00, 0x00, 0x00, 0xF8, 0x00, 0x02, 0x00,
	0x70, 0x00, 0x00, 0x00, 0xF5, 0x00, 0x07, 0x00, 0x60, 0x00, 0x00, 0x00, 0x75, 0x00, 0x00, 0x00,
	0x6D, 0x00, 0x00, 0x00, 0x67, 0x00, 0x00, 0x00, 0x74, 0x00, 0x00, 0x00, 0x6F, 0x00, 0x00, 0x00,
	0xF7, 0x00, 0x03, 0x00, 0x77, 0x00, 0x00, 0x00, 0x00, 0x00, 0x00, 0x00, 0xFA, 0x00, 0x04, 0x00,
	0x75, 0x00, 0x00, 0x00, 0x76, 0x00, 0x00, 0x00, 0x77, 0x00, 0x00, 0x00, 0xF8, 0x00, 0x02, 0x00,
	0x76, 0x00, 0x00, 0x00, 0xFE, 0x00, 0x02, 0x00, 0x69, 0x00, 0x00, 0x00, 0xF8, 0x00, 0x02, 0x00,
	0x77, 0x00, 0x00, 0x00, 0x3D, 0x00, 0x04, 0x00, 0x57, 0x00, 0x00, 0x00, 0x7A, 0x00, 0x00, 0x00,
	0x6B, 0x00, 0x00, 0x00, 0x7C, 0x00, 0x04, 0x00, 0x4F, 0x00, 0x00, 0x00, 0x7B, 0x00, 0x00, 0x00,
	0x7A, 0x00, 0x00, 0x00, 0x84, 0x00, 0x05, 0x00, 0x4F, 0x00, 0x00, 0x00, 0x7C, 0x00, 0x00, 0x00,
	0x7B, 0x00, 0x00, 0x00, 0x5A, 0x00, 0x00, 0x00, 0x3E, 0x00, 0x03, 0x00, 0x79, 0x00, 0x00, 0x00,
	0x7C, 0x00, 0x00, 0x00, 0x3D, 0x00, 0x04, 0x00, 0x4F, 0x00, 0x00, 0x00, 0x7D, 0x00, 0x00, 0x00,
	0x79, 0x00, 0x00, 0x00, 0x41, 0x00, 0x06, 0x00, 0x7E, 0x00, 0x00, 0x00, 0x7F, 0x00, 0x00, 0x00,
	0x55, 0x00, 0x00, 0x00, 0x5F, 0x00, 0x00, 0x00, 0x7D, 0x00, 0x00, 0x00, 0x3D, 0x00, 0x04, 0x00,
	0x06, 0x00, 0x00, 0x00, 0x80, 0x00, 0x00, 0x00, 0x7F, 0x00, 0x00, 0x00, 0x3D, 0x00, 0x04, 0x00,
	0x4F, 0x00, 0x00, 0x00, 0x81, 0x00, 0x00, 0x00, 0x79, 0x00, 0x00, 0x00, 0x80, 0x00, 0x05, 0x00,
	0x4F, 0x00, 0x00, 0x00, 0x83, 0x00, 0x00, 0x00, 0x81, 0x00, 0x00, 0x00, 0x82, 0x00, 0x00, 0x00,
	0x41, 0x00, 0x06, 0x00, 0x7E, 0x00, 0x00, 0x00, 0x84, 0x00, 0x00, 0x00, 0x55, 0x00, 0x00, 0x00,
	0x5F, 0x00, 0x00, 0x00, 0x83, 0x00, 0x00, 0x00, 0x3D, 0x00, 0x04, 0x00, 0x06, 0x00, 0x00, 0x00,
	0x85, 0x00, 0x00, 0x00, 0x84, 0x00, 0x00, 0x00, 0x3D, 0x00, 0x04, 0x00, 0x4F, 0x00, 0x00, 0x00,
	0x86, 0x00, 0x00, 0x00, 0x79, 0x00, 0x00, 0x00, 0x80, 0x00, 0x05, 0x00, 0x4F, 0x00, 0x00, 0x00,
	0x88, 0x00, 0x00, 0x00, 0x86, 0x00, 0x00, 0x00, 0x87, 0x00, 0x00, 0x00, 0x41, 0x00, 0x06, 0x00,
	0x7E, 0x00, 0x00, 0x00, 0x89, 0x00, 0x00, 0x00, 0x55, 0x00, 0x00, 0x00, 0x5F, 0x00, 0x00, 0x00,
	0x88, 0x00, 0x00, 0x00, 0x3D, 0x00, 0x04, 0x00, 0x06, 0x00, 0x00, 0x00, 0x8A, 0x00, 0x00, 0x00,
	0x89, 0x00, 0x00, 0x00, 0x50, 0x00, 0x06, 0x00, 0x0A, 0x00, 0x00, 0x00, 0x8B, 0x00, 0x00, 0x00,
	0x80, 0x00, 0x00, 0x00, 0x85, 0x00, 0x00, 0x00, 0x8A, 0x00, 0x00, 0x00, 0xFE, 0x00, 0x02, 0x00,
	0x8B, 0x00, 0x00, 0x00, 0x38, 0x00, 0x01, 0x00, 0x36, 0x00, 0x05, 0x00, 0x0A, 0x00, 0x00, 0x00,
	0x22, 0x00, 0x00, 0x00, 0x00, 0x00, 0x00, 0x00, 0x1D, 0x00, 0x00, 0x00, 0xF8, 0x00, 0x02, 0x00,
	0x23, 0x00, 0x00, 0x00, 0x3B, 0x00, 0x04, 0x00, 0x50, 0x00, 0x00, 0x00, 0x8E, 0x00, 0x00, 0x00,
	0x07, 0x00, 0x00, 0x00, 0x3B, 0x00, 0x04, 0x00, 0x50, 0x00, 0x00, 0x00, 0xAD, 0x00, 0x00, 0x00,
	0x07, 0x00, 0x00, 0x00, 0x44, 0x00, 0x05, 0x00, 0x4F, 0x00, 0x00, 0x00, 0x93, 0x00, 0x00, 0x00,
	0x92, 0x00, 0x00, 0x00, 0x00, 0x00, 0x00, 0x00, 0x7C, 0x00, 0x04, 0x00, 0x57, 0x00, 0x00, 0x00,
	0x94, 0x00, 0x00, 0x00, 0x93, 0x00, 0x00, 0x00, 0x7C, 0x00, 0x04, 0x00, 0x4F, 0x00, 0x00, 0x00,
	0x95, 0x00, 0x00, 0x00, 0x94, 0x00, 0x00, 0x00, 0x86, 0x00, 0x05, 0x00, 0x4F, 0x00, 0x00, 0x00,
	0x96, 0x00, 0x00, 0x00, 0x95, 0x00, 0x00, 0x00, 0x5A, 0x00, 0x00, 0x00, 0x3E, 0x00, 0x03, 0x00,
	0x8E, 0x00, 0x00, 0x00, 0x96, 0x00, 0x00, 0x00, 0x3D, 0x00, 0x04, 0x00, 0x57, 0x00, 0x00, 0x00,
	0x97, 0x00, 0x00, 0x00, 0x5D, 0x00, 0x00, 0x00, 0xAB, 0x00, 0x05, 0x00, 0x60, 0x00, 0x00, 0x00,
	0x99, 0x00, 0x00, 0x00, 0x97, 0x00, 0x00, 0x00, 0x98, 0x00, 0x00, 0x00, 0x3D, 0x00, 0x04, 0x00,
	0x4F, 0x00, 0x00, 0x00, 0x9A, 0x00, 0x00, 0x00, 0x8E, 0x00, 0x00, 0x00, 0xAA, 0x00, 0x05, 0x00,
	0x60, 0x00, 0x00, 0x00, 0x9B, 0x00, 0x00, 0x00, 0x9A, 0x00, 0x00, 0x00, 0x63, 0x00, 0x00, 0x00,
	0xA6, 0x00, 0x05, 0x00, 0x60, 0x00, 0x00, 0x00, 0x9C, 0x00, 0x00, 0x00, 0x99, 0x00, 0x00, 0x00,
	0x9B, 0x00, 0x00, 0x00, 0xF7, 0x00, 0x03, 0x00, 0x9E, 0x00, 0x00, 0x00, 0x00, 0x00, 0x00, 0x00,
	0xFA, 0x00, 0x04, 0x00, 0x9C, 0x00, 0x00, 0x00, 0x9D, 0x00, 0x00, 0x00, 0x9E, 0x00, 0x00, 0x00,
	0xF8, 0x00, 0x02, 0x00, 0x9D, 0x00, 0x00, 0x00, 0xFE, 0x00, 0x02, 0x00, 0x69, 0x00, 0x00, 0x00,
	0xF8, 0x00, 0x02, 0x00, 0x9E, 0x00, 0x00, 0x00, 0x3D, 0x00, 0x04, 0x00, 0x57, 0x00, 0x00, 0x00,
	0xA0, 0x00, 0x00, 0x00, 0x6B, 0x00, 0x00, 0x00, 0xB1, 0x00, 0x05, 0x00, 0x60, 0x00, 0x00, 0x00,
	0xA1, 0x00, 0x00, 0x00, 0xA0, 0x00, 0x00, 0x00, 0x5F, 0x00, 0x00, 0x00, 0xA8, 0x00, 0x04, 0x00,
	0x60, 0x00, 0x00, 0x00, 0xA2, 0x00, 0x00, 0x00, 0xA1, 0x00, 0x00, 0x00, 0xF7, 0x00, 0x03, 0x00,
	0xA4, 0x00, 0x00, 0x00, 0x00, 0x00, 0x00, 0x00, 0xFA, 0x00, 0x04, 0x00, 0xA2, 0x00, 0x00, 0x00,
	0xA3, 0x00, 0x00, 0x00, 0xA4, 0x00, 0x00, 0x00, 0xF8, 0x00, 0x02, 0x00, 0xA3, 0x00, 0x00, 0x00,
	0x3D, 0x00, 0x04, 0x00, 0x57, 0x00, 0x00, 0x00, 0xA5, 0x00, 0x00, 0x00, 0x6B, 0x00, 0x00, 0x00,
	0x7C, 0x00, 0x04, 0x00, 0x4F, 0x00, 0x00, 0x00, 0xA6, 0x00, 0x00, 0x00, 0xA5, 0x00, 0x00, 0x00,
	0x3D, 0x00, 0x04, 0x00, 0x4F, 0x00, 0x00, 0x00, 0xA7, 0x00, 0x00, 0x00, 0x8E, 0x00, 0x00, 0x00,
	0xAE, 0x00, 0x05, 0x00, 0x60, 0x00, 0x00, 0x00, 0xA8, 0x00, 0x00, 0x00, 0xA6, 0x00, 0x00, 0x00,
	0xA7, 0x00, 0x00, 0x00, 0xF9, 0x00, 0x02, 0x00, 0xA4, 0x00, 0x00, 0x00, 0xF8, 0x00, 0x02, 0x00,
	0xA4, 0x00, 0x00, 0x00, 0xF5, 0x00, 0x07, 0x00, 0x60, 0x00, 0x00, 0x00, 0xA9, 0x00, 0x00, 0x00,
	0xA1, 0x00, 0x00, 0x00, 0x9E, 0x00, 0x00, 0x00, 0xA8, 0x00, 0x00, 0x00, 0xA3, 0x00, 0x00, 0x00,
	0xF7, 0x00, 0x03, 0x00, 0xAB, 0x00, 0x00, 0x00, 0x00, 0x00, 0x00, 0x00, 0xFA, 0x00, 0x04, 0x00,
	0xA9, 0x00, 0x00, 0x00, 0xAA, 0x00, 0x00, 0x00, 0xAB, 0x00, 0x00, 0x00, 0xF8, 0x00, 0x02, 0x00,
	0xAA, 0x00, 0x00, 0x00, 0xFE, 0x00, 0x02, 0x00, 0x69, 0x00, 0x00, 0x00, 0xF8, 0x00, 0x02, 0x00,
	0xAB, 0x00, 0x00, 0x00, 0x3D, 0x00, 0x04, 0x00, 0x57, 0x00, 0x00, 0x00, 0xAE, 0x00, 0x00, 0x00,
	0x6B, 0x00, 0x00, 0x00, 0x7C, 0x00, 0x04, 0x00, 0x4F, 0x00, 0x00, 0x00, 0xAF, 0x00, 0x00, 0x00,
	0xAE, 0x00, 0x00, 0x00, 0x84, 0x00, 0x05, 0x00, 0x4F, 0x00, 0x00, 0x00, 0xB0, 0x00, 0x00, 0x00,
	0xAF, 0x00, 0x00, 0x00, 0x5A, 0x00, 0x00, 0x00, 0x3E, 0x00, 0x03, 0x00, 0xAD, 0x00, 0x00, 0x00,
	0xB0, 0x00, 0x00, 0x00, 0x3D, 0x00, 0x04, 0x00, 0x4F, 0x00, 0x00, 0x00, 0xB1, 0x00, 0x00, 0x00,
	0xAD, 0x00, 0x00, 0x00, 0x41, 0x00, 0x06, 0x00, 0x7E, 0x00, 0x00, 0x00, 0xB2, 0x00, 0x00, 0x00,
	0x92, 0x00, 0x00, 0x00, 0x5F, 0x00, 0x00, 0x00, 0xB1, 0x00, 0x00, 0x00, 0x3D, 0x00, 0x04, 0x00,
	0x06, 0x00, 0x00, 0x00, 0xB3, 0x00, 0x00, 0x00, 0xB2, 0x00, 0x00, 0x00, 0x3D, 0x00, 0x04, 0x00,
	0x4F, 0x00, 0x00, 0x00, 0xB4, 0x00, 0x00, 0x00, 0xAD, 0x00, 0x00, 0x00, 0x80, 0x00, 0x05, 0x00,
	0x4F, 0x00, 0x00, 0x00, 0xB5, 0x00, 0x00, 0x00, 0xB4, 0x00, 0x00, 0x00, 0x82, 0x00, 0x00, 0x00,
	0x41, 0x00, 0x06, 0x00, 0x7E, 0x00, 0x00, 0x00, 0xB6, 0x00, 0x00, 0x00, 0x92, 0x00, 0x00, 0x00,
	0x5F, 0x00, 0x00, 0x00, 0xB5, 0x00, 0x00, 0x00, 0x3D, 0x00, 0x04, 0x00, 0x06, 0x00, 0x00, 0x00,
	0xB7, 0x00, 0x00, 0x00, 0xB6, 0x00, 0x00, 0x00, 0x3D, 0x00, 0x04, 0x00, 0x4F, 0x00, 0x00, 0x00,
	0xB8, 0x00, 0x00, 0x00, 0xAD, 0x00, 0x00, 0x00, 0x80, 0x00, 0x05, 0x00, 0x4F, 0x00, 0x00, 0x00,
	0xB9, 0x00, 0x00, 0x00, 0xB8, 0x00, 0x00, 0x00, 0x87, 0x00, 0x00, 0x00, 0x41, 0x00, 0x06, 0x00,
	0x7E, 0x00, 0x00, 0x00, 0xBA, 0x00, 0x00, 0x00, 0x92, 0x00, 0x00, 0x00, 0x5F, 0x00, 0x00, 0x00,
	0xB9, 0x00, 0x00, 0x00, 0x3D, 0x00, 0x04, 0x00, 0x06, 0x00, 0x00, 0x00, 0xBB, 0x00, 0x00, 0x00,
	0xBA, 0x00, 0x00, 0x00, 0x50, 0x00, 0x06, 0x00, 0x0A, 0x00, 0x00, 0x00, 0xBC, 0x00, 0x00, 0x00,
	0xB3, 0x00, 0x00, 0x00, 0xB7, 0x00, 0x00, 0x00, 0xBB, 0x00, 0x00, 0x00, 0xFE, 0x00, 0x02, 0x00,
	0xBC, 0x00, 0x00, 0x00, 0x38, 0x00, 0x01, 0x00, 0x36, 0x00, 0x05, 0x00, 0x0A, 0x00, 0x00, 0x00,
	0x24, 0x00, 0x00, 0x00, 0x00, 0x00, 0x00, 0x00, 0x1D, 0x00, 0x00, 0x00, 0xF8, 0x00, 0x02, 0x00,
	0x25, 0x00, 0x00, 0x00, 0x3B, 0x00, 0x04, 0x00, 0x50, 0x00, 0x00, 0x00, 0xBF, 0x00, 0x00, 0x00,
	0x07, 0x00, 0x00, 0x00, 0x3B, 0x00, 0x04, 0x00, 0x50, 0x00, 0x00, 0x00, 0xDE, 0x00, 0x00, 0x00,
	0x07, 0x00, 0x00, 0x00, 0x3B, 0x00, 0x04, 0x00, 0x0B, 0x00, 0x00, 0x00, 0xE2, 0x00, 0x00, 0x00,
	0x07, 0x00, 0x00, 0x00, 0x3B, 0x00, 0x04, 0x00, 0x0C, 0x00, 0x00, 0x00, 0xEF, 0x00, 0x00, 0x00,
	0x07, 0x00, 0x00, 0x00, 0x44, 0x00, 0x05, 0x00, 0x4F, 0x00, 0x00, 0x00, 0xC4, 0x00, 0x00, 0x00,
	0xC3, 0x00, 0x00, 0x00, 0x00, 0x00, 0x00, 0x00, 0x7C, 0x00, 0x04, 0x00, 0x57, 0x00, 0x00, 0x00,
	0xC5, 0x00, 0x00, 0x00, 0xC4, 0x00, 0x00, 0x00, 0x7C, 0x00, 0x04, 0x00, 0x4F, 0x00, 0x00, 0x00,
	0xC6, 0x00, 0x00, 0x00, 0xC5, 0x00, 0x00, 0x00, 0x86, 0x00, 0x05, 0x00, 0x4F, 0x00, 0x00, 0x00,
	0xC7, 0x00, 0x00, 0x00, 0xC6, 0x00, 0x00, 0x00, 0x5A, 0x00, 0x00, 0x00, 0x3E, 0x00, 0x03, 0x00,
	0xBF, 0x00, 0x00, 0x00, 0xC7, 0x00, 0x00, 0x00, 0x3D, 0x00, 0x04, 0x00, 0x57, 0x00, 0x00, 0x00,
	0xC8, 0x00, 0x00, 0x00, 0x5D, 0x00, 0x00, 0x00, 0xAB, 0x00, 0x05, 0x00, 0x60, 0x00, 0x00, 0x00,
	0xC9, 0x00, 0x00, 0x00, 0xC8, 0x00, 0x00, 0x00, 0x5F, 0x00, 0x00, 0x00, 0x3D, 0x00, 0x04, 0x00,
	0x4F, 0x00, 0x00, 0x00, 0xCA, 0x00, 0x00, 0x00, 0xBF, 0x00, 0x00, 0x00, 0xAA, 0x00, 0x05, 0x00,
	0x60, 0x00, 0x00, 0x00, 0xCB, 0x00, 0x00, 0x00, 0xCA, 0x00, 0x00, 0x00, 0x63, 0x00, 0x00, 0x00,
	0xA6, 0x00, 0x05, 0x00, 0x60, 0x00, 0x00, 0x00, 0xCC, 0x00, 0x00, 0x00, 0xC9, 0x00, 0x00, 0x00,
	0xCB, 0x00, 0x00, 0x00, 0xF7, 0x00, 0x03, 0x00, 0xCE, 0x00, 0x00, 0x00, 0x00, 0x00, 0x00, 0x00,
	0xFA, 0x00, 0x04, 0x00, 0xCC, 0x00, 0x00, 0x00, 0xCD, 0x00, 0x00, 0x00, 0xCE, 0x00, 0x00, 0x00,
	0xF8, 0x00, 0x02, 0x00, 0xCD, 0x00, 0x00, 0x00, 0xFE, 0x00, 0x02, 0x00, 0xCF, 0x00, 0x00, 0x00,
	0xF8, 0x00, 0x02, 0x00, 0xCE, 0x00, 0x00, 0x00, 0x3D, 0x00, 0x04, 0x00, 0x57, 0x00, 0x00, 0x00,
	0xD1, 0x00, 0x00, 0x00, 0x6B, 0x00, 0x00, 0x00, 0xB1, 0x00, 0x05, 0x00, 0x60, 0x00, 0x00, 0x00,
	0xD2, 0x00, 0x00, 0x00, 0xD1, 0x00, 0x00, 0x00, 0x5F, 0x00, 0x00, 0x00, 0xA8, 0x00, 0x04, 0x00,
	0x60, 0x00, 0x00, 0x00, 0xD3, 0x00, 0x00, 0x00, 0xD2, 0x00, 0x00, 0x00, 0xF7, 0x00, 0x03, 0x00,
	0xD5, 0x00, 0x00, 0x00, 0x00, 0x00, 0x00, 0x00, 0xFA, 0x00, 0x04, 0x00, 0xD3, 0x00, 0x00, 0x00,
	0xD4, 0x00, 0x00, 0x00, 0xD5, 0x00, 0x00, 0x00, 0xF8, 0x00, 0x02, 0x00, 0xD4, 0x00, 0x00, 0x00,
	0x3D, 0x00, 0x04, 0x00, 0x57, 0x00, 0x00, 0x00, 0xD6, 0x00, 0x00, 0x00, 0x6B, 0x00, 0x00, 0x00,
	0x7C, 0x00, 0x04, 0x00, 0x4F, 0x00, 0x00, 0x00, 0xD7, 0x00, 0x00, 0x00, 0xD6, 0x00, 0x00, 0x00,
	0x3D, 0x00, 0x04, 0x00, 0x4F, 0x00, 0x00, 0x00, 0xD8, 0x00, 0x00, 0x00, 0xBF, 0x00, 0x00, 0x00,
	0xAE, 0x00, 0x05, 0x00, 0x60, 0x00, 0x00, 0x00, 0xD9, 0x00, 0x00, 0x00, 0xD7, 0x00, 0x00, 0x00,
	0xD8, 0x00, 0x00, 0x00, 0xF9, 0x00, 0x02, 0x00, 0xD5, 0x00, 0x00, 0x00, 0xF8, 0x00, 0x02, 0x00,
	0xD5, 0x00, 0x00, 0x00, 0xF5, 0x00, 0x07, 0x00, 0x60, 0x00, 0x00, 0x00, 0xDA, 0x00, 0x00, 0x00,
	0xD2, 0x00, 0x00, 0x00, 0xCE, 0x00, 0x00, 0x00, 0xD9, 0x00, 0x00, 0x00, 0xD4, 0x00, 0x00, 0x00,
	0xF7, 0x00, 0x03, 0x00, 0xDC, 0x00, 0x00, 0x00, 0x00, 0x00, 0x00, 0x00, 0xFA, 0x00, 0x04, 0x00,
	0xDA, 0x00, 0x00, 0x00, 0xDB, 0x00, 0x00, 0x00, 0xDC, 0x00, 0x00, 0x00, 0xF8, 0x00, 0x02, 0x00,
	0xDB, 0x00, 0x00, 0x00, 0xFE, 0x00, 0x02, 0x00, 0xCF, 0x00, 0x00, 0x00, 0xF8, 0x00, 0x02, 0x00,
	0xDC, 0x00, 0x00, 0x00, 0x3D, 0x00, 0x04, 0x00, 0x57, 0x00, 0x00, 0x00, 0xDF, 0x00, 0x00, 0x00,
	0x6B, 0x00, 0x00, 0x00, 0x7C, 0x00, 0x04, 0x00, 0x4F, 0x00, 0x00, 0x00, 0xE0, 0x00, 0x00, 0x00,
	0xDF, 0x00, 0x00, 0x00, 0x84, 0x00, 0x05, 0x00, 0x4F, 0x00, 0x00, 0x00, 0xE1, 0x00, 0x00, 0x00,
	0xE0, 0x00, 0x00, 0x00, 0x5A, 0x00, 0x00, 0x00, 0x3E, 0x00, 0x03, 0x00, 0xDE, 0x00, 0x00, 0x00,
	0xE1, 0x00, 0x00, 0x00, 0x3D, 0x00, 0x04, 0x00, 0x4F, 0x00, 0x00, 0x00, 0xE3, 0x00, 0x00, 0x00,
	0xDE, 0x00, 0x00, 0x00, 0x41, 0x00, 0x06, 0x00, 0x7E, 0x00, 0x00, 0x00, 0xE4, 0x00, 0x00, 0x00,
	0xC3, 0x00, 0x00, 0x00, 0x5F, 0x00, 0x00, 0x00, 0xE3, 0x00, 0x00, 0x00, 0x3D, 0x00, 0x04, 0x00,
	0x06, 0x00, 0x00, 0x00, 0xE5, 0x00, 0x00, 0x00, 0xE4, 0x00, 0x00, 0x00, 0x3D, 0x00, 0x04, 0x00,
	0x4F, 0x00, 0x00, 0x00, 0xE6, 0x00, 0x00, 0x00, 0xDE, 0x00, 0x00, 0x00, 0x80, 0x00, 0x05, 0x00,
	0x4F, 0x00, 0x00, 0x00, 0xE7, 0x00, 0x00, 0x00, 0xE6, 0x00, 0x00, 0x00, 0x82, 0x00, 0x00, 0x00,
	0x41, 0x00, 0x06, 0x00, 0x7E, 0x00, 0x00, 0x00, 0xE8, 0x00, 0x00, 0x00, 0xC3, 0x00, 0x00, 0x00,
	0x5F, 0x00, 0x00, 0x00, 0xE7, 0x00, 0x00, 0x00, 0x3D, 0x00, 0x04, 0x00, 0x06, 0x00, 0x00, 0x00,
	0xE9, 0x00, 0x00, 0x00, 0xE8, 0x00, 0x00, 0x00, 0x3D, 0x00, 0x04, 0x00, 0x4F, 0x00, 0x00, 0x00,
	0xEA, 0x00, 0x00, 0x00, 0xDE, 0x00, 0x00, 0x00, 0x80, 0x00, 0x05, 0x00, 0x4F, 0x00, 0x00, 0x00,
	0xEB, 0x00, 0x00, 0x00, 0xEA, 0x00, 0x00, 0x00, 0x87, 0x00, 0x00, 0x00, 0x41, 0x00, 0x06, 0x00,
	0x7E, 0x00, 0x00, 0x00, 0xEC, 0x00, 0x00, 0x00, 0xC3, 0x00, 0x00, 0x00, 0x5F, 0x00, 0x00, 0x00,
	0xEB, 0x00, 0x00, 0x00, 0x3D, 0x00, 0x04, 0x00, 0x06, 0x00, 0x00, 0x00, 0xED, 0x00, 0x00, 0x00,
	0xEC, 0x00, 0x00, 0x00, 0x50, 0x00, 0x06, 0x00, 0x0A, 0x00, 0x00, 0x00, 0xEE, 0x00, 0x00, 0x00,
	0xE5, 0x00, 0x00, 0x00, 0xE9, 0x00, 0x00, 0x00, 0xED, 0x00, 0x00, 0x00, 0x3E, 0x00, 0x03, 0x00,
	0xE2, 0x00, 0x00, 0x00, 0xEE, 0x00, 0x00, 0x00, 0x3D, 0x00, 0x04, 0x00, 0x0A, 0x00, 0x00, 0x00,
	0xF0, 0x00, 0x00, 0x00, 0xE2, 0x00, 0x00, 0x00, 0x3D, 0x00, 0x04, 0x00, 0x0A, 0x00, 0x00, 0x00,
	0xF1, 0x00, 0x00, 0x00, 0xE2, 0x00, 0x00, 0x00, 0x94, 0x00, 0x05, 0x00, 0x06, 0x00, 0x00, 0x00,
	0xF2, 0x00, 0x00, 0x00, 0xF0, 0x00, 0x00, 0x00, 0xF1, 0x00, 0x00, 0x00, 0x3E, 0x00, 0x03, 0x00,
	0xEF, 0x00, 0x00, 0x00, 0xF2, 0x00, 0x00, 0x00, 0x3D, 0x00, 0x04, 0x00, 0x06, 0x00, 0x00, 0x00,
	0xF3, 0x00, 0x00, 0x00, 0xEF, 0x00, 0x00, 0x00, 0xB8, 0x00, 0x05, 0x00, 0x60, 0x00, 0x00, 0x00,
	0xF5, 0x00, 0x00, 0x00, 0xF3, 0x00, 0x00, 0x00, 0xF4, 0x00, 0x00, 0x00, 0xF7, 0x00, 0x03, 0x00,
	0xF7, 0x00, 0x00, 0x00, 0x00, 0x00, 0x00, 0x00, 0xFA, 0x00, 0x04, 0x00, 0xF5, 0x00, 0x00, 0x00,
	0xF6, 0x00, 0x00, 0x00, 0xF7, 0x00, 0x00, 0x00, 0xF8, 0x00, 0x02, 0x00, 0xF6, 0x00, 0x00, 0x00,
	0xFE, 0x00, 0x02, 0x00, 0xCF, 0x00, 0x00, 0x00, 0xF8, 0x00, 0x02, 0x00, 0xF7, 0x00, 0x00, 0x00,
	0x3D, 0x00, 0x04, 0x00, 0x0A, 0x00, 0x00, 0x00, 0xF9, 0x00, 0x00, 0x00, 0xE2, 0x00, 0x00, 0x00,
	0x3D, 0x00, 0x04, 0x00, 0x06, 0x00, 0x00, 0x00, 0xFA, 0x00, 0x00, 0x00, 0xEF, 0x00, 0x00, 0x00,
	0x0C, 0x00, 0x06, 0x00, 0x06, 0x00, 0x00, 0x00, 0xFB, 0x00, 0x00, 0x00, 0x01, 0x00, 0x00, 0x00,
	0x20, 0x00, 0x00, 0x00, 0xFA, 0x00, 0x00, 0x00, 0x8E, 0x00, 0x05, 0x00, 0x0A, 0x00, 0x00, 0x00,
	0xFC, 0x00, 0x00, 0x00, 0xF9, 0x00, 0x00, 0x00, 0xFB, 0x00, 0x00, 0x00, 0xFE, 0x00, 0x02, 0x00,
	0xFC, 0x00, 0x00, 0x00, 0x38, 0x00, 0x01, 0x00, 0x36, 0x00, 0x05, 0x00, 0x0A, 0x00, 0x00, 0x00,
	0x26, 0x00, 0x00, 0x00, 0x00, 0x00, 0x00, 0x00, 0x1D, 0x00, 0x00, 0x00, 0xF8, 0x00, 0x02, 0x00,
	0x27, 0x00, 0x00, 0x00, 0x3B, 0x00, 0x04, 0x00, 0x50, 0x00, 0x00, 0x00, 0xFF, 0x00, 0x00, 0x00,
	0x07, 0x00, 0x00, 0x00, 0x3B, 0x00, 0x04, 0x00, 0x50, 0x00, 0x00, 0x00, 0x1D, 0x01, 0x00, 0x00,
	0x07, 0x00, 0x00, 0x00, 0x3B, 0x00, 0x04, 0x00, 0x0B, 0x00, 0x00, 0x00, 0x21, 0x01, 0x00, 0x00,
	0x07, 0x00, 0x00, 0x00, 0x3B, 0x00, 0x04, 0x00, 0x0C, 0x00, 0x00, 0x00, 0x2E, 0x01, 0x00, 0x00,
	0x07, 0x00, 0x00, 0x00, 0x44, 0x00, 0x05, 0x00, 0x4F, 0x00, 0x00, 0x00, 0x04, 0x01, 0x00, 0x00,
	0x03, 0x01, 0x00, 0x00, 0x00, 0x00, 0x00, 0x00, 0x7C, 0x00, 0x04, 0x00, 0x57, 0x00, 0x00, 0x00,
	0x05, 0x01, 0x00, 0x00, 0x04, 0x01, 0x00, 0x00, 0x7C, 0x00, 0x04, 0x00, 0x4F, 0x00, 0x00, 0x00,
	0x06, 0x01, 0x00, 0x00, 0x05, 0x01, 0x00, 0x00, 0x86, 0x00, 0x05, 0x00, 0x4F, 0x00, 0x00, 0x00,
	0x07, 0x01, 0x00, 0x00, 0x06, 0x01, 0x00, 0x00, 0x5A, 0x00, 0x00, 0x00, 0x3E, 0x00, 0x03, 0x00,
	0xFF, 0x00, 0x00, 0x00, 0x07, 0x01, 0x00, 0x00, 0x3D, 0x00, 0x04, 0x00, 0x57, 0x00, 0x00, 0x00,
	0x08, 0x01, 0x00, 0x00, 0x5D, 0x00, 0x00, 0x00, 0xAB, 0x00, 0x05, 0x00, 0x60, 0x00, 0x00, 0x00,
	0x09, 0x01, 0x00, 0x00, 0x08, 0x01, 0x00, 0x00, 0x98, 0x00, 0x00, 0x00, 0x3D, 0x00, 0x04, 0x00,
	0x4F, 0x00, 0x00, 0x00, 0x0A, 0x01, 0x00, 0x00, 0xFF, 0x00, 0x00, 0x00, 0xAA, 0x00, 0x05, 0x00,
	0x60, 0x00, 0x00, 0x00, 0x0B, 0x01, 0x00, 0x00, 0x0A, 0x01, 0x00, 0x00, 0x63, 0x00, 0x00, 0x00,
	0xA6, 0x00, 0x05, 0x00, 0x60, 0x00, 0x00, 0x00, 0x0C, 0x01, 0x00, 0x00, 0x09, 0x01, 0x00, 0x00,
	0x0B, 0x01, 0x00, 0x00, 0xF7, 0x00, 0x03, 0x00, 0x0E, 0x01, 0x00, 0x00, 0x00, 0x00, 0x00, 0x00,
	0xFA, 0x00, 0x04, 0x00, 0x0C, 0x01, 0x00, 0x00, 0x0D, 0x01, 0x00, 0x00, 0x0E, 0x01, 0x00, 0x00,
	0xF8, 0x00, 0x02, 0x00, 0x0D, 0x01, 0x00, 0x00, 0xFE, 0x00, 0x02, 0x00, 0xCF, 0x00, 0x00, 0x00,
	0xF8, 0x00, 0x02, 0x00, 0x0E, 0x01, 0x00, 0x00, 0x3D, 0x00, 0x04, 0x00, 0x57, 0x00, 0x00, 0x00,
	0x10, 0x01, 0x00, 0x00, 0x6B, 0x00, 0x00, 0x00, 0xB1, 0x00, 0x05, 0x00, 0x60, 0x00, 0x00, 0x00,
	0x11, 0x01, 0x00, 0x00, 0x10, 0x01, 0x00, 0x00, 0x5F, 0x00, 0x00, 0x00, 0xA8, 0x00, 0x04, 0x00,
	0x60, 0x00, 0x00, 0x00, 0x12, 0x01, 0x00, 0x00, 0x11, 0x01, 0x00, 0x00, 0xF7, 0x00, 0x03, 0x00,
	0x14, 0x01, 0x00, 0x00, 0x00, 0x00, 0x00, 0x00, 0xFA, 0x00, 0x04, 0x00, 0x12, 0x01, 0x00, 0x00,
	0x13, 0x01, 0x00, 0x00, 0x14, 0x01, 0x00, 0x00, 0xF8, 0x00, 0x02, 0x00, 0x13, 0x01, 0x00, 0x00,
	0x3D, 0x00, 0x04, 0x00, 0x57, 0x00, 0x00, 0x00, 0x15, 0x01, 0x00, 0x00, 0x6B, 0x00, 0x00, 0x00,
	0x7C, 0x00, 0x04, 0x00, 0x4F, 0x00, 0x00, 0x00, 0x16, 0x01, 0x00, 0x00, 0x15, 0x01, 0x00, 0x00,
	0x3D, 0x00, 0x04, 0x00, 0x4F, 0x00, 0x00, 0x00, 0x17, 0x01, 0x00, 0x00, 0xFF, 0x00, 0x00, 0x00,
	0xAE, 0x00, 0x05, 0x00, 0x60, 0x00, 0x00, 0x00, 0x18, 0x01, 0x00, 0x00, 0x16, 0x01, 0x00, 0x00,
	0x17, 0x01, 0x00, 0x00, 0xF9, 0x00, 0x02, 0x00, 0x14, 0x01, 0x00, 0x00, 0xF8, 0x00, 0x02, 0x00,
	0x14, 0x01, 0x00, 0x00, 0xF5, 0x00, 0x07, 0x00, 0x60, 0x00, 0x00, 0x00, 0x19, 0x01, 0x00, 0x00,
	0x11, 0x01, 0x00, 0x00, 0x0E, 0x01, 0x00, 0x00, 0x18, 0x01, 0x00, 0x00, 0x13, 0x01, 0x00, 0x00,
	0xF7, 0x00, 0x03, 0x00, 0x1B, 0x01, 0x00, 0x00, 0x00, 0x00, 0x00, 0x00, 0xFA, 0x00, 0x04, 0x00,
	0x19, 0x01, 0x00, 0x00, 0x1A, 0x01, 0x00, 0x00, 0x1B, 0x01, 0x00, 0x00, 0xF8, 0x00, 0x02, 0x00,
	0x1A, 0x01, 0x00, 0x00, 0xFE, 0x00, 0x02, 0x00, 0xCF, 0x00, 0x00, 0x00, 0xF8, 0x00, 0x02, 0x00,
	0x1B, 0x01, 0x00, 0x00, 0x3D, 0x00, 0x04, 0x00, 0x57, 0x00, 0x00, 0x00, 0x1E, 0x01, 0x00, 0x00,
	0x6B, 0x00, 0x00, 0x00, 0x7C, 0x00, 0x04, 0x00, 0x4F, 0x00, 0x00, 0x00, 0x1F, 0x01, 0x00, 0x00,
	0x1E, 0x01, 0x00, 0x00, 0x84, 0x00, 0x05, 0x00, 0x4F, 0x00, 0x00, 0x00, 0x20, 0x01, 0x00, 0x00,
	0x1F, 0x01, 0x00, 0x00, 0x5A, 0x00, 0x00, 0x00, 0x3E, 0x00, 0x03, 0x00, 0x1D, 0x01, 0x00, 0x00,
	0x20, 0x01, 0x00, 0x00, 0x3D, 0x00, 0x04, 0x00, 0x4F, 0x00, 0x00, 0x00, 0x22, 0x01, 0x00, 0x00,
	0x1D, 0x01, 0x00, 0x00, 0x41, 0x00, 0x06, 0x00, 0x7E, 0x00, 0x00, 0x00, 0x23, 0x01, 0x00, 0x00,
	0x03, 0x01, 0x00, 0x00, 0x5F, 0x00, 0x00, 0x00, 0x22, 0x01, 0x00, 0x00, 0x3D, 0x00, 0x04, 0x00,
	0x06, 0x00, 0x00, 0x00, 0x24, 0x01, 0x00, 0x00, 0x23, 0x01, 0x00, 0x00, 0x3D, 0x00, 0x04, 0x00,
	0x4F, 0x00, 0x00, 0x00, 0x25, 0x01, 0x00, 0x00, 0x1D, 0x01, 0x00, 0x00, 0x80, 0x00, 0x05, 0x00,
	0x4F, 0x00, 0x00, 0x00, 0x26, 0x01, 0x00, 0x00, 0x25, 0x01, 0x00, 0x00, 0x82, 0x00, 0x00, 0x00,
	0x41, 0x00, 0x06, 0x00, 0x7E, 0x00, 0x00, 0x00, 0x27, 0x01, 0x00, 0x00, 0x03, 0x01, 0x00, 0x00,
	0x5F, 0x00, 0x00, 0x00, 0x26, 0x01, 0x00, 0x00, 0x3D, 0x00, 0x04, 0x00, 0x06, 0x00, 0x00, 0x00,
	0x28, 0x01, 0x00, 0x00, 0x27, 0x01, 0x00, 0x00, 0x3D, 0x00, 0x04, 0x00, 0x4F, 0x00, 0x00, 0x00,
	0x29, 0x01, 0x00, 0x00, 0x1D, 0x01, 0x00, 0x00, 0x80, 0x00, 0x05, 0x00, 0x4F, 0x00, 0x00, 0x00,
	0x2A, 0x01, 0x00, 0x00, 0x29, 0x01, 0x00, 0x00, 0x87, 0x00, 0x00, 0x00, 0x41, 0x00, 0x06, 0x00,
	0x7E, 0x00, 0x00, 0x00, 0x2B, 0x01, 0x00, 0x00, 0x03, 0x01, 0x00, 0x00, 0x5F, 0x00, 0x00, 0x00,
	0x2A, 0x01, 0x00, 0x00, 0x3D, 0x00, 0x04, 0x00, 0x06, 0x00, 0x00, 0x00, 0x2C, 0x01, 0x00, 0x00,
	0x2B, 0x01, 0x00, 0x00, 0x50, 0x00, 0x06, 0x00, 0x0A, 0x00, 0x00, 0x00, 0x2D, 0x01, 0x00, 0x00,
	0x24, 0x01, 0x00, 0x00, 0x28, 0x01, 0x00, 0x00, 0x2C, 0x01, 0x00, 0x00, 0x3E, 0x00, 0x03, 0x00,
	0x21, 0x01, 0x00, 0x00, 0x2D, 0x01, 0x00, 0x00, 0x3D, 0x00, 0x04, 0x00, 0x0A, 0x00, 0x00, 0x00,
	0x2F, 0x01, 0x00, 0x00, 0x21, 0x01, 0x00, 0x00, 0x3D, 0x00, 0x04, 0x00, 0x0A, 0x00, 0x00, 0x00,
	0x30, 0x01, 0x00, 0x00, 0x21, 0x01, 0x00, 0x00, 0x94, 0x00, 0x05, 0x00, 0x06, 0x00, 0x00, 0x00,
	0x31, 0x01, 0x00, 0x00, 0x2F, 0x01, 0x00, 0x00, 0x30, 0x01, 0x00, 0x00, 0x3E, 0x00, 0x03, 0x00,
	0x2E, 0x01, 0x00, 0x00, 0x31, 0x01, 0x00, 0x00, 0x3D, 0x00, 0x04, 0x00, 0x06, 0x00, 0x00, 0x00,
	0x32, 0x01, 0x00, 0x00, 0x2E, 0x01, 0x00, 0x00, 0xB8, 0x00, 0x05, 0x00, 0x60, 0x00, 0x00, 0x00,
	0x33, 0x01, 0x00, 0x00, 0x32, 0x01, 0x00, 0x00, 0xF4, 0x00, 0x00, 0x00, 0xF7, 0x00, 0x03, 0x00,
	0x35, 0x01, 0x00, 0x00, 0x00, 0x00, 0x00, 0x00, 0xFA, 0x00, 0x04, 0x00, 0x33, 0x01, 0x00, 0x00,
	0x34, 0x01, 0x00, 0x00, 0x35, 0x01, 0x00, 0x00, 0xF8, 0x00, 0x02, 0x00, 0x34, 0x01, 0x00, 0x00,
	0xFE, 0x00, 0x02, 0x00, 0xCF, 0x00, 0x00, 0x00, 0xF8, 0x00, 0x02, 0x00, 0x35, 0x01, 0x00, 0x00,
	0x3D, 0x00, 0x04, 0x00, 0x0A, 0x00, 0x00, 0x00, 0x37, 0x01, 0x00, 0x00, 0x21, 0x01, 0x00, 0x00,
	0x3D, 0x00, 0x04, 0x00, 0x06, 0x00, 0x00, 0x00, 0x38, 0x01, 0x00, 0x00, 0x2E, 0x01, 0x00, 0x00,
	0x0C, 0x00, 0x06, 0x00, 0x06, 0x00, 0x00, 0x00, 0x39, 0x01, 0x00, 0x00, 0x01, 0x00, 0x00, 0x00,
	0x20, 0x00, 0x00, 0x00, 0x38, 0x01, 0x00, 0x00, 0x8E, 0x00, 0x05, 0x00, 0x0A, 0x00, 0x00, 0x00,
	0x3A, 0x01, 0x00, 0x00, 0x37, 0x01, 0x00, 0x00, 0x39, 0x01, 0x00, 0x00, 0xFE, 0x00, 0x02, 0x00,
	0x3A, 0x01, 0x00, 0x00, 0x38, 0x00, 0x01, 0x00, 0x36, 0x00, 0x05, 0x00, 0x0A, 0x00, 0x00, 0x00,
	0x28, 0x00, 0x00, 0x00, 0x00, 0x00, 0x00, 0x00, 0x1D, 0x00, 0x00, 0x00, 0xF8, 0x00, 0x02, 0x00,
	0x29, 0x00, 0x00, 0x00, 0x3B, 0x00, 0x04, 0x00, 0x0B, 0x00, 0x00, 0x00, 0x3D, 0x01, 0x00, 0x00,
	0x07, 0x00, 0x00, 0x00, 0x3B, 0x00, 0x04, 0x00, 0x0B, 0x00, 0x00, 0x00, 0x46, 0x01, 0x00, 0x00,
	0x07, 0x00, 0x00, 0x00, 0x39, 0x00, 0x04, 0x00, 0x0A, 0x00, 0x00, 0x00, 0x3E, 0x01, 0x00, 0x00,
	0x24, 0x00, 0x00, 0x00, 0x3E, 0x00, 0x03, 0x00, 0x3D, 0x01, 0x00, 0x00, 0x3E, 0x01, 0x00, 0x00,
	0x3D, 0x00, 0x04, 0x00, 0x0A, 0x00, 0x00, 0x00, 0x3F, 0x01, 0x00, 0x00, 0x3D, 0x01, 0x00, 0x00,
	0x3D, 0x00, 0x04, 0x00, 0x0A, 0x00, 0x00, 0x00, 0x40, 0x01, 0x00, 0x00, 0x3D, 0x01, 0x00, 0x00,
	0x94, 0x00, 0x05, 0x00, 0x06, 0x00, 0x00, 0x00, 0x41, 0x01, 0x00, 0x00, 0x3F, 0x01, 0x00, 0x00,
	0x40, 0x01, 0x00, 0x00, 0xB8, 0x00, 0x05, 0x00, 0x60, 0x00, 0x00, 0x00, 0x42, 0x01, 0x00, 0x00,
	0x41, 0x01, 0x00, 0x00, 0xF4, 0x00, 0x00, 0x00, 0xF7, 0x00, 0x03, 0x00, 0x44, 0x01, 0x00, 0x00,
	0x00, 0x00, 0x00, 0x00, 0xFA, 0x00, 0x04, 0x00, 0x42, 0x01, 0x00, 0x00, 0x43, 0x01, 0x00, 0x00,
	0x44, 0x01, 0x00, 0x00, 0xF8, 0x00, 0x02, 0x00, 0x43, 0x01, 0x00, 0x00, 0x39, 0x00, 0x04, 0x00,
	0x0A, 0x00, 0x00, 0x00, 0x45, 0x01, 0x00, 0x00, 0x26, 0x00, 0x00, 0x00, 0x3E, 0x00, 0x03, 0x00,
	0x3D, 0x01, 0x00, 0x00, 0x45, 0x01, 0x00, 0x00, 0xF9, 0x00, 0x02, 0x00, 0x44, 0x01, 0x00, 0x00,
	0xF8, 0x00, 0x02, 0x00, 0x44, 0x01, 0x00, 0x00, 0x3D, 0x00, 0x04, 0x00, 0x0A, 0x00, 0x00, 0x00,
	0x49, 0x01, 0x00, 0x00, 0x48, 0x01, 0x00, 0x00, 0x7F, 0x00, 0x04, 0x00, 0x0A, 0x00, 0x00, 0x00,
	0x4A, 0x01, 0x00, 0x00, 0x49, 0x01, 0x00, 0x00, 0x0C, 0x00, 0x06, 0x00, 0x0A, 0x00, 0x00, 0x00,
	0x4B, 0x01, 0x00, 0x00, 0x01, 0x00, 0x00, 0x00, 0x45, 0x00, 0x00, 0x00, 0x4A, 0x01, 0x00, 0x00,
	0x3E, 0x00, 0x03, 0x00, 0x46, 0x01, 0x00, 0x00, 0x4B, 0x01, 0x00, 0x00, 0x3D, 0x00, 0x04, 0x00,
	0x0A, 0x00, 0x00, 0x00, 0x4C, 0x01, 0x00, 0x00, 0x3D, 0x01, 0x00, 0x00, 0x3D, 0x00, 0x04, 0x00,
	0x0A, 0x00, 0x00, 0x00, 0x4D, 0x01, 0x00, 0x00, 0x3D, 0x01, 0x00, 0x00, 0x94, 0x00, 0x05, 0x00,
	0x06, 0x00, 0x00, 0x00, 0x4E, 0x01, 0x00, 0x00, 0x4C, 0x01, 0x00, 0x00, 0x4D, 0x01, 0x00, 0x00,
	0xB8, 0x00, 0x05, 0x00, 0x60, 0x00, 0x00, 0x00, 0x4F, 0x01, 0x00, 0x00, 0x4E, 0x01, 0x00, 0x00,
	0xF4, 0x00, 0x00, 0x00, 0xF7, 0x00, 0x03, 0x00, 0x51, 0x01, 0x00, 0x00, 0x00, 0x00, 0x00, 0x00,
	0xFA, 0x00, 0x04, 0x00, 0x4F, 0x01, 0x00, 0x00, 0x50, 0x01, 0x00, 0x00, 0x51, 0x01, 0x00, 0x00,
	0xF8, 0x00, 0x02, 0x00, 0x50, 0x01, 0x00, 0x00, 0x3D, 0x00, 0x04, 0x00, 0x0A, 0x00, 0x00, 0x00,
	0x52, 0x01, 0x00, 0x00, 0x46, 0x01, 0x00, 0x00, 0xFE, 0x00, 0x02, 0x00, 0x52, 0x01, 0x00, 0x00,
	0xF8, 0x00, 0x02, 0x00, 0x51, 0x01, 0x00, 0x00, 0x3D, 0x00, 0x04, 0x00, 0x0A, 0x00, 0x00, 0x00,
	0x54, 0x01, 0x00, 0x00, 0x3D, 0x01, 0x00, 0x00, 0x3D, 0x00, 0x04, 0x00, 0x0A, 0x00, 0x00, 0x00,
	0x55, 0x01, 0x00, 0x00, 0x46, 0x01, 0x00, 0x00, 0x94, 0x00, 0x05, 0x00, 0x06, 0x00, 0x00, 0x00,
	0x56, 0x01, 0x00, 0x00, 0x54, 0x01, 0x00, 0x00, 0x55, 0x01, 0x00, 0x00, 0xB8, 0x00, 0x05, 0x00,
	0x60, 0x00, 0x00, 0x00, 0x57, 0x01, 0x00, 0x00, 0x56, 0x01, 0x00, 0x00, 0x30, 0x00, 0x00, 0x00,
	0xF7, 0x00, 0x03, 0x00, 0x59, 0x01, 0x00, 0x00, 0x00, 0x00, 0x00, 0x00, 0xFA, 0x00, 0x04, 0x00,
	0x57, 0x01, 0x00, 0x00, 0x58, 0x01, 0x00, 0x00, 0x59, 0x01, 0x00, 0x00, 0xF8, 0x00, 0x02, 0x00,
	0x58, 0x01, 0x00, 0x00, 0x3D, 0x00, 0x04, 0x00, 0x0A, 0x00, 0x00, 0x00, 0x5A, 0x01, 0x00, 0x00,
	0x3D, 0x01, 0x00, 0x00, 0x7F, 0x00, 0x04, 0x00, 0x0A, 0x00, 0x00, 0x00, 0x5B, 0x01, 0x00, 0x00,
	0x5A, 0x01, 0x00, 0x00, 0x3E, 0x00, 0x03, 0x00, 0x3D, 0x01, 0x00, 0x00, 0x5B, 0x01, 0x00, 0x00,
	0xF9, 0x00, 0x02, 0x00, 0x59, 0x01, 0x00, 0x00, 0xF8, 0x00, 0x02, 0x00, 0x59, 0x01, 0x00, 0x00,
	0x3D, 0x00, 0x04, 0x00, 0x0A, 0x00, 0x00, 0x00, 0x5C, 0x01, 0x00, 0x00, 0x3D, 0x01, 0x00, 0x00,
	0xFE, 0x00, 0x02, 0x00, 0x5C, 0x01, 0x00, 0x00, 0x38, 0x00, 0x01, 0x00, 0x36, 0x00, 0x05, 0x00,
	0x0A, 0x00, 0x00, 0x00, 0x2C, 0x00, 0x00, 0x00, 0x00, 0x00, 0x00, 0x00, 0x2A, 0x00, 0x00, 0x00,
	0x37, 0x00, 0x03, 0x00, 0x15, 0x00, 0x00, 0x00, 0x2B, 0x00, 0x00, 0x00, 0xF8, 0x00, 0x02, 0x00,
	0x2D, 0x00, 0x00, 0x00, 0x3B, 0x00, 0x04, 0x00, 0x50, 0x00, 0x00, 0x00, 0x63, 0x01, 0x00, 0x00,
	0x07, 0x00, 0x00, 0x00, 0x3B, 0x00, 0x04, 0x00, 0x50, 0x00, 0x00, 0x00, 0x6C, 0x01, 0x00, 0x00,
	0x07, 0x00, 0x00, 0x00, 0x3B, 0x00, 0x04, 0x00, 0x50, 0x00, 0x00, 0x00, 0x78, 0x01, 0x00, 0x00,
	0x07, 0x00, 0x00, 0x00, 0x3B, 0x00, 0x04, 0x00, 0x82, 0x01, 0x00, 0x00, 0x83, 0x01, 0x00, 0x00,
	0x07, 0x00, 0x00, 0x00, 0x3B, 0x00, 0x04, 0x00, 0x0B, 0x00, 0x00, 0x00, 0x94, 0x01, 0x00, 0x00,
	0x07, 0x00, 0x00, 0x00, 0x3B, 0x00, 0x04, 0x00, 0x0C, 0x00, 0x00, 0x00, 0xB1, 0x01, 0x00, 0x00,
	0x07, 0x00, 0x00, 0x00, 0x3B, 0x00, 0x04, 0x00, 0x0B, 0x00, 0x00, 0x00, 0xB5, 0x01, 0x00, 0x00,
	0x07, 0x00, 0x00, 0x00, 0x3B, 0x00, 0x04, 0x00, 0xBC, 0x01, 0x00, 0x00, 0xBD, 0x01, 0x00, 0x00,
	0x07, 0x00, 0x00, 0x00, 0x3B, 0x00, 0x04, 0x00, 0x82, 0x01, 0x00, 0x00, 0xD1, 0x01, 0x00, 0x00,
	0x07, 0x00, 0x00, 0x00, 0x3B, 0x00, 0x04, 0x00, 0x0B, 0x00, 0x00, 0x00, 0xF7, 0x01, 0x00, 0x00,
	0x07, 0x00, 0x00, 0x00, 0x3D, 0x00, 0x04, 0x00, 0x57, 0x00, 0x00, 0x00, 0x5F, 0x01, 0x00, 0x00,
	0x5D, 0x00, 0x00, 0x00, 0xAA, 0x00, 0x05, 0x00, 0x60, 0x00, 0x00, 0x00, 0x60, 0x01, 0x00, 0x00,
	0x5F, 0x01, 0x00, 0x00, 0x5F, 0x00, 0x00, 0x00, 0xF7, 0x00, 0x03, 0x00, 0x62, 0x01, 0x00, 0x00,
	0x00, 0x00, 0x00, 0x00, 0xFA, 0x00, 0x04, 0x00, 0x60, 0x01, 0x00, 0x00, 0x61, 0x01, 0x00, 0x00,
	0x62, 0x01, 0x00, 0x00, 0xF8, 0x00, 0x02, 0x00, 0x61, 0x01, 0x00, 0x00, 0x44, 0x00, 0x05, 0x00,
	0x4F, 0x00, 0x00, 0x00, 0x69, 0x01, 0x00, 0x00, 0x68, 0x01, 0x00, 0x00, 0x00, 0x00, 0x00, 0x00,
	0x7C, 0x00, 0x04, 0x00, 0x57, 0x00, 0x00, 0x00, 0x6A, 0x01, 0x00, 0x00, 0x69, 0x01, 0x00, 0x00,
	0x7C, 0x00, 0x04, 0x00, 0x4F, 0x00, 0x00, 0x00, 0x6B, 0x01, 0x00, 0x00, 0x6A, 0x01, 0x00, 0x00,
	0x3E, 0x00, 0x03, 0x00, 0x63, 0x01, 0x00, 0x00, 0x6B, 0x01, 0x00, 0x00, 0x3D, 0x00, 0x04, 0x00,
	0x57, 0x00, 0x00, 0x00, 0x6D, 0x01, 0x00, 0x00, 0x6B, 0x00, 0x00, 0x00, 0x0C, 0x00, 0x07, 0x00,
	0x57, 0x00, 0x00, 0x00, 0x6E, 0x01, 0x00, 0x00, 0x01, 0x00, 0x00, 0x00, 0x2A, 0x00, 0x00, 0x00,
	0x6D, 0x01, 0x00, 0x00, 0x5F, 0x00, 0x00, 0x00, 0x7C, 0x00, 0x04, 0x00, 0x4F, 0x00, 0x00, 0x00,
	0x6F, 0x01, 0x00, 0x00, 0x6E, 0x01, 0x00, 0x00, 0x3E, 0x00, 0x03, 0x00, 0x6C, 0x01, 0x00, 0x00,
	0x6F, 0x01, 0x00, 0x00, 0x3D, 0x00, 0x04, 0x00, 0x4F, 0x00, 0x00, 0x00, 0x70, 0x01, 0x00, 0x00,
	0x63, 0x01, 0x00, 0x00, 0xAC, 0x00, 0x05, 0x00, 0x60, 0x00, 0x00, 0x00, 0x71, 0x01, 0x00, 0x00,
	0x70, 0x01, 0x00, 0x00, 0x63, 0x00, 0x00, 0x00, 0x3D, 0x00, 0x04, 0x00, 0x4F, 0x00, 0x00, 0x00,
	0x72, 0x01, 0x00, 0x00, 0x6C, 0x01, 0x00, 0x00, 0x3D, 0x00, 0x04, 0x00, 0x4F, 0x00, 0x00, 0x00,
	0x73, 0x01, 0x00, 0x00, 0x63, 0x01, 0x00, 0x00, 0xB0, 0x00, 0x05, 0x00, 0x60, 0x00, 0x00, 0x00,
	0x74, 0x01, 0x00, 0x00, 0x72, 0x01, 0x00, 0x00, 0x73, 0x01, 0x00, 0x00, 0xA7, 0x00, 0x05, 0x00,
	0x60, 0x00, 0x00, 0x00, 0x75, 0x01, 0x00, 0x00, 0x71, 0x01, 0x00, 0x00, 0x74, 0x01, 0x00, 0x00,
	0xF7, 0x00, 0x03, 0x00, 0x77, 0x01, 0x00, 0x00, 0x00, 0x00, 0x00, 0x00, 0xFA, 0x00, 0x04, 0x00,
	0x75, 0x01, 0x00, 0x00, 0x76, 0x01, 0x00, 0x00, 0x77, 0x01, 0x00, 0x00, 0xF8, 0x00, 0x02, 0x00,
	0x76, 0x01, 0x00, 0x00, 0x3D, 0x00, 0x04, 0x00, 0x4F, 0x00, 0x00, 0x00, 0x79, 0x01, 0x00, 0x00,
	0x6C, 0x01, 0x00, 0x00, 0x41, 0x00, 0x07, 0x00, 0x7A, 0x01, 0x00, 0x00, 0x7B, 0x01, 0x00, 0x00,
	0x68, 0x01, 0x00, 0x00, 0x5F, 0x00, 0x00, 0x00, 0x79, 0x01, 0x00, 0x00, 0x5F, 0x00, 0x00, 0x00,
	0x3D, 0x00, 0x04, 0x00, 0x4F, 0x00, 0x00, 0x00, 0x7C, 0x01, 0x00, 0x00, 0x7B, 0x01, 0x00, 0x00,
	0x3E, 0x00, 0x03, 0x00, 0x78, 0x01, 0x00, 0x00, 0x7C, 0x01, 0x00, 0x00, 0x3D, 0x00, 0x04, 0x00,
	0x4F, 0x00, 0x00, 0x00, 0x7D, 0x01, 0x00, 0x00, 0x78, 0x01, 0x00, 0x00, 0xAB, 0x00, 0x05, 0x00,
	0x60, 0x00, 0x00, 0x00, 0x7F, 0x01, 0x00, 0x00, 0x7D, 0x01, 0x00, 0x00, 0x7E, 0x01, 0x00, 0x00,
	0xF7, 0x00, 0x03, 0x00, 0x81, 0x01, 0x00, 0x00, 0x00, 0x00, 0x00, 0x00, 0xFA, 0x00, 0x04, 0x00,
	0x7F, 0x01, 0x00, 0x00, 0x80, 0x01, 0x00, 0x00, 0x81, 0x01, 0x00, 0x00, 0xF8, 0x00, 0x02, 0x00,
	0x80, 0x01, 0x00, 0x00, 0x3D, 0x00, 0x04, 0x00, 0x14, 0x00, 0x00, 0x00, 0x85, 0x01, 0x00, 0x00,
	0x84, 0x01, 0x00, 0x00, 0x64, 0x00, 0x04, 0x00, 0x13, 0x00, 0x00, 0x00, 0x86, 0x01, 0x00, 0x00,
	0x85, 0x01, 0x00, 0x00, 0x67, 0x00, 0x05, 0x00, 0x87, 0x01, 0x00, 0x00, 0x88, 0x01, 0x00, 0x00,
	0x86, 0x01, 0x00, 0x00, 0x5F, 0x00, 0x00, 0x00, 0x6F, 0x00, 0x04, 0x00, 0x16, 0x00, 0x00, 0x00,
	0x89, 0x01, 0x00, 0x00, 0x88, 0x01, 0x00, 0x00, 0x3E, 0x00, 0x03, 0x00, 0x83, 0x01, 0x00, 0x00,
	0x89, 0x01, 0x00, 0x00, 0x41, 0x00, 0x05, 0x00, 0x0C, 0x00, 0x00, 0x00, 0x8A, 0x01, 0x00, 0x00,
	0x83, 0x01, 0x00, 0x00, 0x63, 0x00, 0x00, 0x00, 0x3D, 0x00, 0x04, 0x00, 0x06, 0x00, 0x00, 0x00,
	0x8B, 0x01, 0x00, 0x00, 0x8A, 0x01, 0x00, 0x00, 0xB8, 0x00, 0x05, 0x00, 0x60, 0x00, 0x00, 0x00,
	0x8C, 0x01, 0x00, 0x00, 0x8B, 0x01, 0x00, 0x00, 0x30, 0x00, 0x00, 0x00, 0xF7, 0x00, 0x03, 0x00,
	0x8E, 0x01, 0x00, 0x00, 0x00, 0x00, 0x00, 0x00, 0xFA, 0x00, 0x04, 0x00, 0x8C, 0x01, 0x00, 0x00,
	0x8D, 0x01, 0x00, 0x00, 0x8E, 0x01, 0x00, 0x00, 0xF8, 0x00, 0x02, 0x00, 0x8D, 0x01, 0x00, 0x00,
	0x3D, 0x00, 0x04, 0x00, 0x16, 0x00, 0x00, 0x00, 0x8F, 0x01, 0x00, 0x00, 0x83, 0x01, 0x00, 0x00,
	0x51, 0x00, 0x05, 0x00, 0x06, 0x00, 0x00, 0x00, 0x90, 0x01, 0x00, 0x00, 0x8F, 0x01, 0x00, 0x00,
	0x00, 0x00, 0x00, 0x00, 0x51, 0x00, 0x05, 0x00, 0x06, 0x00, 0x00, 0x00, 0x91, 0x01, 0x00, 0x00,
	0x8F, 0x01, 0x00, 0x00, 0x01, 0x00, 0x00, 0x00, 0x50, 0x00, 0x06, 0x00, 0x0A, 0x00, 0x00, 0x00,
	0x92, 0x01, 0x00, 0x00, 0x90, 0x01, 0x00, 0x00, 0x91, 0x01, 0x00, 0x00, 0x30, 0x00, 0x00, 0x00,
	0xFE, 0x00, 0x02, 0x00, 0x92, 0x01, 0x00, 0x00, 0xF8, 0x00, 0x02, 0x00, 0x8E, 0x01, 0x00, 0x00,
	0xF9, 0x00, 0x02, 0x00, 0x81, 0x01, 0x00, 0x00, 0xF8, 0x00, 0x02, 0x00, 0x81, 0x01, 0x00, 0x00,
	0xF9, 0x00, 0x02, 0x00, 0x77, 0x01, 0x00, 0x00, 0xF8, 0x00, 0x02, 0x00, 0x77, 0x01, 0x00, 0x00,
	0xF9, 0x00, 0x02, 0x00, 0x62, 0x01, 0x00, 0x00, 0xF8, 0x00, 0x02, 0x00, 0x62, 0x01, 0x00, 0x00,
	0x39, 0x00, 0x04, 0x00, 0x0A, 0x00, 0x00, 0x00, 0x95, 0x01, 0x00, 0x00, 0x20, 0x00, 0x00, 0x00,
	0x3E, 0x00, 0x03, 0x00, 0x94, 0x01, 0x00, 0x00, 0x95, 0x01, 0x00, 0x00, 0x41, 0x00, 0x05, 0x00,
	0x0C, 0x00, 0x00, 0x00, 0x96, 0x01, 0x00, 0x00, 0x94, 0x01, 0x00, 0x00, 0x63, 0x00, 0x00, 0x00,
	0x3D, 0x00, 0x04, 0x00, 0x06, 0x00, 0x00, 0x00, 0x97, 0x01, 0x00, 0x00, 0x96, 0x01, 0x00, 0x00,
	0xB8, 0x00, 0x05, 0x00, 0x60, 0x00, 0x00, 0x00, 0x98, 0x01, 0x00, 0x00, 0x97, 0x01, 0x00, 0x00,
	0x30, 0x00, 0x00, 0x00, 0xF7, 0x00, 0x03, 0x00, 0x9A, 0x01, 0x00, 0x00, 0x00, 0x00, 0x00, 0x00,
	0xFA, 0x00, 0x04, 0x00, 0x98, 0x01, 0x00, 0x00, 0x99, 0x01, 0x00, 0x00, 0x9A, 0x01, 0x00, 0x00,
	0xF8, 0x00, 0x02, 0x00, 0x99, 0x01, 0x00, 0x00, 0x39, 0x00, 0x04, 0x00, 0x0A, 0x00, 0x00, 0x00,
	0x9B, 0x01, 0x00, 0x00, 0x22, 0x00, 0x00, 0x00, 0x3E, 0x00, 0x03, 0x00, 0x94, 0x01, 0x00, 0x00,
	0x9B, 0x01, 0x00, 0x00, 0xF9, 0x00, 0x02, 0x00, 0x9A, 0x01, 0x00, 0x00, 0xF8, 0x00, 0x02, 0x00,
	0x9A, 0x01, 0x00, 0x00, 0x41, 0x00, 0x05, 0x00, 0x0C, 0x00, 0x00, 0x00, 0x9C, 0x01, 0x00, 0x00,
	0x94, 0x01, 0x00, 0x00, 0x63, 0x00, 0x00, 0x00, 0x3D, 0x00, 0x04, 0x00, 0x06, 0x00, 0x00, 0x00,
	0x9D, 0x01, 0x00, 0x00, 0x9C, 0x01, 0x00, 0x00, 0xBE, 0x00, 0x05, 0x00, 0x60, 0x00, 0x00, 0x00,
	0x9E, 0x01, 0x00, 0x00, 0x9D, 0x01, 0x00, 0x00, 0x30, 0x00, 0x00, 0x00, 0xF7, 0x00, 0x03, 0x00,
	0xA0, 0x01, 0x00, 0x00, 0x00, 0x00, 0x00, 0x00, 0xFA, 0x00, 0x04, 0x00, 0x9E, 0x01, 0x00, 0x00,
	0x9F, 0x01, 0x00, 0x00, 0xA0, 0x01, 0x00, 0x00, 0xF8, 0x00, 0x02, 0x00, 0x9F, 0x01, 0x00, 0x00,
	0x3D, 0x00, 0x04, 0x00, 0x0A, 0x00, 0x00, 0x00, 0xA1, 0x01, 0x00, 0x00, 0x94, 0x01, 0x00, 0x00,
	0xFE, 0x00, 0x02, 0x00, 0xA1, 0x01, 0x00, 0x00, 0xF8, 0x00, 0x02, 0x00, 0xA0, 0x01, 0x00, 0x00,
	0x41, 0x00, 0x06, 0x00, 0xA8, 0x01, 0x00, 0x00, 0xA9, 0x01, 0x00, 0x00, 0xA6, 0x01, 0x00, 0x00,
	0xA7, 0x01, 0x00, 0x00, 0x87, 0x00, 0x00, 0x00, 0x3D, 0x00, 0x04, 0x00, 0x06, 0x00, 0x00, 0x00,
	0xAA, 0x01, 0x00, 0x00, 0xA9, 0x01, 0x00, 0x00, 0xBC, 0x00, 0x05, 0x00, 0x60, 0x00, 0x00, 0x00,
	0xAC, 0x01, 0x00, 0x00, 0xAA, 0x01, 0x00, 0x00, 0xAB, 0x01, 0x00, 0x00, 0xF7, 0x00, 0x03, 0x00,
	0xAE, 0x01, 0x00, 0x00, 0x00, 0x00, 0x00, 0x00, 0xFA, 0x00, 0x04, 0x00, 0xAC, 0x01, 0x00, 0x00,
	0xAD, 0x01, 0x00, 0x00, 0xAE, 0x01, 0x00, 0x00, 0xF8, 0x00, 0x02, 0x00, 0xAD, 0x01, 0x00, 0x00,
	0x39, 0x00, 0x04, 0x00, 0x0A, 0x00, 0x00, 0x00, 0xAF, 0x01, 0x00, 0x00, 0x1E, 0x00, 0x00, 0x00,
	0xFE, 0x00, 0x02, 0x00, 0xAF, 0x01, 0x00, 0x00, 0xF8, 0x00, 0x02, 0x00, 0xAE, 0x01, 0x00, 0x00,
	0x3D, 0x00, 0x04, 0x00, 0x06, 0x00, 0x00, 0x00, 0xB4, 0x01, 0x00, 0x00, 0xB3, 0x01, 0x00, 0x00,
	0x3E, 0x00, 0x03, 0x00, 0xB1, 0x01, 0x00, 0x00, 0xB4, 0x01, 0x00, 0x00, 0x3D, 0x00, 0x04, 0x00,
	0x0A, 0x00, 0x00, 0x00, 0xB7, 0x01, 0x00, 0x00, 0xB6, 0x01, 0x00, 0x00, 0x3D, 0x00, 0x04, 0x00,
	0x0A, 0x00, 0x00, 0x00, 0xB8, 0x01, 0x00, 0x00, 0x48, 0x01, 0x00, 0x00, 0x3D, 0x00, 0x04, 0x00,
	0x06, 0x00, 0x00, 0x00, 0xB9, 0x01, 0x00, 0x00, 0xB1, 0x01, 0x00, 0x00, 0x8E, 0x00, 0x05, 0x00,
	0x0A, 0x00, 0x00, 0x00, 0xBA, 0x01, 0x00, 0x00, 0xB8, 0x01, 0x00, 0x00, 0xB9, 0x01, 0x00, 0x00,
	0x81, 0x00, 0x05, 0x00, 0x0A, 0x00, 0x00, 0x00, 0xBB, 0x01, 0x00, 0x00, 0xB7, 0x01, 0x00, 0x00,
	0xBA, 0x01, 0x00, 0x00, 0x3E, 0x00, 0x03, 0x00, 0xB5, 0x01, 0x00, 0x00, 0xBB, 0x01, 0x00, 0x00,
	0x41, 0x00, 0x05, 0x00, 0xBF, 0x01, 0x00, 0x00, 0xC0, 0x01, 0x00, 0x00, 0xA6, 0x01, 0x00, 0x00,
	0xBE, 0x01, 0x00, 0x00, 0x3D, 0x00, 0x04, 0x00, 0xA3, 0x01, 0x00, 0x00, 0xC1, 0x01, 0x00, 0x00,
	0xC0, 0x01, 0x00, 0x00, 0x3D, 0x00, 0x04, 0x00, 0x0A, 0x00, 0x00, 0x00, 0xC2, 0x01, 0x00, 0x00,
	0xB5, 0x01, 0x00, 0x00, 0x51, 0x00, 0x05, 0x00, 0x06, 0x00, 0x00, 0x00, 0xC3, 0x01, 0x00, 0x00,
	0xC2, 0x01, 0x00, 0x00, 0x00, 0x00, 0x00, 0x00, 0x51, 0x00, 0x05, 0x00, 0x06, 0x00, 0x00, 0x00,
	0xC4, 0x01, 0x00, 0x00, 0xC2, 0x01, 0x00, 0x00, 0x01, 0x00, 0x00, 0x00, 0x51, 0x00, 0x05, 0x00,
	0x06, 0x00, 0x00, 0x00, 0xC5, 0x01, 0x00, 0x00, 0xC2, 0x01, 0x00, 0x00, 0x02, 0x00, 0x00, 0x00,
	0x50, 0x00, 0x07, 0x00, 0x39, 0x00, 0x00, 0x00, 0xC6, 0x01, 0x00, 0x00, 0xC3, 0x01, 0x00, 0x00,
	0xC4, 0x01, 0x00, 0x00, 0xC5, 0x01, 0x00, 0x00, 0x31, 0x00, 0x00, 0x00, 0x91, 0x00, 0x05, 0x00,
	0x39, 0x00, 0x00, 0x00, 0xC7, 0x01, 0x00, 0x00, 0xC1, 0x01, 0x00, 0x00, 0xC6, 0x01, 0x00, 0x00,
	0x3E, 0x00, 0x03, 0x00, 0xBD, 0x01, 0x00, 0x00, 0xC7, 0x01, 0x00, 0x00, 0x41, 0x00, 0x05, 0x00,
	0x0C, 0x00, 0x00, 0x00, 0xC8, 0x01, 0x00, 0x00, 0xBD, 0x01, 0x00, 0x00, 0x5A, 0x00, 0x00, 0x00,
	0x3D, 0x00, 0x04, 0x00, 0x06, 0x00, 0x00, 0x00, 0xC9, 0x01, 0x00, 0x00, 0xC8, 0x01, 0x00, 0x00,
	0x0C, 0x00, 0x06, 0x00, 0x06, 0x00, 0x00, 0x00, 0xCA, 0x01, 0x00, 0x00, 0x01, 0x00, 0x00, 0x00,
	0x04, 0x00, 0x00, 0x00, 0xC9, 0x01, 0x00, 0x00, 0xB8, 0x00, 0x05, 0x00, 0x60, 0x00, 0x00, 0x00,
	0xCC, 0x01, 0x00, 0x00, 0xCA, 0x01, 0x00, 0x00, 0xCB, 0x01, 0x00, 0x00, 0xF7, 0x00, 0x03, 0x00,
	0xCE, 0x01, 0x00, 0x00, 0x00, 0x00, 0x00, 0x00, 0xFA, 0x00, 0x04, 0x00, 0xCC, 0x01, 0x00, 0x00,
	0xCD, 0x01, 0x00, 0x00, 0xCE, 0x01, 0x00, 0x00, 0xF8, 0x00, 0x02, 0x00, 0xCD, 0x01, 0x00, 0x00,
	0x39, 0x00, 0x04, 0x00, 0x0A, 0x00, 0x00, 0x00, 0xCF, 0x01, 0x00, 0x00, 0x1E, 0x00, 0x00, 0x00,
	0xFE, 0x00, 0x02, 0x00, 0xCF, 0x01, 0x00, 0x00, 0xF8, 0x00, 0x02, 0x00, 0xCE, 0x01, 0x00, 0x00,
	0x3D, 0x00, 0x04, 0x00, 0x39, 0x00, 0x00, 0x00, 0xD2, 0x01, 0x00, 0x00, 0xBD, 0x01, 0x00, 0x00,
	0x4F, 0x00, 0x07, 0x00, 0x16, 0x00, 0x00, 0x00, 0xD3, 0x01, 0x00, 0x00, 0xD2, 0x01, 0x00, 0x00,
	0xD2, 0x01, 0x00, 0x00, 0x00, 0x00, 0x00, 0x00, 0x01, 0x00, 0x00, 0x00, 0x41, 0x00, 0x05, 0x00,
	0x0C, 0x00, 0x00, 0x00, 0xD4, 0x01, 0x00, 0x00, 0xBD, 0x01, 0x00, 0x00, 0x5A, 0x00, 0x00, 0x00,
	0x3D, 0x00, 0x04, 0x00, 0x06, 0x00, 0x00, 0x00, 0xD5, 0x01, 0x00, 0x00, 0xD4, 0x01, 0x00, 0x00,
	0x50, 0x00, 0x05, 0x00, 0x16, 0x00, 0x00, 0x00, 0xD6, 0x01, 0x00, 0x00, 0xD5, 0x01, 0x00, 0x00,
	0xD5, 0x01, 0x00, 0x00, 0x88, 0x00, 0x05, 0x00, 0x16, 0x00, 0x00, 0x00, 0xD7, 0x01, 0x00, 0x00,
	0xD3, 0x01, 0x00, 0x00, 0xD6, 0x01, 0x00, 0x00, 0x8E, 0x00, 0x05, 0x00, 0x16, 0x00, 0x00, 0x00,
	0xD8, 0x01, 0x00, 0x00, 0xD7, 0x01, 0x00, 0x00, 0xAB, 0x01, 0x00, 0x00, 0x50, 0x00, 0x05, 0x00,
	0x16, 0x00, 0x00, 0x00, 0xD9, 0x01, 0x00, 0x00, 0xAB, 0x01, 0x00, 0x00, 0xAB, 0x01, 0x00, 0x00,
	0x81, 0x00, 0x05, 0x00, 0x16, 0x00, 0x00, 0x00, 0xDA, 0x01, 0x00, 0x00, 0xD8, 0x01, 0x00, 0x00,
	0xD9, 0x01, 0x00, 0x00, 0x3E, 0x00, 0x03, 0x00, 0xD1, 0x01, 0x00, 0x00, 0xDA, 0x01, 0x00, 0x00,
	0x41, 0x00, 0x05, 0x00, 0x0C, 0x00, 0x00, 0x00, 0xDB, 0x01, 0x00, 0x00, 0xD1, 0x01, 0x00, 0x00,
	0x63, 0x00, 0x00, 0x00, 0x3D, 0x00, 0x04, 0x00, 0x06, 0x00, 0x00, 0x00, 0xDC, 0x01, 0x00, 0x00,
	0xDB, 0x01, 0x00, 0x00, 0xB8, 0x00, 0x05, 0x00, 0x60, 0x00, 0x00, 0x00, 0xDD, 0x01, 0x00, 0x00,
	0xDC, 0x01, 0x00, 0x00, 0x30, 0x00, 0x00, 0x00, 0xA8, 0x00, 0x04, 0x00, 0x60, 0x00, 0x00, 0x00,
	0xDE, 0x01, 0x00, 0x00, 0xDD, 0x01, 0x00, 0x00, 0xF7, 0x00, 0x03, 0x00, 0xE0, 0x01, 0x00, 0x00,
	0x00, 0x00, 0x00, 0x00, 0xFA, 0x00, 0x04, 0x00, 0xDE, 0x01, 0x00, 0x00, 0xDF, 0x01, 0x00, 0x00,
	0xE0, 0x01, 0x00, 0x00, 0xF8, 0x00, 0x02, 0x00, 0xDF, 0x01, 0x00, 0x00, 0x41, 0x00, 0x05, 0x00,
	0x0C, 0x00, 0x00, 0x00, 0xE1, 0x01, 0x00, 0x00, 0xD1, 0x01, 0x00, 0x00, 0x63, 0x00, 0x00, 0x00,
	0x3D, 0x00, 0x04, 0x00, 0x06, 0x00, 0x00, 0x00, 0xE2, 0x01, 0x00, 0x00, 0xE1, 0x01, 0x00, 0x00,
	0xBA, 0x00, 0x05, 0x00, 0x60, 0x00, 0x00, 0x00, 0xE3, 0x01, 0x00, 0x00, 0xE2, 0x01, 0x00, 0x00,
	0x31, 0x00, 0x00, 0x00, 0xF9, 0x00, 0x02, 0x00, 0xE0, 0x01, 0x00, 0x00, 0xF8, 0x00, 0x02, 0x00,
	0xE0, 0x01, 0x00, 0x00, 0xF5, 0x00, 0x07, 0x00, 0x60, 0x00, 0x00, 0x00, 0xE4, 0x01, 0x00, 0x00,
	0xDD, 0x01, 0x00, 0x00, 0xCE, 0x01, 0x00, 0x00, 0xE3, 0x01, 0x00, 0x00, 0xDF, 0x01, 0x00, 0x00,
	0xA8, 0x00, 0x04, 0x00, 0x60, 0x00, 0x00, 0x00, 0xE5, 0x01, 0x00, 0x00, 0xE4, 0x01, 0x00, 0x00,
	0xF7, 0x00, 0x03, 0x00, 0xE7, 0x01, 0x00, 0x00, 0x00, 0x00, 0x00, 0x00, 0xFA, 0x00, 0x04, 0x00,
	0xE5, 0x01, 0x00, 0x00, 0xE6, 0x01, 0x00, 0x00, 0xE7, 0x01, 0x00, 0x00, 0xF8, 0x00, 0x02, 0x00,
	0xE6, 0x01, 0x00, 0x00, 0x41, 0x00, 0x05, 0x00, 0x0C, 0x00, 0x00, 0x00, 0xE8, 0x01, 0x00, 0x00,
	0xD1, 0x01, 0x00, 0x00, 0x82, 0x00, 0x00, 0x00, 0x3D, 0x00, 0x04, 0x00, 0x06, 0x00, 0x00, 0x00,
	0xE9, 0x01, 0x00, 0x00, 0xE8, 0x01, 0x00, 0x00, 0xB8, 0x00, 0x05, 0x00, 0x60, 0x00, 0x00, 0x00,
	0xEA, 0x01, 0x00, 0x00, 0xE9, 0x01, 0x00, 0x00, 0x30, 0x00, 0x00, 0x00, 0xF9, 0x00, 0x02, 0x00,
	0xE7, 0x01, 0x00, 0x00, 0xF8, 0x00, 0x02, 0x00, 0xE7, 0x01, 0x00, 0x00, 0xF5, 0x00, 0x07, 0x00,
	0x60, 0x00, 0x00, 0x00, 0xEB, 0x01, 0x00, 0x00, 0xE4, 0x01, 0x00, 0x00, 0xE0, 0x01, 0x00, 0x00,
	0xEA, 0x01, 0x00, 0x00, 0xE6, 0x01, 0x00, 0x00, 0xA8, 0x00, 0x04, 0x00, 0x60, 0x00, 0x00, 0x00,
	0xEC, 0x01, 0x00, 0x00, 0xEB, 0x01, 0x00, 0x00, 0xF7, 0x00, 0x03, 0x00, 0xEE, 0x01, 0x00, 0x00,
	0x00, 0x00, 0x00, 0x00, 0xFA, 0x00, 0x04, 0x00, 0xEC, 0x01, 0x00, 0x00, 0xED, 0x01, 0x00, 0x00,
	0xEE, 0x01, 0x00, 0x00, 0xF8, 0x00, 0x02, 0x00, 0xED, 0x01, 0x00, 0x00, 0x41, 0x00, 0x05, 0x00,
	0x0C, 0x00, 0x00, 0x00, 0xEF, 0x01, 0x00, 0x00, 0xD1, 0x01, 0x00, 0x00, 0x82, 0x00, 0x00, 0x00,
	0x3D, 0x00, 0x04, 0x00, 0x06, 0x00, 0x00, 0x00, 0xF0, 0x01, 0x00, 0x00, 0xEF, 0x01, 0x00, 0x00,
	0xBA, 0x00, 0x05, 0x00, 0x60, 0x00, 0x00, 0x00, 0xF1, 0x01, 0x00, 0x00, 0xF0, 0x01, 0x00, 0x00,
	0x31, 0x00, 0x00, 0x00, 0xF9, 0x00, 0x02, 0x00, 0xEE, 0x01, 0x00, 0x00, 0xF8, 0x00, 0x02, 0x00,
	0xEE, 0x01, 0x00, 0x00, 0xF5, 0x00, 0x07, 0x00, 0x60, 0x00, 0x00, 0x00, 0xF2, 0x01, 0x00, 0x00,
	0xEB, 0x01, 0x00, 0x00, 0xE7, 0x01, 0x00, 0x00, 0xF1, 0x01, 0x00, 0x00, 0xED, 0x01, 0x00, 0x00,
	0xF7, 0x00, 0x03, 0x00, 0xF4, 0x01, 0x00, 0x00, 0x00, 0x00, 0x00, 0x00, 0xFA, 0x00, 0x04, 0x00,
	0xF2, 0x01, 0x00, 0x00, 0xF3, 0x01, 0x00, 0x00, 0xF4, 0x01, 0x00, 0x00, 0xF8, 0x00, 0x02, 0x00,
	0xF3, 0x01, 0x00, 0x00, 0x39, 0x00, 0x04, 0x00, 0x0A, 0x00, 0x00, 0x00, 0xF5, 0x01, 0x00, 0x00,
	0x1E, 0x00, 0x00, 0x00, 0xFE, 0x00, 0x02, 0x00, 0xF5, 0x01, 0x00, 0x00, 0xF8, 0x00, 0x02, 0x00,
	0xF4, 0x01, 0x00, 0x00, 0x3D, 0x00, 0x04, 0x00, 0x14, 0x00, 0x00, 0x00, 0xF8, 0x01, 0x00, 0x00,
	0x2B, 0x00, 0x00, 0x00, 0x3D, 0x00, 0x04, 0x00, 0x16, 0x00, 0x00, 0x00, 0xF9, 0x01, 0x00, 0x00,
	0xD1, 0x01, 0x00, 0x00, 0x58, 0x00, 0x07, 0x00, 0x39, 0x00, 0x00, 0x00, 0xFA, 0x01, 0x00, 0x00,
	0xF8, 0x01, 0x00, 0x00, 0xF9, 0x01, 0x00, 0x00, 0x02, 0x00, 0x00, 0x00, 0x30, 0x00, 0x00, 0x00,
	0x4F, 0x00, 0x08, 0x00, 0x0A, 0x00, 0x00, 0x00, 0xFB, 0x01, 0x00, 0x00, 0xFA, 0x01, 0x00, 0x00,
	0xFA, 0x01, 0x00, 0x00, 0x00, 0x00, 0x00, 0x00, 0x01, 0x00, 0x00, 0x00, 0x02, 0x00, 0x00, 0x00,
	0x3E, 0x00, 0x03, 0x00, 0xF7, 0x01, 0x00, 0x00, 0xFB, 0x01, 0x00, 0x00, 0x3D, 0x00, 0x04, 0x00,
	0x0A, 0x00, 0x00, 0x00, 0xFC, 0x01, 0x00, 0x00, 0xF7, 0x01, 0x00, 0x00, 0x3D, 0x00, 0x04, 0x00,
	0x0A, 0x00, 0x00, 0x00, 0xFD, 0x01, 0x00, 0x00, 0xF7, 0x01, 0x00, 0x00, 0x94, 0x00, 0x05, 0x00,
	0x06, 0x00, 0x00, 0x00, 0xFE, 0x01, 0x00, 0x00, 0xFC, 0x01, 0x00, 0x00, 0xFD, 0x01, 0x00, 0x00,
	0xB8, 0x00, 0x05, 0x00, 0x60, 0x00, 0x00, 0x00, 0xFF, 0x01, 0x00, 0x00, 0xFE, 0x01, 0x00, 0x00,
	0xCB, 0x01, 0x00, 0x00, 0xF7, 0x00, 0x03, 0x00, 0x01, 0x02, 0x00, 0x00, 0x00, 0x00, 0x00, 0x00,
	0xFA, 0x00, 0x04, 0x00, 0xFF, 0x01, 0x00, 0x00, 0x00, 0x02, 0x00, 0x00, 0x01, 0x02, 0x00, 0x00,
	0xF8, 0x00, 0x02, 0x00, 0x00, 0x02, 0x00, 0x00, 0x39, 0x00, 0x04, 0x00, 0x0A, 0x00, 0x00, 0x00,
	0x02, 0x02, 0x00, 0x00, 0x1E, 0x00, 0x00, 0x00, 0xFE, 0x00, 0x02, 0x00, 0x02, 0x02, 0x00, 0x00,
	0xF8, 0x00, 0x02, 0x00, 0x01, 0x02, 0x00, 0x00, 0x3D, 0x00, 0x04, 0x00, 0x0A, 0x00, 0x00, 0x00,
	0x04, 0x02, 0x00, 0x00, 0xF7, 0x01, 0x00, 0x00, 0xFE, 0x00, 0x02, 0x00, 0x04, 0x02, 0x00, 0x00,
	0x38, 0x00, 0x01, 0x00
};
#define VK_HYBRID1_SPEC_RCHIT_SPV_SIZE (15284u)

/* hybrid1_diffuse_rgen_spv.spv 6648 bytes */
static const uint8_t vk_hybrid1_diffuse_rgen_spv[] = {
	0x03, 0x02, 0x23, 0x07, 0x00, 0x05, 0x01, 0x00, 0x0B, 0x00, 0x08, 0x00, 0xFE, 0x00, 0x00, 0x00,
	0x00, 0x00, 0x00, 0x00, 0x11, 0x00, 0x02, 0x00, 0x7F, 0x11, 0x00, 0x00, 0x0A, 0x00, 0x06, 0x00,
	0x53, 0x50, 0x56, 0x5F, 0x4B, 0x48, 0x52, 0x5F, 0x72, 0x61, 0x79, 0x5F, 0x74, 0x72, 0x61, 0x63,
	0x69, 0x6E, 0x67, 0x00, 0x0B, 0x00, 0x06, 0x00, 0x01, 0x00, 0x00, 0x00, 0x47, 0x4C, 0x53, 0x4C,
	0x2E, 0x73, 0x74, 0x64, 0x2E, 0x34, 0x35, 0x30, 0x00, 0x00, 0x00, 0x00, 0x0E, 0x00, 0x03, 0x00,
	0x00, 0x00, 0x00, 0x00, 0x01, 0x00, 0x00, 0x00, 0x0F, 0x00, 0x0C, 0x00, 0xC1, 0x14, 0x00, 0x00,
	0x04, 0x00, 0x00, 0x00, 0x6D, 0x61, 0x69, 0x6E, 0x00, 0x00, 0x00, 0x00, 0x0E, 0x00, 0x00, 0x00,
	0x1C, 0x00, 0x00, 0x00, 0x2B, 0x00, 0x00, 0x00, 0x3C, 0x00, 0x00, 0x00, 0x6E, 0x00, 0x00, 0x00,
	0xDC, 0x00, 0x00, 0x00, 0xE0, 0x00, 0x00, 0x00, 0x03, 0x00, 0x03, 0x00, 0x02, 0x00, 0x00, 0x00,
	0xCC, 0x01, 0x00, 0x00, 0x04, 0x00, 0x06, 0x00, 0x47, 0x4C, 0x5F, 0x45, 0x58, 0x54, 0x5F, 0x72,
	0x61, 0x79, 0x5F, 0x74, 0x72, 0x61, 0x63, 0x69, 0x6E, 0x67, 0x00, 0x00, 0x04, 0x00, 0x0A, 0x00,
	0x47, 0x4C, 0x5F, 0x47, 0x4F, 0x4F, 0x47, 0x4C, 0x45, 0x5F, 0x63, 0x70, 0x70, 0x5F, 0x73, 0x74,
	0x79, 0x6C, 0x65, 0x5F, 0x6C, 0x69, 0x6E, 0x65, 0x5F, 0x64, 0x69, 0x72, 0x65, 0x63, 0x74, 0x69,
	0x76, 0x65, 0x00, 0x00, 0x04, 0x00, 0x08, 0x00, 0x47, 0x4C, 0x5F, 0x47, 0x4F, 0x4F, 0x47, 0x4C,
	0x45, 0x5F, 0x69, 0x6E, 0x63, 0x6C, 0x75, 0x64, 0x65, 0x5F, 0x64, 0x69, 0x72, 0x65, 0x63, 0x74,
	0x69, 0x76, 0x65, 0x00, 0x05, 0x00, 0x04, 0x00, 0x04, 0x00, 0x00, 0x00, 0x6D, 0x61, 0x69, 0x6E,
	0x00, 0x00, 0x00, 0x00, 0x05, 0x00, 0x04, 0x00, 0x09, 0x00, 0x00, 0x00, 0x65, 0x78, 0x74, 0x65,
	0x6E, 0x74, 0x00, 0x00, 0x05, 0x00, 0x06, 0x00, 0x0C, 0x00, 0x00, 0x00, 0x48, 0x79, 0x62, 0x72,
	0x69, 0x64, 0x31, 0x46, 0x72, 0x61, 0x6D, 0x65, 0x00, 0x00, 0x00, 0x00, 0x06, 0x00, 0x06, 0x00,
	0x0C, 0x00, 0x00, 0x00, 0x00, 0x00, 0x00, 0x00, 0x69, 0x6E, 0x76, 0x56, 0x69, 0x65, 0x77, 0x50,
	0x72, 0x6F, 0x6A, 0x00, 0x06, 0x00, 0x07, 0x00, 0x0C, 0x00, 0x00, 0x00, 0x01, 0x00, 0x00, 0x00,
	0x70, 0x72, 0x65, 0x76, 0x56, 0x69, 0x65, 0x77, 0x50, 0x72, 0x6F, 0x6A, 0x00, 0x00, 0x00, 0x00,
	0x06, 0x00, 0x06, 0x00, 0x0C, 0x00, 0x00, 0x00, 0x02, 0x00, 0x00, 0x00, 0x76, 0x69, 0x65, 0x77,
	0x50, 0x72, 0x6F, 0x6A, 0x00, 0x00, 0x00, 0x00, 0x06, 0x00, 0x06, 0x00, 0x0C, 0x00, 0x00, 0x00,
	0x03, 0x00, 0x00, 0x00, 0x76, 0x69, 0x65, 0x77, 0x4F, 0x72, 0x69, 0x67, 0x69, 0x6E, 0x00, 0x00,
	0x06, 0x00, 0x07, 0x00, 0x0C, 0x00, 0x00, 0x00, 0x04, 0x00, 0x00, 0x00, 0x73, 0x75, 0x6E, 0x44,
	0x69, 0x72, 0x65, 0x63, 0x74, 0x69, 0x6F, 0x6E, 0x00, 0x00, 0x00, 0x00, 0x06, 0x00, 0x06, 0x00,
	0x0C, 0x00, 0x00, 0x00, 0x05, 0x00, 0x00, 0x00, 0x6F, 0x75, 0x74, 0x70, 0x75, 0x74, 0x53, 0x69,
	0x7A, 0x65, 0x00, 0x00, 0x06, 0x00, 0x05, 0x00, 0x0C, 0x00, 0x00, 0x00, 0x06, 0x00, 0x00, 0x00,
	0x70, 0x61, 0x72, 0x61, 0x6D, 0x73, 0x30, 0x00, 0x06, 0x00, 0x05, 0x00, 0x0C, 0x00, 0x00, 0x00,
	0x07, 0x00, 0x00, 0x00, 0x70, 0x61, 0x72, 0x61, 0x6D, 0x73, 0x31, 0x00, 0x06, 0x00, 0x05, 0x00,
	0x0C, 0x00, 0x00, 0x00, 0x08, 0x00, 0x00, 0x00, 0x70, 0x61, 0x72, 0x61, 0x6D, 0x73, 0x32, 0x00,
	0x06, 0x00, 0x05, 0x00, 0x0C, 0x00, 0x00, 0x00, 0x09, 0x00, 0x00, 0x00, 0x70, 0x61, 0x72, 0x61,
	0x6D, 0x73, 0x33, 0x00, 0x06, 0x00, 0x05, 0x00, 0x0C, 0x00, 0x00, 0x00, 0x0A, 0x00, 0x00, 0x00,
	0x70, 0x61, 0x72, 0x61, 0x6D, 0x73, 0x34, 0x00, 0x06, 0x00, 0x05, 0x00, 0x0C, 0x00, 0x00, 0x00,
	0x0B, 0x00, 0x00, 0x00, 0x70, 0x61, 0x72, 0x61, 0x6D, 0x73, 0x35, 0x00, 0x06, 0x00, 0x06, 0x00,
	0x0C, 0x00, 0x00, 0x00, 0x0C, 0x00, 0x00, 0x00, 0x64, 0x6C, 0x69, 0x67, 0x68, 0x74, 0x44, 0x69,
	0x72, 0x00, 0x00, 0x00, 0x05, 0x00, 0x03, 0x00, 0x0E, 0x00, 0x00, 0x00, 0x68, 0x31, 0x00, 0x00,
	0x05, 0x00, 0x03, 0x00, 0x18, 0x00, 0x00, 0x00, 0x75, 0x76, 0x00, 0x00, 0x05, 0x00, 0x06, 0x00,
	0x1C, 0x00, 0x00, 0x00, 0x67, 0x6C, 0x5F, 0x4C, 0x61, 0x75, 0x6E, 0x63, 0x68, 0x49, 0x44, 0x45,
	0x58, 0x54, 0x00, 0x00, 0x05, 0x00, 0x04, 0x00, 0x27, 0x00, 0x00, 0x00, 0x64, 0x65, 0x70, 0x74,
	0x68, 0x00, 0x00, 0x00, 0x05, 0x00, 0x05, 0x00, 0x2B, 0x00, 0x00, 0x00, 0x64, 0x65, 0x70, 0x74,
	0x68, 0x54, 0x65, 0x78, 0x00, 0x00, 0x00, 0x00, 0x05, 0x00, 0x05, 0x00, 0x3C, 0x00, 0x00, 0x00,
	0x64, 0x69, 0x66, 0x66, 0x75, 0x73, 0x65, 0x4F, 0x75, 0x74, 0x00, 0x00, 0x05, 0x00, 0x04, 0x00,
	0x45, 0x00, 0x00, 0x00, 0x63, 0x6C, 0x69, 0x70, 0x00, 0x00, 0x00, 0x00, 0x05, 0x00, 0x05, 0x00,
	0x4F, 0x00, 0x00, 0x00, 0x77, 0x6F, 0x72, 0x6C, 0x64, 0x50, 0x6F, 0x73, 0x34, 0x00, 0x00, 0x00,
	0x05, 0x00, 0x05, 0x00, 0x61, 0x00, 0x00, 0x00, 0x77, 0x6F, 0x72, 0x6C, 0x64, 0x50, 0x6F, 0x73,
	0x00, 0x00, 0x00, 0x00, 0x05, 0x00, 0x03, 0x00, 0x64, 0x00, 0x00, 0x00, 0x4E, 0x00, 0x00, 0x00,
	0x05, 0x00, 0x05, 0x00, 0x6E, 0x00, 0x00, 0x00, 0x6E, 0x6F, 0x72, 0x6D, 0x61, 0x6C, 0x54, 0x65,
	0x78, 0x00, 0x00, 0x00, 0x05, 0x00, 0x04, 0x00, 0x76, 0x00, 0x00, 0x00, 0x6E, 0x4C, 0x65, 0x6E,
	0x00, 0x00, 0x00, 0x00, 0x05, 0x00, 0x03, 0x00, 0x83, 0x00, 0x00, 0x00, 0x56, 0x00, 0x00, 0x00,
	0x05, 0x00, 0x03, 0x00, 0x93, 0x00, 0x00, 0x00, 0x72, 0x30, 0x00, 0x00, 0x05, 0x00, 0x03, 0x00,
	0xA1, 0x00, 0x00, 0x00, 0x72, 0x31, 0x00, 0x00, 0x05, 0x00, 0x03, 0x00, 0xB0, 0x00, 0x00, 0x00,
	0x77, 0x69, 0x00, 0x00, 0x05, 0x00, 0x03, 0x00, 0xD2, 0x00, 0x00, 0x00, 0x72, 0x6F, 0x00, 0x00,
	0x05, 0x00, 0x06, 0x00, 0xDC, 0x00, 0x00, 0x00, 0x64, 0x69, 0x66, 0x66, 0x75, 0x73, 0x65, 0x52,
	0x61, 0x64, 0x69, 0x61, 0x6E, 0x63, 0x65, 0x00, 0x05, 0x00, 0x05, 0x00, 0xE0, 0x00, 0x00, 0x00,
	0x74, 0x6F, 0x70, 0x4C, 0x65, 0x76, 0x65, 0x6C, 0x41, 0x53, 0x00, 0x00, 0x05, 0x00, 0x04, 0x00,
	0xEA, 0x00, 0x00, 0x00, 0x6F, 0x75, 0x74, 0x52, 0x67, 0x62, 0x00, 0x00, 0x47, 0x00, 0x03, 0x00,
	0x0C, 0x00, 0x00, 0x00, 0x02, 0x00, 0x00, 0x00, 0x48, 0x00, 0x04, 0x00, 0x0C, 0x00, 0x00, 0x00,
	0x00, 0x00, 0x00, 0x00, 0x05, 0x00, 0x00, 0x00, 0x48, 0x00, 0x05, 0x00, 0x0C, 0x00, 0x00, 0x00,
	0x00, 0x00, 0x00, 0x00, 0x07, 0x00, 0x00, 0x00, 0x10, 0x00, 0x00, 0x00, 0x48, 0x00, 0x05, 0x00,
	0x0C, 0x00, 0x00, 0x00, 0x00, 0x00, 0x00, 0x00, 0x23, 0x00, 0x00, 0x00, 0x00, 0x00, 0x00, 0x00,
	0x48, 0x00, 0x04, 0x00, 0x0C, 0x00, 0x00, 0x00, 0x01, 0x00, 0x00, 0x00, 0x05, 0x00, 0x00, 0x00,
	0x48, 0x00, 0x05, 0x00, 0x0C, 0x00, 0x00, 0x00, 0x01, 0x00, 0x00, 0x00, 0x07, 0x00, 0x00, 0x00,
	0x10, 0x00, 0x00, 0x00, 0x48, 0x00, 0x05, 0x00, 0x0C, 0x00, 0x00, 0x00, 0x01, 0x00, 0x00, 0x00,
	0x23, 0x00, 0x00, 0x00, 0x40, 0x00, 0x00, 0x00, 0x48, 0x00, 0x04, 0x00, 0x0C, 0x00, 0x00, 0x00,
	0x02, 0x00, 0x00, 0x00, 0x05, 0x00, 0x00, 0x00, 0x48, 0x00, 0x05, 0x00, 0x0C, 0x00, 0x00, 0x00,
	0x02, 0x00, 0x00, 0x00, 0x07, 0x00, 0x00, 0x00, 0x10, 0x00, 0x00, 0x00, 0x48, 0x00, 0x05, 0x00,
	0x0C, 0x00, 0x00, 0x00, 0x02, 0x00, 0x00, 0x00, 0x23, 0x00, 0x00, 0x00, 0x80, 0x00, 0x00, 0x00,
	0x48, 0x00, 0x05, 0x00, 0x0C, 0x00, 0x00, 0x00, 0x03, 0x00, 0x00, 0x00, 0x23, 0x00, 0x00, 0x00,
	0xC0, 0x00, 0x00, 0x00, 0x48, 0x00, 0x05, 0x00, 0x0C, 0x00, 0x00, 0x00, 0x04, 0x00, 0x00, 0x00,
	0x23, 0x00, 0x00, 0x00, 0xD0, 0x00, 0x00, 0x00, 0x48, 0x00, 0x05, 0x00, 0x0C, 0x00, 0x00, 0x00,
	0x05, 0x00, 0x00, 0x00, 0x23, 0x00, 0x00, 0x00, 0xE0, 0x00, 0x00, 0x00, 0x48, 0x00, 0x05, 0x00,
	0x0C, 0x00, 0x00, 0x00, 0x06, 0x00, 0x00, 0x00, 0x23, 0x00, 0x00, 0x00, 0xF0, 0x00, 0x00, 0x00,
	0x48, 0x00, 0x05, 0x00, 0x0C, 0x00, 0x00, 0x00, 0x07, 0x00, 0x00, 0x00, 0x23, 0x00, 0x00, 0x00,
	0x00, 0x01, 0x00, 0x00, 0x48, 0x00, 0x05, 0x00, 0x0C, 0x00, 0x00, 0x00, 0x08, 0x00, 0x00, 0x00,
	0x23, 0x00, 0x00, 0x00, 0x10, 0x01, 0x00, 0x00, 0x48, 0x00, 0x05, 0x00, 0x0C, 0x00, 0x00, 0x00,
	0x09, 0x00, 0x00, 0x00, 0x23, 0x00, 0x00, 0x00, 0x20, 0x01, 0x00, 0x00, 0x48, 0x00, 0x05, 0x00,
	0x0C, 0x00, 0x00, 0x00, 0x0A, 0x00, 0x00, 0x00, 0x23, 0x00, 0x00, 0x00, 0x30, 0x01, 0x00, 0x00,
	0x48, 0x00, 0x05, 0x00, 0x0C, 0x00, 0x00, 0x00, 0x0B, 0x00, 0x00, 0x00, 0x23, 0x00, 0x00, 0x00,
	0x40, 0x01, 0x00, 0x00, 0x48, 0x00, 0x05, 0x00, 0x0C, 0x00, 0x00, 0x00, 0x0C, 0x00, 0x00, 0x00,
	0x23, 0x00, 0x00, 0x00, 0x50, 0x01, 0x00, 0x00, 0x47, 0x00, 0x04, 0x00, 0x0E, 0x00, 0x00, 0x00,
	0x21, 0x00, 0x00, 0x00, 0x02, 0x00, 0x00, 0x00, 0x47, 0x00, 0x04, 0x00, 0x0E, 0x00, 0x00, 0x00,
	0x22, 0x00, 0x00, 0x00, 0x00, 0x00, 0x00, 0x00, 0x47, 0x00, 0x04, 0x00, 0x1C, 0x00, 0x00, 0x00,
	0x0B, 0x00, 0x00, 0x00, 0xC7, 0x14, 0x00, 0x00, 0x47, 0x00, 0x04, 0x00, 0x2B, 0x00, 0x00, 0x00,
	0x21, 0x00, 0x00, 0x00, 0x03, 0x00, 0x00, 0x00, 0x47, 0x00, 0x04, 0x00, 0x2B, 0x00, 0x00, 0x00,
	0x22, 0x00, 0x00, 0x00, 0x00, 0x00, 0x00, 0x00, 0x47, 0x00, 0x03, 0x00, 0x3C, 0x00, 0x00, 0x00,
	0x19, 0x00, 0x00, 0x00, 0x47, 0x00, 0x04, 0x00, 0x3C, 0x00, 0x00, 0x00, 0x21, 0x00, 0x00, 0x00,
	0x01, 0x00, 0x00, 0x00, 0x47, 0x00, 0x04, 0x00, 0x3C, 0x00, 0x00, 0x00, 0x22, 0x00, 0x00, 0x00,
	0x00, 0x00, 0x00, 0x00, 0x47, 0x00, 0x04, 0x00, 0x6E, 0x00, 0x00, 0x00, 0x21, 0x00, 0x00, 0x00,
	0x04, 0x00, 0x00, 0x00, 0x47, 0x00, 0x04, 0x00, 0x6E, 0x00, 0x00, 0x00, 0x22, 0x00, 0x00, 0x00,
	0x00, 0x00, 0x00, 0x00, 0x47, 0x00, 0x04, 0x00, 0xE0, 0x00, 0x00, 0x00, 0x21, 0x00, 0x00, 0x00,
	0x00, 0x00, 0x00, 0x00, 0x47, 0x00, 0x04, 0x00, 0xE0, 0x00, 0x00, 0x00, 0x22, 0x00, 0x00, 0x00,
	0x00, 0x00, 0x00, 0x00, 0x13, 0x00, 0x02, 0x00, 0x02, 0x00, 0x00, 0x00, 0x21, 0x00, 0x03, 0x00,
	0x03, 0x00, 0x00, 0x00, 0x02, 0x00, 0x00, 0x00, 0x16, 0x00, 0x03, 0x00, 0x06, 0x00, 0x00, 0x00,
	0x20, 0x00, 0x00, 0x00, 0x17, 0x00, 0x04, 0x00, 0x07, 0x00, 0x00, 0x00, 0x06, 0x00, 0x00, 0x00,
	0x02, 0x00, 0x00, 0x00, 0x20, 0x00, 0x04, 0x00, 0x08, 0x00, 0x00, 0x00, 0x07, 0x00, 0x00, 0x00,
	0x07, 0x00, 0x00, 0x00, 0x17, 0x00, 0x04, 0x00, 0x0A, 0x00, 0x00, 0x00, 0x06, 0x00, 0x00, 0x00,
	0x04, 0x00, 0x00, 0x00, 0x18, 0x00, 0x04, 0x00, 0x0B, 0x00, 0x00, 0x00, 0x0A, 0x00, 0x00, 0x00,
	0x04, 0x00, 0x00, 0x00, 0x1E, 0x00, 0x0F, 0x00, 0x0C, 0x00, 0x00, 0x00, 0x0B, 0x00, 0x00, 0x00,
	0x0B, 0x00, 0x00, 0x00, 0x0B, 0x00, 0x00, 0x00, 0x0A, 0x00, 0x00, 0x00, 0x0A, 0x00, 0x00, 0x00,
	0x0A, 0x00, 0x00, 0x00, 0x0A, 0x00, 0x00, 0x00, 0x0A, 0x00, 0x00, 0x00, 0x0A, 0x00, 0x00, 0x00,
	0x0A, 0x00, 0x00, 0x00, 0x0A, 0x00, 0x00, 0x00, 0x0A, 0x00, 0x00, 0x00, 0x0A, 0x00, 0x00, 0x00,
	0x20, 0x00, 0x04, 0x00, 0x0D, 0x00, 0x00, 0x00, 0x02, 0x00, 0x00, 0x00, 0x0C, 0x00, 0x00, 0x00,
	0x3B, 0x00, 0x04, 0x00, 0x0D, 0x00, 0x00, 0x00, 0x0E, 0x00, 0x00, 0x00, 0x02, 0x00, 0x00, 0x00,
	0x15, 0x00, 0x04, 0x00, 0x0F, 0x00, 0x00, 0x00, 0x20, 0x00, 0x00, 0x00, 0x01, 0x00, 0x00, 0x00,
	0x2B, 0x00, 0x04, 0x00, 0x0F, 0x00, 0x00, 0x00, 0x10, 0x00, 0x00, 0x00, 0x05, 0x00, 0x00, 0x00,
	0x20, 0x00, 0x04, 0x00, 0x11, 0x00, 0x00, 0x00, 0x02, 0x00, 0x00, 0x00, 0x0A, 0x00, 0x00, 0x00,
	0x2B, 0x00, 0x04, 0x00, 0x06, 0x00, 0x00, 0x00, 0x15, 0x00, 0x00, 0x00, 0x00, 0x00, 0x80, 0x3F,
	0x2C, 0x00, 0x05, 0x00, 0x07, 0x00, 0x00, 0x00, 0x16, 0x00, 0x00, 0x00, 0x15, 0x00, 0x00, 0x00,
	0x15, 0x00, 0x00, 0x00, 0x15, 0x00, 0x04, 0x00, 0x19, 0x00, 0x00, 0x00, 0x20, 0x00, 0x00, 0x00,
	0x00, 0x00, 0x00, 0x00, 0x17, 0x00, 0x04, 0x00, 0x1A, 0x00, 0x00, 0x00, 0x19, 0x00, 0x00, 0x00,
	0x03, 0x00, 0x00, 0x00, 0x20, 0x00, 0x04, 0x00, 0x1B, 0x00, 0x00, 0x00, 0x01, 0x00, 0x00, 0x00,
	0x1A, 0x00, 0x00, 0x00, 0x3B, 0x00, 0x04, 0x00, 0x1B, 0x00, 0x00, 0x00, 0x1C, 0x00, 0x00, 0x00,
	0x01, 0x00, 0x00, 0x00, 0x17, 0x00, 0x04, 0x00, 0x1D, 0x00, 0x00, 0x00, 0x19, 0x00, 0x00, 0x00,
	0x02, 0x00, 0x00, 0x00, 0x2B, 0x00, 0x04, 0x00, 0x06, 0x00, 0x00, 0x00, 0x21, 0x00, 0x00, 0x00,
	0x00, 0x00, 0x00, 0x3F, 0x2C, 0x00, 0x05, 0x00, 0x07, 0x00, 0x00, 0x00, 0x22, 0x00, 0x00, 0x00,
	0x21, 0x00, 0x00, 0x00, 0x21, 0x00, 0x00, 0x00, 0x20, 0x00, 0x04, 0x00, 0x26, 0x00, 0x00, 0x00,
	0x07, 0x00, 0x00, 0x00, 0x06, 0x00, 0x00, 0x00, 0x19, 0x00, 0x09, 0x00, 0x28, 0x00, 0x00, 0x00,
	0x06, 0x00, 0x00, 0x00, 0x01, 0x00, 0x00, 0x00, 0x00, 0x00, 0x00, 0x00, 0x00, 0x00, 0x00, 0x00,
	0x00, 0x00, 0x00, 0x00, 0x01, 0x00, 0x00, 0x00, 0x00, 0x00, 0x00, 0x00, 0x1B, 0x00, 0x03, 0x00,
	0x29, 0x00, 0x00, 0x00, 0x28, 0x00, 0x00, 0x00, 0x20, 0x00, 0x04, 0x00, 0x2A, 0x00, 0x00, 0x00,
	0x00, 0x00, 0x00, 0x00, 0x29, 0x00, 0x00, 0x00, 0x3B, 0x00, 0x04, 0x00, 0x2A, 0x00, 0x00, 0x00,
	0x2B, 0x00, 0x00, 0x00, 0x00, 0x00, 0x00, 0x00, 0x2B, 0x00, 0x04, 0x00, 0x06, 0x00, 0x00, 0x00,
	0x2E, 0x00, 0x00, 0x00, 0x00, 0x00, 0x00, 0x00, 0x2B, 0x00, 0x04, 0x00, 0x19, 0x00, 0x00, 0x00,
	0x30, 0x00, 0x00, 0x00, 0x00, 0x00, 0x00, 0x00, 0x14, 0x00, 0x02, 0x00, 0x33, 0x00, 0x00, 0x00,
	0x19, 0x00, 0x09, 0x00, 0x3A, 0x00, 0x00, 0x00, 0x06, 0x00, 0x00, 0x00, 0x01, 0x00, 0x00, 0x00,
	0x00, 0x00, 0x00, 0x00, 0x00, 0x00, 0x00, 0x00, 0x00, 0x00, 0x00, 0x00, 0x02, 0x00, 0x00, 0x00,
	0x02, 0x00, 0x00, 0x00, 0x20, 0x00, 0x04, 0x00, 0x3B, 0x00, 0x00, 0x00, 0x00, 0x00, 0x00, 0x00,
	0x3A, 0x00, 0x00, 0x00, 0x3B, 0x00, 0x04, 0x00, 0x3B, 0x00, 0x00, 0x00, 0x3C, 0x00, 0x00, 0x00,
	0x00, 0x00, 0x00, 0x00, 0x17, 0x00, 0x04, 0x00, 0x40, 0x00, 0x00, 0x00, 0x0F, 0x00, 0x00, 0x00,
	0x02, 0x00, 0x00, 0x00, 0x2C, 0x00, 0x07, 0x00, 0x0A, 0x00, 0x00, 0x00, 0x42, 0x00, 0x00, 0x00,
	0x2E, 0x00, 0x00, 0x00, 0x2E, 0x00, 0x00, 0x00, 0x2E, 0x00, 0x00, 0x00, 0x15, 0x00, 0x00, 0x00,
	0x20, 0x00, 0x04, 0x00, 0x44, 0x00, 0x00, 0x00, 0x07, 0x00, 0x00, 0x00, 0x0A, 0x00, 0x00, 0x00,
	0x2B, 0x00, 0x04, 0x00, 0x06, 0x00, 0x00, 0x00, 0x47, 0x00, 0x00, 0x00, 0x00, 0x00, 0x00, 0x40,
	0x2B, 0x00, 0x04, 0x00, 0x0F, 0x00, 0x00, 0x00, 0x50, 0x00, 0x00, 0x00, 0x00, 0x00, 0x00, 0x00,
	0x20, 0x00, 0x04, 0x00, 0x51, 0x00, 0x00, 0x00, 0x02, 0x00, 0x00, 0x00, 0x0B, 0x00, 0x00, 0x00,
	0x2B, 0x00, 0x04, 0x00, 0x19, 0x00, 0x00, 0x00, 0x56, 0x00, 0x00, 0x00, 0x03, 0x00, 0x00, 0x00,
	0x2B, 0x00, 0x04, 0x00, 0x06, 0x00, 0x00, 0x00, 0x5A, 0x00, 0x00, 0x00, 0xBD, 0x37, 0x86, 0x35,
	0x17, 0x00, 0x04, 0x00, 0x5F, 0x00, 0x00, 0x00, 0x06, 0x00, 0x00, 0x00, 0x03, 0x00, 0x00, 0x00,
	0x20, 0x00, 0x04, 0x00, 0x60, 0x00, 0x00, 0x00, 0x07, 0x00, 0x00, 0x00, 0x5F, 0x00, 0x00, 0x00,
	0x2C, 0x00, 0x06, 0x00, 0x5F, 0x00, 0x00, 0x00, 0x65, 0x00, 0x00, 0x00, 0x2E, 0x00, 0x00, 0x00,
	0x2E, 0x00, 0x00, 0x00, 0x15, 0x00, 0x00, 0x00, 0x2B, 0x00, 0x04, 0x00, 0x0F, 0x00, 0x00, 0x00,
	0x66, 0x00, 0x00, 0x00, 0x07, 0x00, 0x00, 0x00, 0x2B, 0x00, 0x04, 0x00, 0x19, 0x00, 0x00, 0x00,
	0x67, 0x00, 0x00, 0x00, 0x02, 0x00, 0x00, 0x00, 0x20, 0x00, 0x04, 0x00, 0x68, 0x00, 0x00, 0x00,
	0x02, 0x00, 0x00, 0x00, 0x06, 0x00, 0x00, 0x00, 0x3B, 0x00, 0x04, 0x00, 0x2A, 0x00, 0x00, 0x00,
	0x6E, 0x00, 0x00, 0x00, 0x00, 0x00, 0x00, 0x00, 0x2B, 0x00, 0x04, 0x00, 0x06, 0x00, 0x00, 0x00,
	0x7A, 0x00, 0x00, 0x00, 0x0A, 0xD7, 0x23, 0x3C, 0x2B, 0x00, 0x04, 0x00, 0x0F, 0x00, 0x00, 0x00,
	0x84, 0x00, 0x00, 0x00, 0x03, 0x00, 0x00, 0x00, 0x2B, 0x00, 0x04, 0x00, 0x0F, 0x00, 0x00, 0x00,
	0x95, 0x00, 0x00, 0x00, 0x06, 0x00, 0x00, 0x00, 0x2B, 0x00, 0x04, 0x00, 0x06, 0x00, 0x00, 0x00,
	0x99, 0x00, 0x00, 0x00, 0x39, 0xD6, 0x4F, 0x41, 0x2B, 0x00, 0x04, 0x00, 0x06, 0x00, 0x00, 0x00,
	0x9A, 0x00, 0x00, 0x00, 0x4C, 0x77, 0x9C, 0x42, 0x2C, 0x00, 0x05, 0x00, 0x07, 0x00, 0x00, 0x00,
	0x9B, 0x00, 0x00, 0x00, 0x99, 0x00, 0x00, 0x00, 0x9A, 0x00, 0x00, 0x00, 0x2B, 0x00, 0x04, 0x00,
	0x06, 0x00, 0x00, 0x00, 0x9E, 0x00, 0x00, 0x00, 0x8C, 0xEE, 0x2A, 0x47, 0x2B, 0x00, 0x04, 0x00,
	0x06, 0x00, 0x00, 0x00, 0xA5, 0x00, 0x00, 0x00, 0x00, 0x00, 0xF8, 0x41, 0x2B, 0x00, 0x04, 0x00,
	0x06, 0x00, 0x00, 0x00, 0xA8, 0x00, 0x00, 0x00, 0x4E, 0x62, 0x1D, 0x42, 0x2B, 0x00, 0x04, 0x00,
	0x06, 0x00, 0x00, 0x00, 0xA9, 0x00, 0x00, 0x00, 0xF6, 0x28, 0x32, 0x41, 0x2C, 0x00, 0x05, 0x00,
	0x07, 0x00, 0x00, 0x00, 0xAA, 0x00, 0x00, 0x00, 0xA8, 0x00, 0x00, 0x00, 0xA9, 0x00, 0x00, 0x00,
	0x2B, 0x00, 0x04, 0x00, 0x06, 0x00, 0x00, 0x00, 0xAD, 0x00, 0x00, 0x00, 0x4B, 0x64, 0xB0, 0x46,
	0x2B, 0x00, 0x04, 0x00, 0x06, 0x00, 0x00, 0x00, 0xB2, 0x00, 0x00, 0x00, 0x33, 0x33, 0xB3, 0x3E,
	0x17, 0x00, 0x04, 0x00, 0xC2, 0x00, 0x00, 0x00, 0x33, 0x00, 0x00, 0x00, 0x03, 0x00, 0x00, 0x00,
	0x2B, 0x00, 0x04, 0x00, 0x06, 0x00, 0x00, 0x00, 0xCC, 0x00, 0x00, 0x00, 0x17, 0xB7, 0xD1, 0x38,
	0x2B, 0x00, 0x04, 0x00, 0x0F, 0x00, 0x00, 0x00, 0xD5, 0x00, 0x00, 0x00, 0x08, 0x00, 0x00, 0x00,
	0x20, 0x00, 0x04, 0x00, 0xDB, 0x00, 0x00, 0x00, 0xDA, 0x14, 0x00, 0x00, 0x0A, 0x00, 0x00, 0x00,
	0x3B, 0x00, 0x04, 0x00, 0xDB, 0x00, 0x00, 0x00, 0xDC, 0x00, 0x00, 0x00, 0xDA, 0x14, 0x00, 0x00,
	0x2C, 0x00, 0x07, 0x00, 0x0A, 0x00, 0x00, 0x00, 0xDD, 0x00, 0x00, 0x00, 0x2E, 0x00, 0x00, 0x00,
	0x2E, 0x00, 0x00, 0x00, 0x2E, 0x00, 0x00, 0x00, 0x2E, 0x00, 0x00, 0x00, 0xDD, 0x14, 0x02, 0x00,
	0xDE, 0x00, 0x00, 0x00, 0x20, 0x00, 0x04, 0x00, 0xDF, 0x00, 0x00, 0x00, 0x00, 0x00, 0x00, 0x00,
	0xDE, 0x00, 0x00, 0x00, 0x3B, 0x00, 0x04, 0x00, 0xDF, 0x00, 0x00, 0x00, 0xE0, 0x00, 0x00, 0x00,
	0x00, 0x00, 0x00, 0x00, 0x2B, 0x00, 0x04, 0x00, 0x19, 0x00, 0x00, 0x00, 0xE2, 0x00, 0x00, 0x00,
	0x01, 0x00, 0x00, 0x00, 0x2B, 0x00, 0x04, 0x00, 0x19, 0x00, 0x00, 0x00, 0xE3, 0x00, 0x00, 0x00,
	0xFF, 0x00, 0x00, 0x00, 0x2B, 0x00, 0x04, 0x00, 0x06, 0x00, 0x00, 0x00, 0xE9, 0x00, 0x00, 0x00,
	0x00, 0x50, 0xC3, 0x47, 0x2C, 0x00, 0x06, 0x00, 0x5F, 0x00, 0x00, 0x00, 0xF4, 0x00, 0x00, 0x00,
	0x2E, 0x00, 0x00, 0x00, 0x2E, 0x00, 0x00, 0x00, 0x2E, 0x00, 0x00, 0x00, 0x36, 0x00, 0x05, 0x00,
	0x02, 0x00, 0x00, 0x00, 0x04, 0x00, 0x00, 0x00, 0x00, 0x00, 0x00, 0x00, 0x03, 0x00, 0x00, 0x00,
	0xF8, 0x00, 0x02, 0x00, 0x05, 0x00, 0x00, 0x00, 0x3B, 0x00, 0x04, 0x00, 0x08, 0x00, 0x00, 0x00,
	0x09, 0x00, 0x00, 0x00, 0x07, 0x00, 0x00, 0x00, 0x3B, 0x00, 0x04, 0x00, 0x08, 0x00, 0x00, 0x00,
	0x18, 0x00, 0x00, 0x00, 0x07, 0x00, 0x00, 0x00, 0x3B, 0x00, 0x04, 0x00, 0x26, 0x00, 0x00, 0x00,
	0x27, 0x00, 0x00, 0x00, 0x07, 0x00, 0x00, 0x00, 0x3B, 0x00, 0x04, 0x00, 0x44, 0x00, 0x00, 0x00,
	0x45, 0x00, 0x00, 0x00, 0x07, 0x00, 0x00, 0x00, 0x3B, 0x00, 0x04, 0x00, 0x44, 0x00, 0x00, 0x00,
	0x4F, 0x00, 0x00, 0x00, 0x07, 0x00, 0x00, 0x00, 0x3B, 0x00, 0x04, 0x00, 0x60, 0x00, 0x00, 0x00,
	0x61, 0x00, 0x00, 0x00, 0x07, 0x00, 0x00, 0x00, 0x3B, 0x00, 0x04, 0x00, 0x60, 0x00, 0x00, 0x00,
	0x64, 0x00, 0x00, 0x00, 0x07, 0x00, 0x00, 0x00, 0x3B, 0x00, 0x04, 0x00, 0x26, 0x00, 0x00, 0x00,
	0x76, 0x00, 0x00, 0x00, 0x07, 0x00, 0x00, 0x00, 0x3B, 0x00, 0x04, 0x00, 0x60, 0x00, 0x00, 0x00,
	0x83, 0x00, 0x00, 0x00, 0x07, 0x00, 0x00, 0x00, 0x3B, 0x00, 0x04, 0x00, 0x26, 0x00, 0x00, 0x00,
	0x93, 0x00, 0x00, 0x00, 0x07, 0x00, 0x00, 0x00, 0x3B, 0x00, 0x04, 0x00, 0x26, 0x00, 0x00, 0x00,
	0xA1, 0x00, 0x00, 0x00, 0x07, 0x00, 0x00, 0x00, 0x3B, 0x00, 0x04, 0x00, 0x60, 0x00, 0x00, 0x00,
	0xB0, 0x00, 0x00, 0x00, 0x07, 0x00, 0x00, 0x00, 0x3B, 0x00, 0x04, 0x00, 0x60, 0x00, 0x00, 0x00,
	0xD2, 0x00, 0x00, 0x00, 0x07, 0x00, 0x00, 0x00, 0x3B, 0x00, 0x04, 0x00, 0x60, 0x00, 0x00, 0x00,
	0xEA, 0x00, 0x00, 0x00, 0x07, 0x00, 0x00, 0x00, 0x41, 0x00, 0x05, 0x00, 0x11, 0x00, 0x00, 0x00,
	0x12, 0x00, 0x00, 0x00, 0x0E, 0x00, 0x00, 0x00, 0x10, 0x00, 0x00, 0x00, 0x3D, 0x00, 0x04, 0x00,
	0x0A, 0x00, 0x00, 0x00, 0x13, 0x00, 0x00, 0x00, 0x12, 0x00, 0x00, 0x00, 0x4F, 0x00, 0x07, 0x00,
	0x07, 0x00, 0x00, 0x00, 0x14, 0x00, 0x00, 0x00, 0x13, 0x00, 0x00, 0x00, 0x13, 0x00, 0x00, 0x00,
	0x00, 0x00, 0x00, 0x00, 0x01, 0x00, 0x00, 0x00, 0x0C, 0x00, 0x07, 0x00, 0x07, 0x00, 0x00, 0x00,
	0x17, 0x00, 0x00, 0x00, 0x01, 0x00, 0x00, 0x00, 0x28, 0x00, 0x00, 0x00, 0x14, 0x00, 0x00, 0x00,
	0x16, 0x00, 0x00, 0x00, 0x3E, 0x00, 0x03, 0x00, 0x09, 0x00, 0x00, 0x00, 0x17, 0x00, 0x00, 0x00,
	0x3D, 0x00, 0x04, 0x00, 0x1A, 0x00, 0x00, 0x00, 0x1E, 0x00, 0x00, 0x00, 0x1C, 0x00, 0x00, 0x00,
	0x4F, 0x00, 0x07, 0x00, 0x1D, 0x00, 0x00, 0x00, 0x1F, 0x00, 0x00, 0x00, 0x1E, 0x00, 0x00, 0x00,
	0x1E, 0x00, 0x00, 0x00, 0x00, 0x00, 0x00, 0x00, 0x01, 0x00, 0x00, 0x00, 0x70, 0x00, 0x04, 0x00,
	0x07, 0x00, 0x00, 0x00, 0x20, 0x00, 0x00, 0x00, 0x1F, 0x00, 0x00, 0x00, 0x81, 0x00, 0x05, 0x00,
	0x07, 0x00, 0x00, 0x00, 0x23, 0x00, 0x00, 0x00, 0x20, 0x00, 0x00, 0x00, 0x22, 0x00, 0x00, 0x00,
	0x3D, 0x00, 0x04, 0x00, 0x07, 0x00, 0x00, 0x00, 0x24, 0x00, 0x00, 0x00, 0x09, 0x00, 0x00, 0x00,
	0x88, 0x00, 0x05, 0x00, 0x07, 0x00, 0x00, 0x00, 0x25, 0x00, 0x00, 0x00, 0x23, 0x00, 0x00, 0x00,
	0x24, 0x00, 0x00, 0x00, 0x3E, 0x00, 0x03, 0x00, 0x18, 0x00, 0x00, 0x00, 0x25, 0x00, 0x00, 0x00,
	0x3D, 0x00, 0x04, 0x00, 0x29, 0x00, 0x00, 0x00, 0x2C, 0x00, 0x00, 0x00, 0x2B, 0x00, 0x00, 0x00,
	0x3D, 0x00, 0x04, 0x00, 0x07, 0x00, 0x00, 0x00, 0x2D, 0x00, 0x00, 0x00, 0x18, 0x00, 0x00, 0x00,
	0x58, 0x00, 0x07, 0x00, 0x0A, 0x00, 0x00, 0x00, 0x2F, 0x00, 0x00, 0x00, 0x2C, 0x00, 0x00, 0x00,
	0x2D, 0x00, 0x00, 0x00, 0x02, 0x00, 0x00, 0x00, 0x2E, 0x00, 0x00, 0x00, 0x51, 0x00, 0x05, 0x00,
	0x06, 0x00, 0x00, 0x00, 0x31, 0x00, 0x00, 0x00, 0x2F, 0x00, 0x00, 0x00, 0x00, 0x00, 0x00, 0x00,
	0x3E, 0x00, 0x03, 0x00, 0x27, 0x00, 0x00, 0x00, 0x31, 0x00, 0x00, 0x00, 0x3D, 0x00, 0x04, 0x00,
	0x06, 0x00, 0x00, 0x00, 0x32, 0x00, 0x00, 0x00, 0x27, 0x00, 0x00, 0x00, 0xBC, 0x00, 0x05, 0x00,
	0x33, 0x00, 0x00, 0x00, 0x34, 0x00, 0x00, 0x00, 0x32, 0x00, 0x00, 0x00, 0x2E, 0x00, 0x00, 0x00,
	0x3D, 0x00, 0x04, 0x00, 0x06, 0x00, 0x00, 0x00, 0x35, 0x00, 0x00, 0x00, 0x27, 0x00, 0x00, 0x00,
	0xBE, 0x00, 0x05, 0x00, 0x33, 0x00, 0x00, 0x00, 0x36, 0x00, 0x00, 0x00, 0x35, 0x00, 0x00, 0x00,
	0x15, 0x00, 0x00, 0x00, 0xA6, 0x00, 0x05, 0x00, 0x33, 0x00, 0x00, 0x00, 0x37, 0x00, 0x00, 0x00,
	0x34, 0x00, 0x00, 0x00, 0x36, 0x00, 0x00, 0x00, 0xF7, 0x00, 0x03, 0x00, 0x39, 0x00, 0x00, 0x00,
	0x00, 0x00, 0x00, 0x00, 0xFA, 0x00, 0x04, 0x00, 0x37, 0x00, 0x00, 0x00, 0x38, 0x00, 0x00, 0x00,
	0x39, 0x00, 0x00, 0x00, 0xF8, 0x00, 0x02, 0x00, 0x38, 0x00, 0x00, 0x00, 0x3D, 0x00, 0x04, 0x00,
	0x3A, 0x00, 0x00, 0x00, 0x3D, 0x00, 0x00, 0x00, 0x3C, 0x00, 0x00, 0x00, 0x3D, 0x00, 0x04, 0x00,
	0x1A, 0x00, 0x00, 0x00, 0x3E, 0x00, 0x00, 0x00, 0x1C, 0x00, 0x00, 0x00, 0x4F, 0x00, 0x07, 0x00,
	0x1D, 0x00, 0x00, 0x00, 0x3F, 0x00, 0x00, 0x00, 0x3E, 0x00, 0x00, 0x00, 0x3E, 0x00, 0x00, 0x00,
	0x00, 0x00, 0x00, 0x00, 0x01, 0x00, 0x00, 0x00, 0x7C, 0x00, 0x04, 0x00, 0x40, 0x00, 0x00, 0x00,
	0x41, 0x00, 0x00, 0x00, 0x3F, 0x00, 0x00, 0x00, 0x63, 0x00, 0x04, 0x00, 0x3D, 0x00, 0x00, 0x00,
	0x41, 0x00, 0x00, 0x00, 0x42, 0x00, 0x00, 0x00, 0xFD, 0x00, 0x01, 0x00, 0xF8, 0x00, 0x02, 0x00,
	0x39, 0x00, 0x00, 0x00, 0x3D, 0x00, 0x04, 0x00, 0x07, 0x00, 0x00, 0x00, 0x46, 0x00, 0x00, 0x00,
	0x18, 0x00, 0x00, 0x00, 0x8E, 0x00, 0x05, 0x00, 0x07, 0x00, 0x00, 0x00, 0x48, 0x00, 0x00, 0x00,
	0x46, 0x00, 0x00, 0x00, 0x47, 0x00, 0x00, 0x00, 0x50, 0x00, 0x05, 0x00, 0x07, 0x00, 0x00, 0x00,
	0x49, 0x00, 0x00, 0x00, 0x15, 0x00, 0x00, 0x00, 0x15, 0x00, 0x00, 0x00, 0x83, 0x00, 0x05, 0x00,
	0x07, 0x00, 0x00, 0x00, 0x4A, 0x00, 0x00, 0x00, 0x48, 0x00, 0x00, 0x00, 0x49, 0x00, 0x00, 0x00,
	0x3D, 0x00, 0x04, 0x00, 0x06, 0x00, 0x00, 0x00, 0x4B, 0x00, 0x00, 0x00, 0x27, 0x00, 0x00, 0x00,
	0x51, 0x00, 0x05, 0x00, 0x06, 0x00, 0x00, 0x00, 0x4C, 0x00, 0x00, 0x00, 0x4A, 0x00, 0x00, 0x00,
	0x00, 0x00, 0x00, 0x00, 0x51, 0x00, 0x05, 0x00, 0x06, 0x00, 0x00, 0x00, 0x4D, 0x00, 0x00, 0x00,
	0x4A, 0x00, 0x00, 0x00, 0x01, 0x00, 0x00, 0x00, 0x50, 0x00, 0x07, 0x00, 0x0A, 0x00, 0x00, 0x00,
	0x4E, 0x00, 0x00, 0x00, 0x4C, 0x00, 0x00, 0x00, 0x4D, 0x00, 0x00, 0x00, 0x4B, 0x00, 0x00, 0x00,
	0x15, 0x00, 0x00, 0x00, 0x3E, 0x00, 0x03, 0x00, 0x45, 0x00, 0x00, 0x00, 0x4E, 0x00, 0x00, 0x00,
	0x41, 0x00, 0x05, 0x00, 0x51, 0x00, 0x00, 0x00, 0x52, 0x00, 0x00, 0x00, 0x0E, 0x00, 0x00, 0x00,
	0x50, 0x00, 0x00, 0x00, 0x3D, 0x00, 0x04, 0x00, 0x0B, 0x00, 0x00, 0x00, 0x53, 0x00, 0x00, 0x00,
	0x52, 0x00, 0x00, 0x00, 0x3D, 0x00, 0x04, 0x00, 0x0A, 0x00, 0x00, 0x00, 0x54, 0x00, 0x00, 0x00,
	0x45, 0x00, 0x00, 0x00, 0x91, 0x00, 0x05, 0x00, 0x0A, 0x00, 0x00, 0x00, 0x55, 0x00, 0x00, 0x00,
	0x53, 0x00, 0x00, 0x00, 0x54, 0x00, 0x00, 0x00, 0x3E, 0x00, 0x03, 0x00, 0x4F, 0x00, 0x00, 0x00,
	0x55, 0x00, 0x00, 0x00, 0x41, 0x00, 0x05, 0x00, 0x26, 0x00, 0x00, 0x00, 0x57, 0x00, 0x00, 0x00,
	0x4F, 0x00, 0x00, 0x00, 0x56, 0x00, 0x00, 0x00, 0x3D, 0x00, 0x04, 0x00, 0x06, 0x00, 0x00, 0x00,
	0x58, 0x00, 0x00, 0x00, 0x57, 0x00, 0x00, 0x00, 0x0C, 0x00, 0x06, 0x00, 0x06, 0x00, 0x00, 0x00,
	0x59, 0x00, 0x00, 0x00, 0x01, 0x00, 0x00, 0x00, 0x04, 0x00, 0x00, 0x00, 0x58, 0x00, 0x00, 0x00,
	0x0C, 0x00, 0x07, 0x00, 0x06, 0x00, 0x00, 0x00, 0x5B, 0x00, 0x00, 0x00, 0x01, 0x00, 0x00, 0x00,
	0x28, 0x00, 0x00, 0x00, 0x59, 0x00, 0x00, 0x00, 0x5A, 0x00, 0x00, 0x00, 0x3D, 0x00, 0x04, 0x00,
	0x0A, 0x00, 0x00, 0x00, 0x5C, 0x00, 0x00, 0x00, 0x4F, 0x00, 0x00, 0x00, 0x50, 0x00, 0x07, 0x00,
	0x0A, 0x00, 0x00, 0x00, 0x5D, 0x00, 0x00, 0x00, 0x5B, 0x00, 0x00, 0x00, 0x5B, 0x00, 0x00, 0x00,
	0x5B, 0x00, 0x00, 0x00, 0x5B, 0x00, 0x00, 0x00, 0x88, 0x00, 0x05, 0x00, 0x0A, 0x00, 0x00, 0x00,
	0x5E, 0x00, 0x00, 0x00, 0x5C, 0x00, 0x00, 0x00, 0x5D, 0x00, 0x00, 0x00, 0x3E, 0x00, 0x03, 0x00,
	0x4F, 0x00, 0x00, 0x00, 0x5E, 0x00, 0x00, 0x00, 0x3D, 0x00, 0x04, 0x00, 0x0A, 0x00, 0x00, 0x00,
	0x62, 0x00, 0x00, 0x00, 0x4F, 0x00, 0x00, 0x00, 0x4F, 0x00, 0x08, 0x00, 0x5F, 0x00, 0x00, 0x00,
	0x63, 0x00, 0x00, 0x00, 0x62, 0x00, 0x00, 0x00, 0x62, 0x00, 0x00, 0x00, 0x00, 0x00, 0x00, 0x00,
	0x01, 0x00, 0x00, 0x00, 0x02, 0x00, 0x00, 0x00, 0x3E, 0x00, 0x03, 0x00, 0x61, 0x00, 0x00, 0x00,
	0x63, 0x00, 0x00, 0x00, 0x3E, 0x00, 0x03, 0x00, 0x64, 0x00, 0x00, 0x00, 0x65, 0x00, 0x00, 0x00,
	0x41, 0x00, 0x06, 0x00, 0x68, 0x00, 0x00, 0x00, 0x69, 0x00, 0x00, 0x00, 0x0E, 0x00, 0x00, 0x00,
	0x66, 0x00, 0x00, 0x00, 0x67, 0x00, 0x00, 0x00, 0x3D, 0x00, 0x04, 0x00, 0x06, 0x00, 0x00, 0x00,
	0x6A, 0x00, 0x00, 0x00, 0x69, 0x00, 0x00, 0x00, 0xBA, 0x00, 0x05, 0x00, 0x33, 0x00, 0x00, 0x00,
	0x6B, 0x00, 0x00, 0x00, 0x6A, 0x00, 0x00, 0x00, 0x21, 0x00, 0x00, 0x00, 0xF7, 0x00, 0x03, 0x00,
	0x6D, 0x00, 0x00, 0x00, 0x00, 0x00, 0x00, 0x00, 0xFA, 0x00, 0x04, 0x00, 0x6B, 0x00, 0x00, 0x00,
	0x6C, 0x00, 0x00, 0x00, 0x6D, 0x00, 0x00, 0x00, 0xF8, 0x00, 0x02, 0x00, 0x6C, 0x00, 0x00, 0x00,
	0x3D, 0x00, 0x04, 0x00, 0x29, 0x00, 0x00, 0x00, 0x6F, 0x00, 0x00, 0x00, 0x6E, 0x00, 0x00, 0x00,
	0x3D, 0x00, 0x04, 0x00, 0x07, 0x00, 0x00, 0x00, 0x70, 0x00, 0x00, 0x00, 0x18, 0x00, 0x00, 0x00,
	0x58, 0x00, 0x07, 0x00, 0x0A, 0x00, 0x00, 0x00, 0x71, 0x00, 0x00, 0x00, 0x6F, 0x00, 0x00, 0x00,
	0x70, 0x00, 0x00, 0x00, 0x02, 0x00, 0x00, 0x00, 0x2E, 0x00, 0x00, 0x00, 0x4F, 0x00, 0x08, 0x00,
	0x5F, 0x00, 0x00, 0x00, 0x72, 0x00, 0x00, 0x00, 0x71, 0x00, 0x00, 0x00, 0x71, 0x00, 0x00, 0x00,
	0x00, 0x00, 0x00, 0x00, 0x01, 0x00, 0x00, 0x00, 0x02, 0x00, 0x00, 0x00, 0x8E, 0x00, 0x05, 0x00,
	0x5F, 0x00, 0x00, 0x00, 0x73, 0x00, 0x00, 0x00, 0x72, 0x00, 0x00, 0x00, 0x47, 0x00, 0x00, 0x00,
	0x50, 0x00, 0x06, 0x00, 0x5F, 0x00, 0x00, 0x00, 0x74, 0x00, 0x00, 0x00, 0x15, 0x00, 0x00, 0x00,
	0x15, 0x00, 0x00, 0x00, 0x15, 0x00, 0x00, 0x00, 0x83, 0x00, 0x05, 0x00, 0x5F, 0x00, 0x00, 0x00,
	0x75, 0x00, 0x00, 0x00, 0x73, 0x00, 0x00, 0x00, 0x74, 0x00, 0x00, 0x00, 0x3E, 0x00, 0x03, 0x00,
	0x64, 0x00, 0x00, 0x00, 0x75, 0x00, 0x00, 0x00, 0x3D, 0x00, 0x04, 0x00, 0x5F, 0x00, 0x00, 0x00,
	0x77, 0x00, 0x00, 0x00, 0x64, 0x00, 0x00, 0x00, 0x0C, 0x00, 0x06, 0x00, 0x06, 0x00, 0x00, 0x00,
	0x78, 0x00, 0x00, 0x00, 0x01, 0x00, 0x00, 0x00, 0x42, 0x00, 0x00, 0x00, 0x77, 0x00, 0x00, 0x00,
	0x3E, 0x00, 0x03, 0x00, 0x76, 0x00, 0x00, 0x00, 0x78, 0x00, 0x00, 0x00, 0x3D, 0x00, 0x04, 0x00,
	0x06, 0x00, 0x00, 0x00, 0x79, 0x00, 0x00, 0x00, 0x76, 0x00, 0x00, 0x00, 0xBA, 0x00, 0x05, 0x00,
	0x33, 0x00, 0x00, 0x00, 0x7B, 0x00, 0x00, 0x00, 0x79, 0x00, 0x00, 0x00, 0x7A, 0x00, 0x00, 0x00,
	0xF7, 0x00, 0x03, 0x00, 0x7D, 0x00, 0x00, 0x00, 0x00, 0x00, 0x00, 0x00, 0xFA, 0x00, 0x04, 0x00,
	0x7B, 0x00, 0x00, 0x00, 0x7C, 0x00, 0x00, 0x00, 0x82, 0x00, 0x00, 0x00, 0xF8, 0x00, 0x02, 0x00,
	0x7C, 0x00, 0x00, 0x00, 0x3D, 0x00, 0x04, 0x00, 0x06, 0x00, 0x00, 0x00, 0x7E, 0x00, 0x00, 0x00,
	0x76, 0x00, 0x00, 0x00, 0x3D, 0x00, 0x04, 0x00, 0x5F, 0x00, 0x00, 0x00, 0x7F, 0x00, 0x00, 0x00,
	0x64, 0x00, 0x00, 0x00, 0x50, 0x00, 0x06, 0x00, 0x5F, 0x00, 0x00, 0x00, 0x80, 0x00, 0x00, 0x00,
	0x7E, 0x00, 0x00, 0x00, 0x7E, 0x00, 0x00, 0x00, 0x7E, 0x00, 0x00, 0x00, 0x88, 0x00, 0x05, 0x00,
	0x5F, 0x00, 0x00, 0x00, 0x81, 0x00, 0x00, 0x00, 0x7F, 0x00, 0x00, 0x00, 0x80, 0x00, 0x00, 0x00,
	0x3E, 0x00, 0x03, 0x00, 0x64, 0x00, 0x00, 0x00, 0x81, 0x00, 0x00, 0x00, 0xF9, 0x00, 0x02, 0x00,
	0x7D, 0x00, 0x00, 0x00, 0xF8, 0x00, 0x02, 0x00, 0x82, 0x00, 0x00, 0x00, 0x3E, 0x00, 0x03, 0x00,
	0x64, 0x00, 0x00, 0x00, 0x65, 0x00, 0x00, 0x00, 0xF9, 0x00, 0x02, 0x00, 0x7D, 0x00, 0x00, 0x00,
	0xF8, 0x00, 0x02, 0x00, 0x7D, 0x00, 0x00, 0x00, 0xF9, 0x00, 0x02, 0x00, 0x6D, 0x00, 0x00, 0x00,
	0xF8, 0x00, 0x02, 0x00, 0x6D, 0x00, 0x00, 0x00, 0x41, 0x00, 0x05, 0x00, 0x11, 0x00, 0x00, 0x00,
	0x85, 0x00, 0x00, 0x00, 0x0E, 0x00, 0x00, 0x00, 0x84, 0x00, 0x00, 0x00, 0x3D, 0x00, 0x04, 0x00,
	0x0A, 0x00, 0x00, 0x00, 0x86, 0x00, 0x00, 0x00, 0x85, 0x00, 0x00, 0x00, 0x4F, 0x00, 0x08, 0x00,
	0x5F, 0x00, 0x00, 0x00, 0x87, 0x00, 0x00, 0x00, 0x86, 0x00, 0x00, 0x00, 0x86, 0x00, 0x00, 0x00,
	0x00, 0x00, 0x00, 0x00, 0x01, 0x00, 0x00, 0x00, 0x02, 0x00, 0x00, 0x00, 0x3D, 0x00, 0x04, 0x00,
	0x5F, 0x00, 0x00, 0x00, 0x88, 0x00, 0x00, 0x00, 0x61, 0x00, 0x00, 0x00, 0x83, 0x00, 0x05, 0x00,
	0x5F, 0x00, 0x00, 0x00, 0x89, 0x00, 0x00, 0x00, 0x87, 0x00, 0x00, 0x00, 0x88, 0x00, 0x00, 0x00,
	0x0C, 0x00, 0x06, 0x00, 0x5F, 0x00, 0x00, 0x00, 0x8A, 0x00, 0x00, 0x00, 0x01, 0x00, 0x00, 0x00,
	0x45, 0x00, 0x00, 0x00, 0x89, 0x00, 0x00, 0x00, 0x3E, 0x00, 0x03, 0x00, 0x83, 0x00, 0x00, 0x00,
	0x8A, 0x00, 0x00, 0x00, 0x3D, 0x00, 0x04, 0x00, 0x5F, 0x00, 0x00, 0x00, 0x8B, 0x00, 0x00, 0x00,
	0x64, 0x00, 0x00, 0x00, 0x3D, 0x00, 0x04, 0x00, 0x5F, 0x00, 0x00, 0x00, 0x8C, 0x00, 0x00, 0x00,
	0x83, 0x00, 0x00, 0x00, 0x94, 0x00, 0x05, 0x00, 0x06, 0x00, 0x00, 0x00, 0x8D, 0x00, 0x00, 0x00,
	0x8B, 0x00, 0x00, 0x00, 0x8C, 0x00, 0x00, 0x00, 0xB8, 0x00, 0x05, 0x00, 0x33, 0x00, 0x00, 0x00,
	0x8E, 0x00, 0x00, 0x00, 0x8D, 0x00, 0x00, 0x00, 0x2E, 0x00, 0x00, 0x00, 0xF7, 0x00, 0x03, 0x00,
	0x90, 0x00, 0x00, 0x00, 0x00, 0x00, 0x00, 0x00, 0xFA, 0x00, 0x04, 0x00, 0x8E, 0x00, 0x00, 0x00,
	0x8F, 0x00, 0x00, 0x00, 0x90, 0x00, 0x00, 0x00, 0xF8, 0x00, 0x02, 0x00, 0x8F, 0x00, 0x00, 0x00,
	0x3D, 0x00, 0x04, 0x00, 0x5F, 0x00, 0x00, 0x00, 0x91, 0x00, 0x00, 0x00, 0x64, 0x00, 0x00, 0x00,
	0x7F, 0x00, 0x04, 0x00, 0x5F, 0x00, 0x00, 0x00, 0x92, 0x00, 0x00, 0x00, 0x91, 0x00, 0x00, 0x00,
	0x3E, 0x00, 0x03, 0x00, 0x64, 0x00, 0x00, 0x00, 0x92, 0x00, 0x00, 0x00, 0xF9, 0x00, 0x02, 0x00,
	0x90, 0x00, 0x00, 0x00, 0xF8, 0x00, 0x02, 0x00, 0x90, 0x00, 0x00, 0x00, 0x3D, 0x00, 0x04, 0x00,
	0x07, 0x00, 0x00, 0x00, 0x94, 0x00, 0x00, 0x00, 0x18, 0x00, 0x00, 0x00, 0x41, 0x00, 0x06, 0x00,
	0x68, 0x00, 0x00, 0x00, 0x96, 0x00, 0x00, 0x00, 0x0E, 0x00, 0x00, 0x00, 0x95, 0x00, 0x00, 0x00,
	0x56, 0x00, 0x00, 0x00, 0x3D, 0x00, 0x04, 0x00, 0x06, 0x00, 0x00, 0x00, 0x97, 0x00, 0x00, 0x00,
	0x96, 0x00, 0x00, 0x00, 0x8E, 0x00, 0x05, 0x00, 0x07, 0x00, 0x00, 0x00, 0x98, 0x00, 0x00, 0x00,
	0x94, 0x00, 0x00, 0x00, 0x97, 0x00, 0x00, 0x00, 0x94, 0x00, 0x05, 0x00, 0x06, 0x00, 0x00, 0x00,
	0x9C, 0x00, 0x00, 0x00, 0x98, 0x00, 0x00, 0x00, 0x9B, 0x00, 0x00, 0x00, 0x0C, 0x00, 0x06, 0x00,
	0x06, 0x00, 0x00, 0x00, 0x9D, 0x00, 0x00, 0x00, 0x01, 0x00, 0x00, 0x00, 0x0D, 0x00, 0x00, 0x00,
	0x9C, 0x00, 0x00, 0x00, 0x85, 0x00, 0x05, 0x00, 0x06, 0x00, 0x00, 0x00, 0x9F, 0x00, 0x00, 0x00,
	0x9D, 0x00, 0x00, 0x00, 0x9E, 0x00, 0x00, 0x00, 0x0C, 0x00, 0x06, 0x00, 0x06, 0x00, 0x00, 0x00,
	0xA0, 0x00, 0x00, 0x00, 0x01, 0x00, 0x00, 0x00, 0x0A, 0x00, 0x00, 0x00, 0x9F, 0x00, 0x00, 0x00,
	0x3E, 0x00, 0x03, 0x00, 0x93, 0x00, 0x00, 0x00, 0xA0, 0x00, 0x00, 0x00, 0x3D, 0x00, 0x04, 0x00,
	0x07, 0x00, 0x00, 0x00, 0xA2, 0x00, 0x00, 0x00, 0x18, 0x00, 0x00, 0x00, 0x41, 0x00, 0x06, 0x00,
	0x68, 0x00, 0x00, 0x00, 0xA3, 0x00, 0x00, 0x00, 0x0E, 0x00, 0x00, 0x00, 0x95, 0x00, 0x00, 0x00,
	0x56, 0x00, 0x00, 0x00, 0x3D, 0x00, 0x04, 0x00, 0x06, 0x00, 0x00, 0x00, 0xA4, 0x00, 0x00, 0x00,
	0xA3, 0x00, 0x00, 0x00, 0x81, 0x00, 0x05, 0x00, 0x06, 0x00, 0x00, 0x00, 0xA6, 0x00, 0x00, 0x00,
	0xA4, 0x00, 0x00, 0x00, 0xA5, 0x00, 0x00, 0x00, 0x8E, 0x00, 0x05, 0x00, 0x07, 0x00, 0x00, 0x00,
	0xA7, 0x00, 0x00, 0x00, 0xA2, 0x00, 0x00, 0x00, 0xA6, 0x00, 0x00, 0x00, 0x94, 0x00, 0x05, 0x00,
	0x06, 0x00, 0x00, 0x00, 0xAB, 0x00, 0x00, 0x00, 0xA7, 0x00, 0x00, 0x00, 0xAA, 0x00, 0x00, 0x00,
	0x0C, 0x00, 0x06, 0x00, 0x06, 0x00, 0x00, 0x00, 0xAC, 0x00, 0x00, 0x00, 0x01, 0x00, 0x00, 0x00,
	0x0D, 0x00, 0x00, 0x00, 0xAB, 0x00, 0x00, 0x00, 0x85, 0x00, 0x05, 0x00, 0x06, 0x00, 0x00, 0x00,
	0xAE, 0x00, 0x00, 0x00, 0xAC, 0x00, 0x00, 0x00, 0xAD, 0x00, 0x00, 0x00, 0x0C, 0x00, 0x06, 0x00,
	0x06, 0x00, 0x00, 0x00, 0xAF, 0x00, 0x00, 0x00, 0x01, 0x00, 0x00, 0x00, 0x0A, 0x00, 0x00, 0x00,
	0xAE, 0x00, 0x00, 0x00, 0x3E, 0x00, 0x03, 0x00, 0xA1, 0x00, 0x00, 0x00, 0xAF, 0x00, 0x00, 0x00,
	0x3D, 0x00, 0x04, 0x00, 0x5F, 0x00, 0x00, 0x00, 0xB1, 0x00, 0x00, 0x00, 0x64, 0x00, 0x00, 0x00,
	0x3D, 0x00, 0x04, 0x00, 0x06, 0x00, 0x00, 0x00, 0xB3, 0x00, 0x00, 0x00, 0x93, 0x00, 0x00, 0x00,
	0x85, 0x00, 0x05, 0x00, 0x06, 0x00, 0x00, 0x00, 0xB4, 0x00, 0x00, 0x00, 0xB3, 0x00, 0x00, 0x00,
	0x47, 0x00, 0x00, 0x00, 0x83, 0x00, 0x05, 0x00, 0x06, 0x00, 0x00, 0x00, 0xB5, 0x00, 0x00, 0x00,
	0xB4, 0x00, 0x00, 0x00, 0x15, 0x00, 0x00, 0x00, 0x3D, 0x00, 0x04, 0x00, 0x06, 0x00, 0x00, 0x00,
	0xB6, 0x00, 0x00, 0x00, 0xA1, 0x00, 0x00, 0x00, 0x85, 0x00, 0x05, 0x00, 0x06, 0x00, 0x00, 0x00,
	0xB7, 0x00, 0x00, 0x00, 0xB6, 0x00, 0x00, 0x00, 0x47, 0x00, 0x00, 0x00, 0x83, 0x00, 0x05, 0x00,
	0x06, 0x00, 0x00, 0x00, 0xB8, 0x00, 0x00, 0x00, 0xB7, 0x00, 0x00, 0x00, 0x15, 0x00, 0x00, 0x00,
	0x3D, 0x00, 0x04, 0x00, 0x06, 0x00, 0x00, 0x00, 0xB9, 0x00, 0x00, 0x00, 0x93, 0x00, 0x00, 0x00,
	0x3D, 0x00, 0x04, 0x00, 0x06, 0x00, 0x00, 0x00, 0xBA, 0x00, 0x00, 0x00, 0xA1, 0x00, 0x00, 0x00,
	0x83, 0x00, 0x05, 0x00, 0x06, 0x00, 0x00, 0x00, 0xBB, 0x00, 0x00, 0x00, 0xB9, 0x00, 0x00, 0x00,
	0xBA, 0x00, 0x00, 0x00, 0x50, 0x00, 0x06, 0x00, 0x5F, 0x00, 0x00, 0x00, 0xBC, 0x00, 0x00, 0x00,
	0xB5, 0x00, 0x00, 0x00, 0xB8, 0x00, 0x00, 0x00, 0xBB, 0x00, 0x00, 0x00, 0x8E, 0x00, 0x05, 0x00,
	0x5F, 0x00, 0x00, 0x00, 0xBD, 0x00, 0x00, 0x00, 0xBC, 0x00, 0x00, 0x00, 0xB2, 0x00, 0x00, 0x00,
	0x81, 0x00, 0x05, 0x00, 0x5F, 0x00, 0x00, 0x00, 0xBE, 0x00, 0x00, 0x00, 0xB1, 0x00, 0x00, 0x00,
	0xBD, 0x00, 0x00, 0x00, 0x0C, 0x00, 0x06, 0x00, 0x5F, 0x00, 0x00, 0x00, 0xBF, 0x00, 0x00, 0x00,
	0x01, 0x00, 0x00, 0x00, 0x45, 0x00, 0x00, 0x00, 0xBE, 0x00, 0x00, 0x00, 0x3E, 0x00, 0x03, 0x00,
	0xB0, 0x00, 0x00, 0x00, 0xBF, 0x00, 0x00, 0x00, 0x3D, 0x00, 0x04, 0x00, 0x5F, 0x00, 0x00, 0x00,
	0xC0, 0x00, 0x00, 0x00, 0xB0, 0x00, 0x00, 0x00, 0x3D, 0x00, 0x04, 0x00, 0x5F, 0x00, 0x00, 0x00,
	0xC1, 0x00, 0x00, 0x00, 0xB0, 0x00, 0x00, 0x00, 0xB4, 0x00, 0x05, 0x00, 0xC2, 0x00, 0x00, 0x00,
	0xC3, 0x00, 0x00, 0x00, 0xC0, 0x00, 0x00, 0x00, 0xC1, 0x00, 0x00, 0x00, 0x9B, 0x00, 0x04, 0x00,
	0x33, 0x00, 0x00, 0x00, 0xC4, 0x00, 0x00, 0x00, 0xC3, 0x00, 0x00, 0x00, 0xA8, 0x00, 0x04, 0x00,
	0x33, 0x00, 0x00, 0x00, 0xC5, 0x00, 0x00, 0x00, 0xC4, 0x00, 0x00, 0x00, 0xA8, 0x00, 0x04, 0x00,
	0x33, 0x00, 0x00, 0x00, 0xC6, 0x00, 0x00, 0x00, 0xC5, 0x00, 0x00, 0x00, 0xF7, 0x00, 0x03, 0x00,
	0xC8, 0x00, 0x00, 0x00, 0x00, 0x00, 0x00, 0x00, 0xFA, 0x00, 0x04, 0x00, 0xC6, 0x00, 0x00, 0x00,
	0xC7, 0x00, 0x00, 0x00, 0xC8, 0x00, 0x00, 0x00, 0xF8, 0x00, 0x02, 0x00, 0xC7, 0x00, 0x00, 0x00,
	0x3D, 0x00, 0x04, 0x00, 0x5F, 0x00, 0x00, 0x00, 0xC9, 0x00, 0x00, 0x00, 0xB0, 0x00, 0x00, 0x00,
	0x3D, 0x00, 0x04, 0x00, 0x5F, 0x00, 0x00, 0x00, 0xCA, 0x00, 0x00, 0x00, 0x64, 0x00, 0x00, 0x00,
	0x94, 0x00, 0x05, 0x00, 0x06, 0x00, 0x00, 0x00, 0xCB, 0x00, 0x00, 0x00, 0xC9, 0x00, 0x00, 0x00,
	0xCA, 0x00, 0x00, 0x00, 0xBC, 0x00, 0x05, 0x00, 0x33, 0x00, 0x00, 0x00, 0xCD, 0x00, 0x00, 0x00,
	0xCB, 0x00, 0x00, 0x00, 0xCC, 0x00, 0x00, 0x00, 0xF9, 0x00, 0x02, 0x00, 0xC8, 0x00, 0x00, 0x00,
	0xF8, 0x00, 0x02, 0x00, 0xC8, 0x00, 0x00, 0x00, 0xF5, 0x00, 0x07, 0x00, 0x33, 0x00, 0x00, 0x00,
	0xCE, 0x00, 0x00, 0x00, 0xC5, 0x00, 0x00, 0x00, 0x90, 0x00, 0x00, 0x00, 0xCD, 0x00, 0x00, 0x00,
	0xC7, 0x00, 0x00, 0x00, 0xF7, 0x00, 0x03, 0x00, 0xD0, 0x00, 0x00, 0x00, 0x00, 0x00, 0x00, 0x00,
	0xFA, 0x00, 0x04, 0x00, 0xCE, 0x00, 0x00, 0x00, 0xCF, 0x00, 0x00, 0x00, 0xD0, 0x00, 0x00, 0x00,
	0xF8, 0x00, 0x02, 0x00, 0xCF, 0x00, 0x00, 0x00, 0x3D, 0x00, 0x04, 0x00, 0x5F, 0x00, 0x00, 0x00,
	0xD1, 0x00, 0x00, 0x00, 0x64, 0x00, 0x00, 0x00, 0x3E, 0x00, 0x03, 0x00, 0xB0, 0x00, 0x00, 0x00,
	0xD1, 0x00, 0x00, 0x00, 0xF9, 0x00, 0x02, 0x00, 0xD0, 0x00, 0x00, 0x00, 0xF8, 0x00, 0x02, 0x00,
	0xD0, 0x00, 0x00, 0x00, 0x3D, 0x00, 0x04, 0x00, 0x5F, 0x00, 0x00, 0x00, 0xD3, 0x00, 0x00, 0x00,
	0x61, 0x00, 0x00, 0x00, 0x3D, 0x00, 0x04, 0x00, 0x5F, 0x00, 0x00, 0x00, 0xD4, 0x00, 0x00, 0x00,
	0x64, 0x00, 0x00, 0x00, 0x41, 0x00, 0x06, 0x00, 0x68, 0x00, 0x00, 0x00, 0xD6, 0x00, 0x00, 0x00,
	0x0E, 0x00, 0x00, 0x00, 0xD5, 0x00, 0x00, 0x00, 0x30, 0x00, 0x00, 0x00, 0x3D, 0x00, 0x04, 0x00,
	0x06, 0x00, 0x00, 0x00, 0xD7, 0x00, 0x00, 0x00, 0xD6, 0x00, 0x00, 0x00, 0x0C, 0x00, 0x07, 0x00,
	0x06, 0x00, 0x00, 0x00, 0xD8, 0x00, 0x00, 0x00, 0x01, 0x00, 0x00, 0x00, 0x28, 0x00, 0x00, 0x00,
	0xD7, 0x00, 0x00, 0x00, 0x2E, 0x00, 0x00, 0x00, 0x8E, 0x00, 0x05, 0x00, 0x5F, 0x00, 0x00, 0x00,
	0xD9, 0x00, 0x00, 0x00, 0xD4, 0x00, 0x00, 0x00, 0xD8, 0x00, 0x00, 0x00, 0x81, 0x00, 0x05, 0x00,
	0x5F, 0x00, 0x00, 0x00, 0xDA, 0x00, 0x00, 0x00, 0xD3, 0x00, 0x00, 0x00, 0xD9, 0x00, 0x00, 0x00,
	0x3E, 0x00, 0x03, 0x00, 0xD2, 0x00, 0x00, 0x00, 0xDA, 0x00, 0x00, 0x00, 0x3E, 0x00, 0x03, 0x00,
	0xDC, 0x00, 0x00, 0x00, 0xDD, 0x00, 0x00, 0x00, 0x3D, 0x00, 0x04, 0x00, 0xDE, 0x00, 0x00, 0x00,
	0xE1, 0x00, 0x00, 0x00, 0xE0, 0x00, 0x00, 0x00, 0x3D, 0x00, 0x04, 0x00, 0x5F, 0x00, 0x00, 0x00,
	0xE4, 0x00, 0x00, 0x00, 0xD2, 0x00, 0x00, 0x00, 0x41, 0x00, 0x06, 0x00, 0x68, 0x00, 0x00, 0x00,
	0xE5, 0x00, 0x00, 0x00, 0x0E, 0x00, 0x00, 0x00, 0xD5, 0x00, 0x00, 0x00, 0xE2, 0x00, 0x00, 0x00,
	0x3D, 0x00, 0x04, 0x00, 0x06, 0x00, 0x00, 0x00, 0xE6, 0x00, 0x00, 0x00, 0xE5, 0x00, 0x00, 0x00,
	0x0C, 0x00, 0x07, 0x00, 0x06, 0x00, 0x00, 0x00, 0xE7, 0x00, 0x00, 0x00, 0x01, 0x00, 0x00, 0x00,
	0x28, 0x00, 0x00, 0x00, 0xE6, 0x00, 0x00, 0x00, 0xCC, 0x00, 0x00, 0x00, 0x3D, 0x00, 0x04, 0x00,
	0x5F, 0x00, 0x00, 0x00, 0xE8, 0x00, 0x00, 0x00, 0xB0, 0x00, 0x00, 0x00, 0x5D, 0x11, 0x0C, 0x00,
	0xE1, 0x00, 0x00, 0x00, 0xE2, 0x00, 0x00, 0x00, 0xE3, 0x00, 0x00, 0x00, 0x30, 0x00, 0x00, 0x00,
	0x30, 0x00, 0x00, 0x00, 0x30, 0x00, 0x00, 0x00, 0xE4, 0x00, 0x00, 0x00, 0xE7, 0x00, 0x00, 0x00,
	0xE8, 0x00, 0x00, 0x00, 0xE9, 0x00, 0x00, 0x00, 0xDC, 0x00, 0x00, 0x00, 0x3D, 0x00, 0x04, 0x00,
	0x0A, 0x00, 0x00, 0x00, 0xEB, 0x00, 0x00, 0x00, 0xDC, 0x00, 0x00, 0x00, 0x4F, 0x00, 0x08, 0x00,
	0x5F, 0x00, 0x00, 0x00, 0xEC, 0x00, 0x00, 0x00, 0xEB, 0x00, 0x00, 0x00, 0xEB, 0x00, 0x00, 0x00,
	0x00, 0x00, 0x00, 0x00, 0x01, 0x00, 0x00, 0x00, 0x02, 0x00, 0x00, 0x00, 0x3E, 0x00, 0x03, 0x00,
	0xEA, 0x00, 0x00, 0x00, 0xEC, 0x00, 0x00, 0x00, 0x3D, 0x00, 0x04, 0x00, 0x5F, 0x00, 0x00, 0x00,
	0xED, 0x00, 0x00, 0x00, 0xEA, 0x00, 0x00, 0x00, 0x3D, 0x00, 0x04, 0x00, 0x5F, 0x00, 0x00, 0x00,
	0xEE, 0x00, 0x00, 0x00, 0xEA, 0x00, 0x00, 0x00, 0xB4, 0x00, 0x05, 0x00, 0xC2, 0x00, 0x00, 0x00,
	0xEF, 0x00, 0x00, 0x00, 0xED, 0x00, 0x00, 0x00, 0xEE, 0x00, 0x00, 0x00, 0x9B, 0x00, 0x04, 0x00,
	0x33, 0x00, 0x00, 0x00, 0xF0, 0x00, 0x00, 0x00, 0xEF, 0x00, 0x00, 0x00, 0xA8, 0x00, 0x04, 0x00,
	0x33, 0x00, 0x00, 0x00, 0xF1, 0x00, 0x00, 0x00, 0xF0, 0x00, 0x00, 0x00, 0xF7, 0x00, 0x03, 0x00,
	0xF3, 0x00, 0x00, 0x00, 0x00, 0x00, 0x00, 0x00, 0xFA, 0x00, 0x04, 0x00, 0xF1, 0x00, 0x00, 0x00,
	0xF2, 0x00, 0x00, 0x00, 0xF3, 0x00, 0x00, 0x00, 0xF8, 0x00, 0x02, 0x00, 0xF2, 0x00, 0x00, 0x00,
	0x3E, 0x00, 0x03, 0x00, 0xEA, 0x00, 0x00, 0x00, 0xF4, 0x00, 0x00, 0x00, 0xF9, 0x00, 0x02, 0x00,
	0xF3, 0x00, 0x00, 0x00, 0xF8, 0x00, 0x02, 0x00, 0xF3, 0x00, 0x00, 0x00, 0x3D, 0x00, 0x04, 0x00,
	0x3A, 0x00, 0x00, 0x00, 0xF5, 0x00, 0x00, 0x00, 0x3C, 0x00, 0x00, 0x00, 0x3D, 0x00, 0x04, 0x00,
	0x1A, 0x00, 0x00, 0x00, 0xF6, 0x00, 0x00, 0x00, 0x1C, 0x00, 0x00, 0x00, 0x4F, 0x00, 0x07, 0x00,
	0x1D, 0x00, 0x00, 0x00, 0xF7, 0x00, 0x00, 0x00, 0xF6, 0x00, 0x00, 0x00, 0xF6, 0x00, 0x00, 0x00,
	0x00, 0x00, 0x00, 0x00, 0x01, 0x00, 0x00, 0x00, 0x7C, 0x00, 0x04, 0x00, 0x40, 0x00, 0x00, 0x00,
	0xF8, 0x00, 0x00, 0x00, 0xF7, 0x00, 0x00, 0x00, 0x3D, 0x00, 0x04, 0x00, 0x5F, 0x00, 0x00, 0x00,
	0xF9, 0x00, 0x00, 0x00, 0xEA, 0x00, 0x00, 0x00, 0x51, 0x00, 0x05, 0x00, 0x06, 0x00, 0x00, 0x00,
	0xFA, 0x00, 0x00, 0x00, 0xF9, 0x00, 0x00, 0x00, 0x00, 0x00, 0x00, 0x00, 0x51, 0x00, 0x05, 0x00,
	0x06, 0x00, 0x00, 0x00, 0xFB, 0x00, 0x00, 0x00, 0xF9, 0x00, 0x00, 0x00, 0x01, 0x00, 0x00, 0x00,
	0x51, 0x00, 0x05, 0x00, 0x06, 0x00, 0x00, 0x00, 0xFC, 0x00, 0x00, 0x00, 0xF9, 0x00, 0x00, 0x00,
	0x02, 0x00, 0x00, 0x00, 0x50, 0x00, 0x07, 0x00, 0x0A, 0x00, 0x00, 0x00, 0xFD, 0x00, 0x00, 0x00,
	0xFA, 0x00, 0x00, 0x00, 0xFB, 0x00, 0x00, 0x00, 0xFC, 0x00, 0x00, 0x00, 0x15, 0x00, 0x00, 0x00,
	0x63, 0x00, 0x04, 0x00, 0xF5, 0x00, 0x00, 0x00, 0xF8, 0x00, 0x00, 0x00, 0xFD, 0x00, 0x00, 0x00,
	0xFD, 0x00, 0x01, 0x00, 0x38, 0x00, 0x01, 0x00
};
#define VK_HYBRID1_DIFFUSE_RGEN_SPV_SIZE (6648u)

/* hybrid1_diffuse_rmiss_spv.spv 2320 bytes */
static const uint8_t vk_hybrid1_diffuse_rmiss_spv[] = {
	0x03, 0x02, 0x23, 0x07, 0x00, 0x05, 0x01, 0x00, 0x0B, 0x00, 0x08, 0x00, 0x3D, 0x00, 0x00, 0x00,
	0x00, 0x00, 0x00, 0x00, 0x11, 0x00, 0x02, 0x00, 0x7F, 0x11, 0x00, 0x00, 0x0A, 0x00, 0x06, 0x00,
	0x53, 0x50, 0x56, 0x5F, 0x4B, 0x48, 0x52, 0x5F, 0x72, 0x61, 0x79, 0x5F, 0x74, 0x72, 0x61, 0x63,
	0x69, 0x6E, 0x67, 0x00, 0x0B, 0x00, 0x06, 0x00, 0x01, 0x00, 0x00, 0x00, 0x47, 0x4C, 0x53, 0x4C,
	0x2E, 0x73, 0x74, 0x64, 0x2E, 0x34, 0x35, 0x30, 0x00, 0x00, 0x00, 0x00, 0x0E, 0x00, 0x03, 0x00,
	0x00, 0x00, 0x00, 0x00, 0x01, 0x00, 0x00, 0x00, 0x0F, 0x00, 0x09, 0x00, 0xC5, 0x14, 0x00, 0x00,
	0x04, 0x00, 0x00, 0x00, 0x6D, 0x61, 0x69, 0x6E, 0x00, 0x00, 0x00, 0x00, 0x1D, 0x00, 0x00, 0x00,
	0x2B, 0x00, 0x00, 0x00, 0x2C, 0x00, 0x00, 0x00, 0x2E, 0x00, 0x00, 0x00, 0x03, 0x00, 0x03, 0x00,
	0x02, 0x00, 0x00, 0x00, 0xCC, 0x01, 0x00, 0x00, 0x04, 0x00, 0x06, 0x00, 0x47, 0x4C, 0x5F, 0x45,
	0x58, 0x54, 0x5F, 0x72, 0x61, 0x79, 0x5F, 0x74, 0x72, 0x61, 0x63, 0x69, 0x6E, 0x67, 0x00, 0x00,
	0x04, 0x00, 0x0A, 0x00, 0x47, 0x4C, 0x5F, 0x47, 0x4F, 0x4F, 0x47, 0x4C, 0x45, 0x5F, 0x63, 0x70,
	0x70, 0x5F, 0x73, 0x74, 0x79, 0x6C, 0x65, 0x5F, 0x6C, 0x69, 0x6E, 0x65, 0x5F, 0x64, 0x69, 0x72,
	0x65, 0x63, 0x74, 0x69, 0x76, 0x65, 0x00, 0x00, 0x04, 0x00, 0x08, 0x00, 0x47, 0x4C, 0x5F, 0x47,
	0x4F, 0x4F, 0x47, 0x4C, 0x45, 0x5F, 0x69, 0x6E, 0x63, 0x6C, 0x75, 0x64, 0x65, 0x5F, 0x64, 0x69,
	0x72, 0x65, 0x63, 0x74, 0x69, 0x76, 0x65, 0x00, 0x05, 0x00, 0x04, 0x00, 0x04, 0x00, 0x00, 0x00,
	0x6D, 0x61, 0x69, 0x6E, 0x00, 0x00, 0x00, 0x00, 0x05, 0x00, 0x0B, 0x00, 0x0F, 0x00, 0x00, 0x00,
	0x68, 0x79, 0x62, 0x72, 0x69, 0x64, 0x31, 0x5F, 0x73, 0x61, 0x6D, 0x70, 0x6C, 0x65, 0x49, 0x72,
	0x72, 0x61, 0x64, 0x69, 0x61, 0x6E, 0x63, 0x65, 0x28, 0x73, 0x43, 0x31, 0x3B, 0x76, 0x66, 0x33,
	0x3B, 0x00, 0x00, 0x00, 0x05, 0x00, 0x06, 0x00, 0x0D, 0x00, 0x00, 0x00, 0x69, 0x72, 0x72, 0x61,
	0x64, 0x69, 0x61, 0x6E, 0x63, 0x65, 0x54, 0x65, 0x78, 0x00, 0x00, 0x00, 0x05, 0x00, 0x03, 0x00,
	0x0E, 0x00, 0x00, 0x00, 0x64, 0x69, 0x72, 0x00, 0x05, 0x00, 0x06, 0x00, 0x1B, 0x00, 0x00, 0x00,
	0x48, 0x79, 0x62, 0x72, 0x69, 0x64, 0x31, 0x46, 0x72, 0x61, 0x6D, 0x65, 0x00, 0x00, 0x00, 0x00,
	0x06, 0x00, 0x06, 0x00, 0x1B, 0x00, 0x00, 0x00, 0x00, 0x00, 0x00, 0x00, 0x69, 0x6E, 0x76, 0x56,
	0x69, 0x65, 0x77, 0x50, 0x72, 0x6F, 0x6A, 0x00, 0x06, 0x00, 0x07, 0x00, 0x1B, 0x00, 0x00, 0x00,
	0x01, 0x00, 0x00, 0x00, 0x70, 0x72, 0x65, 0x76, 0x56, 0x69, 0x65, 0x77, 0x50, 0x72, 0x6F, 0x6A,
	0x00, 0x00, 0x00, 0x00, 0x06, 0x00, 0x06, 0x00, 0x1B, 0x00, 0x00, 0x00, 0x02, 0x00, 0x00, 0x00,
	0x76, 0x69, 0x65, 0x77, 0x50, 0x72, 0x6F, 0x6A, 0x00, 0x00, 0x00, 0x00, 0x06, 0x00, 0x06, 0x00,
	0x1B, 0x00, 0x00, 0x00, 0x03, 0x00, 0x00, 0x00, 0x76, 0x69, 0x65, 0x77, 0x4F, 0x72, 0x69, 0x67,
	0x69, 0x6E, 0x00, 0x00, 0x06, 0x00, 0x07, 0x00, 0x1B, 0x00, 0x00, 0x00, 0x04, 0x00, 0x00, 0x00,
	0x73, 0x75, 0x6E, 0x44, 0x69, 0x72, 0x65, 0x63, 0x74, 0x69, 0x6F, 0x6E, 0x00, 0x00, 0x00, 0x00,
	0x06, 0x00, 0x06, 0x00, 0x1B, 0x00, 0x00, 0x00, 0x05, 0x00, 0x00, 0x00, 0x6F, 0x75, 0x74, 0x70,
	0x75, 0x74, 0x53, 0x69, 0x7A, 0x65, 0x00, 0x00, 0x06, 0x00, 0x05, 0x00, 0x1B, 0x00, 0x00, 0x00,
	0x06, 0x00, 0x00, 0x00, 0x70, 0x61, 0x72, 0x61, 0x6D, 0x73, 0x30, 0x00, 0x06, 0x00, 0x05, 0x00,
	0x1B, 0x00, 0x00, 0x00, 0x07, 0x00, 0x00, 0x00, 0x70, 0x61, 0x72, 0x61, 0x6D, 0x73, 0x31, 0x00,
	0x06, 0x00, 0x05, 0x00, 0x1B, 0x00, 0x00, 0x00, 0x08, 0x00, 0x00, 0x00, 0x70, 0x61, 0x72, 0x61,
	0x6D, 0x73, 0x32, 0x00, 0x06, 0x00, 0x05, 0x00, 0x1B, 0x00, 0x00, 0x00, 0x09, 0x00, 0x00, 0x00,
	0x70, 0x61, 0x72, 0x61, 0x6D, 0x73, 0x33, 0x00, 0x06, 0x00, 0x05, 0x00, 0x1B, 0x00, 0x00, 0x00,
	0x0A, 0x00, 0x00, 0x00, 0x70, 0x61, 0x72, 0x61, 0x6D, 0x73, 0x34, 0x00, 0x06, 0x00, 0x05, 0x00,
	0x1B, 0x00, 0x00, 0x00, 0x0B, 0x00, 0x00, 0x00, 0x70, 0x61, 0x72, 0x61, 0x6D, 0x73, 0x35, 0x00,
	0x06, 0x00, 0x06, 0x00, 0x1B, 0x00, 0x00, 0x00, 0x0C, 0x00, 0x00, 0x00, 0x64, 0x6C, 0x69, 0x67,
	0x68, 0x74, 0x44, 0x69, 0x72, 0x00, 0x00, 0x00, 0x05, 0x00, 0x03, 0x00, 0x1D, 0x00, 0x00, 0x00,
	0x68, 0x31, 0x00, 0x00, 0x05, 0x00, 0x06, 0x00, 0x2B, 0x00, 0x00, 0x00, 0x64, 0x69, 0x66, 0x66,
	0x75, 0x73, 0x65, 0x52, 0x61, 0x64, 0x69, 0x61, 0x6E, 0x63, 0x65, 0x00, 0x05, 0x00, 0x06, 0x00,
	0x2C, 0x00, 0x00, 0x00, 0x69, 0x72, 0x72, 0x61, 0x64, 0x69, 0x61, 0x6E, 0x63, 0x65, 0x54, 0x65,
	0x78, 0x00, 0x00, 0x00, 0x05, 0x00, 0x08, 0x00, 0x2E, 0x00, 0x00, 0x00, 0x67, 0x6C, 0x5F, 0x57,
	0x6F, 0x72, 0x6C, 0x64, 0x52, 0x61, 0x79, 0x44, 0x69, 0x72, 0x65, 0x63, 0x74, 0x69, 0x6F, 0x6E,
	0x45, 0x58, 0x54, 0x00, 0x05, 0x00, 0x04, 0x00, 0x2F, 0x00, 0x00, 0x00, 0x70, 0x61, 0x72, 0x61,
	0x6D, 0x00, 0x00, 0x00, 0x47, 0x00, 0x03, 0x00, 0x1B, 0x00, 0x00, 0x00, 0x02, 0x00, 0x00, 0x00,
	0x48, 0x00, 0x04, 0x00, 0x1B, 0x00, 0x00, 0x00, 0x00, 0x00, 0x00, 0x00, 0x05, 0x00, 0x00, 0x00,
	0x48, 0x00, 0x05, 0x00, 0x1B, 0x00, 0x00, 0x00, 0x00, 0x00, 0x00, 0x00, 0x07, 0x00, 0x00, 0x00,
	0x10, 0x00, 0x00, 0x00, 0x48, 0x00, 0x05, 0x00, 0x1B, 0x00, 0x00, 0x00, 0x00, 0x00, 0x00, 0x00,
	0x23, 0x00, 0x00, 0x00, 0x00, 0x00, 0x00, 0x00, 0x48, 0x00, 0x04, 0x00, 0x1B, 0x00, 0x00, 0x00,
	0x01, 0x00, 0x00, 0x00, 0x05, 0x00, 0x00, 0x00, 0x48, 0x00, 0x05, 0x00, 0x1B, 0x00, 0x00, 0x00,
	0x01, 0x00, 0x00, 0x00, 0x07, 0x00, 0x00, 0x00, 0x10, 0x00, 0x00, 0x00, 0x48, 0x00, 0x05, 0x00,
	0x1B, 0x00, 0x00, 0x00, 0x01, 0x00, 0x00, 0x00, 0x23, 0x00, 0x00, 0x00, 0x40, 0x00, 0x00, 0x00,
	0x48, 0x00, 0x04, 0x00, 0x1B, 0x00, 0x00, 0x00, 0x02, 0x00, 0x00, 0x00, 0x05, 0x00, 0x00, 0x00,
	0x48, 0x00, 0x05, 0x00, 0x1B, 0x00, 0x00, 0x00, 0x02, 0x00, 0x00, 0x00, 0x07, 0x00, 0x00, 0x00,
	0x10, 0x00, 0x00, 0x00, 0x48, 0x00, 0x05, 0x00, 0x1B, 0x00, 0x00, 0x00, 0x02, 0x00, 0x00, 0x00,
	0x23, 0x00, 0x00, 0x00, 0x80, 0x00, 0x00, 0x00, 0x48, 0x00, 0x05, 0x00, 0x1B, 0x00, 0x00, 0x00,
	0x03, 0x00, 0x00, 0x00, 0x23, 0x00, 0x00, 0x00, 0xC0, 0x00, 0x00, 0x00, 0x48, 0x00, 0x05, 0x00,
	0x1B, 0x00, 0x00, 0x00, 0x04, 0x00, 0x00, 0x00, 0x23, 0x00, 0x00, 0x00, 0xD0, 0x00, 0x00, 0x00,
	0x48, 0x00, 0x05, 0x00, 0x1B, 0x00, 0x00, 0x00, 0x05, 0x00, 0x00, 0x00, 0x23, 0x00, 0x00, 0x00,
	0xE0, 0x00, 0x00, 0x00, 0x48, 0x00, 0x05, 0x00, 0x1B, 0x00, 0x00, 0x00, 0x06, 0x00, 0x00, 0x00,
	0x23, 0x00, 0x00, 0x00, 0xF0, 0x00, 0x00, 0x00, 0x48, 0x00, 0x05, 0x00, 0x1B, 0x00, 0x00, 0x00,
	0x07, 0x00, 0x00, 0x00, 0x23, 0x00, 0x00, 0x00, 0x00, 0x01, 0x00, 0x00, 0x48, 0x00, 0x05, 0x00,
	0x1B, 0x00, 0x00, 0x00, 0x08, 0x00, 0x00, 0x00, 0x23, 0x00, 0x00, 0x00, 0x10, 0x01, 0x00, 0x00,
	0x48, 0x00, 0x05, 0x00, 0x1B, 0x00, 0x00, 0x00, 0x09, 0x00, 0x00, 0x00, 0x23, 0x00, 0x00, 0x00,
	0x20, 0x01, 0x00, 0x00, 0x48, 0x00, 0x05, 0x00, 0x1B, 0x00, 0x00, 0x00, 0x0A, 0x00, 0x00, 0x00,
	0x23, 0x00, 0x00, 0x00, 0x30, 0x01, 0x00, 0x00, 0x48, 0x00, 0x05, 0x00, 0x1B, 0x00, 0x00, 0x00,
	0x0B, 0x00, 0x00, 0x00, 0x23, 0x00, 0x00, 0x00, 0x40, 0x01, 0x00, 0x00, 0x48, 0x00, 0x05, 0x00,
	0x1B, 0x00, 0x00, 0x00, 0x0C, 0x00, 0x00, 0x00, 0x23, 0x00, 0x00, 0x00, 0x50, 0x01, 0x00, 0x00,
	0x47, 0x00, 0x04, 0x00, 0x1D, 0x00, 0x00, 0x00, 0x21, 0x00, 0x00, 0x00, 0x02, 0x00, 0x00, 0x00,
	0x47, 0x00, 0x04, 0x00, 0x1D, 0x00, 0x00, 0x00, 0x22, 0x00, 0x00, 0x00, 0x00, 0x00, 0x00, 0x00,
	0x47, 0x00, 0x04, 0x00, 0x2C, 0x00, 0x00, 0x00, 0x21, 0x00, 0x00, 0x00, 0x07, 0x00, 0x00, 0x00,
	0x47, 0x00, 0x04, 0x00, 0x2C, 0x00, 0x00, 0x00, 0x22, 0x00, 0x00, 0x00, 0x00, 0x00, 0x00, 0x00,
	0x47, 0x00, 0x04, 0x00, 0x2E, 0x00, 0x00, 0x00, 0x0B, 0x00, 0x00, 0x00, 0xCA, 0x14, 0x00, 0x00,
	0x13, 0x00, 0x02, 0x00, 0x02, 0x00, 0x00, 0x00, 0x21, 0x00, 0x03, 0x00, 0x03, 0x00, 0x00, 0x00,
	0x02, 0x00, 0x00, 0x00, 0x16, 0x00, 0x03, 0x00, 0x06, 0x00, 0x00, 0x00, 0x20, 0x00, 0x00, 0x00,
	0x19, 0x00, 0x09, 0x00, 0x07, 0x00, 0x00, 0x00, 0x06, 0x00, 0x00, 0x00, 0x03, 0x00, 0x00, 0x00,
	0x00, 0x00, 0x00, 0x00, 0x00, 0x00, 0x00, 0x00, 0x00, 0x00, 0x00, 0x00, 0x01, 0x00, 0x00, 0x00,
	0x00, 0x00, 0x00, 0x00, 0x1B, 0x00, 0x03, 0x00, 0x08, 0x00, 0x00, 0x00, 0x07, 0x00, 0x00, 0x00,
	0x20, 0x00, 0x04, 0x00, 0x09, 0x00, 0x00, 0x00, 0x00, 0x00, 0x00, 0x00, 0x08, 0x00, 0x00, 0x00,
	0x17, 0x00, 0x04, 0x00, 0x0A, 0x00, 0x00, 0x00, 0x06, 0x00, 0x00, 0x00, 0x03, 0x00, 0x00, 0x00,
	0x20, 0x00, 0x04, 0x00, 0x0B, 0x00, 0x00, 0x00, 0x07, 0x00, 0x00, 0x00, 0x0A, 0x00, 0x00, 0x00,
	0x21, 0x00, 0x05, 0x00, 0x0C, 0x00, 0x00, 0x00, 0x0A, 0x00, 0x00, 0x00, 0x09, 0x00, 0x00, 0x00,
	0x0B, 0x00, 0x00, 0x00, 0x17, 0x00, 0x04, 0x00, 0x14, 0x00, 0x00, 0x00, 0x06, 0x00, 0x00, 0x00,
	0x04, 0x00, 0x00, 0x00, 0x2B, 0x00, 0x04, 0x00, 0x06, 0x00, 0x00, 0x00, 0x15, 0x00, 0x00, 0x00,
	0x00, 0x00, 0x00, 0x00, 0x18, 0x00, 0x04, 0x00, 0x1A, 0x00, 0x00, 0x00, 0x14, 0x00, 0x00, 0x00,
	0x04, 0x00, 0x00, 0x00, 0x1E, 0x00, 0x0F, 0x00, 0x1B, 0x00, 0x00, 0x00, 0x1A, 0x00, 0x00, 0x00,
	0x1A, 0x00, 0x00, 0x00, 0x1A, 0x00, 0x00, 0x00, 0x14, 0x00, 0x00, 0x00, 0x14, 0x00, 0x00, 0x00,
	0x14, 0x00, 0x00, 0x00, 0x14, 0x00, 0x00, 0x00, 0x14, 0x00, 0x00, 0x00, 0x14, 0x00, 0x00, 0x00,
	0x14, 0x00, 0x00, 0x00, 0x14, 0x00, 0x00, 0x00, 0x14, 0x00, 0x00, 0x00, 0x14, 0x00, 0x00, 0x00,
	0x20, 0x00, 0x04, 0x00, 0x1C, 0x00, 0x00, 0x00, 0x02, 0x00, 0x00, 0x00, 0x1B, 0x00, 0x00, 0x00,
	0x3B, 0x00, 0x04, 0x00, 0x1C, 0x00, 0x00, 0x00, 0x1D, 0x00, 0x00, 0x00, 0x02, 0x00, 0x00, 0x00,
	0x15, 0x00, 0x04, 0x00, 0x1E, 0x00, 0x00, 0x00, 0x20, 0x00, 0x00, 0x00, 0x01, 0x00, 0x00, 0x00,
	0x2B, 0x00, 0x04, 0x00, 0x1E, 0x00, 0x00, 0x00, 0x1F, 0x00, 0x00, 0x00, 0x07, 0x00, 0x00, 0x00,
	0x15, 0x00, 0x04, 0x00, 0x20, 0x00, 0x00, 0x00, 0x20, 0x00, 0x00, 0x00, 0x00, 0x00, 0x00, 0x00,
	0x2B, 0x00, 0x04, 0x00, 0x20, 0x00, 0x00, 0x00, 0x21, 0x00, 0x00, 0x00, 0x03, 0x00, 0x00, 0x00,
	0x20, 0x00, 0x04, 0x00, 0x22, 0x00, 0x00, 0x00, 0x02, 0x00, 0x00, 0x00, 0x06, 0x00, 0x00, 0x00,
	0x2B, 0x00, 0x04, 0x00, 0x06, 0x00, 0x00, 0x00, 0x25, 0x00, 0x00, 0x00, 0x00, 0x00, 0x00, 0x3F,
	0x14, 0x00, 0x02, 0x00, 0x26, 0x00, 0x00, 0x00, 0x20, 0x00, 0x04, 0x00, 0x2A, 0x00, 0x00, 0x00,
	0xDE, 0x14, 0x00, 0x00, 0x14, 0x00, 0x00, 0x00, 0x3B, 0x00, 0x04, 0x00, 0x2A, 0x00, 0x00, 0x00,
	0x2B, 0x00, 0x00, 0x00, 0xDE, 0x14, 0x00, 0x00, 0x3B, 0x00, 0x04, 0x00, 0x09, 0x00, 0x00, 0x00,
	0x2C, 0x00, 0x00, 0x00, 0x00, 0x00, 0x00, 0x00, 0x20, 0x00, 0x04, 0x00, 0x2D, 0x00, 0x00, 0x00,
	0x01, 0x00, 0x00, 0x00, 0x0A, 0x00, 0x00, 0x00, 0x3B, 0x00, 0x04, 0x00, 0x2D, 0x00, 0x00, 0x00,
	0x2E, 0x00, 0x00, 0x00, 0x01, 0x00, 0x00, 0x00, 0x2B, 0x00, 0x04, 0x00, 0x06, 0x00, 0x00, 0x00,
	0x32, 0x00, 0x00, 0x00, 0x00, 0x00, 0x80, 0x3F, 0x2B, 0x00, 0x04, 0x00, 0x06, 0x00, 0x00, 0x00,
	0x38, 0x00, 0x00, 0x00, 0x33, 0x33, 0xB3, 0x3E, 0x2B, 0x00, 0x04, 0x00, 0x06, 0x00, 0x00, 0x00,
	0x39, 0x00, 0x00, 0x00, 0x3D, 0x0A, 0xD7, 0x3E, 0x2B, 0x00, 0x04, 0x00, 0x06, 0x00, 0x00, 0x00,
	0x3A, 0x00, 0x00, 0x00, 0xCD, 0xCC, 0x0C, 0x3F, 0x2C, 0x00, 0x07, 0x00, 0x14, 0x00, 0x00, 0x00,
	0x3B, 0x00, 0x00, 0x00, 0x38, 0x00, 0x00, 0x00, 0x39, 0x00, 0x00, 0x00, 0x3A, 0x00, 0x00, 0x00,
	0x32, 0x00, 0x00, 0x00, 0x2B, 0x00, 0x04, 0x00, 0x06, 0x00, 0x00, 0x00, 0x3C, 0x00, 0x00, 0x00,
	0x00, 0x00, 0xE0, 0x40, 0x36, 0x00, 0x05, 0x00, 0x02, 0x00, 0x00, 0x00, 0x04, 0x00, 0x00, 0x00,
	0x00, 0x00, 0x00, 0x00, 0x03, 0x00, 0x00, 0x00, 0xF8, 0x00, 0x02, 0x00, 0x05, 0x00, 0x00, 0x00,
	0x3B, 0x00, 0x04, 0x00, 0x0B, 0x00, 0x00, 0x00, 0x2F, 0x00, 0x00, 0x00, 0x07, 0x00, 0x00, 0x00,
	0x41, 0x00, 0x06, 0x00, 0x22, 0x00, 0x00, 0x00, 0x23, 0x00, 0x00, 0x00, 0x1D, 0x00, 0x00, 0x00,
	0x1F, 0x00, 0x00, 0x00, 0x21, 0x00, 0x00, 0x00, 0x3D, 0x00, 0x04, 0x00, 0x06, 0x00, 0x00, 0x00,
	0x24, 0x00, 0x00, 0x00, 0x23, 0x00, 0x00, 0x00, 0xBA, 0x00, 0x05, 0x00, 0x26, 0x00, 0x00, 0x00,
	0x27, 0x00, 0x00, 0x00, 0x24, 0x00, 0x00, 0x00, 0x25, 0x00, 0x00, 0x00, 0xF7, 0x00, 0x03, 0x00,
	0x29, 0x00, 0x00, 0x00, 0x00, 0x00, 0x00, 0x00, 0xFA, 0x00, 0x04, 0x00, 0x27, 0x00, 0x00, 0x00,
	0x28, 0x00, 0x00, 0x00, 0x37, 0x00, 0x00, 0x00, 0xF8, 0x00, 0x02, 0x00, 0x28, 0x00, 0x00, 0x00,
	0x3D, 0x00, 0x04, 0x00, 0x0A, 0x00, 0x00, 0x00, 0x30, 0x00, 0x00, 0x00, 0x2E, 0x00, 0x00, 0x00,
	0x3E, 0x00, 0x03, 0x00, 0x2F, 0x00, 0x00, 0x00, 0x30, 0x00, 0x00, 0x00, 0x39, 0x00, 0x06, 0x00,
	0x0A, 0x00, 0x00, 0x00, 0x31, 0x00, 0x00, 0x00, 0x0F, 0x00, 0x00, 0x00, 0x2C, 0x00, 0x00, 0x00,
	0x2F, 0x00, 0x00, 0x00, 0x51, 0x00, 0x05, 0x00, 0x06, 0x00, 0x00, 0x00, 0x33, 0x00, 0x00, 0x00,
	0x31, 0x00, 0x00, 0x00, 0x00, 0x00, 0x00, 0x00, 0x51, 0x00, 0x05, 0x00, 0x06, 0x00, 0x00, 0x00,
	0x34, 0x00, 0x00, 0x00, 0x31, 0x00, 0x00, 0x00, 0x01, 0x00, 0x00, 0x00, 0x51, 0x00, 0x05, 0x00,
	0x06, 0x00, 0x00, 0x00, 0x35, 0x00, 0x00, 0x00, 0x31, 0x00, 0x00, 0x00, 0x02, 0x00, 0x00, 0x00,
	0x50, 0x00, 0x07, 0x00, 0x14, 0x00, 0x00, 0x00, 0x36, 0x00, 0x00, 0x00, 0x33, 0x00, 0x00, 0x00,
	0x34, 0x00, 0x00, 0x00, 0x35, 0x00, 0x00, 0x00, 0x32, 0x00, 0x00, 0x00, 0x3E, 0x00, 0x03, 0x00,
	0x2B, 0x00, 0x00, 0x00, 0x36, 0x00, 0x00, 0x00, 0xF9, 0x00, 0x02, 0x00, 0x29, 0x00, 0x00, 0x00,
	0xF8, 0x00, 0x02, 0x00, 0x37, 0x00, 0x00, 0x00, 0x3E, 0x00, 0x03, 0x00, 0x2B, 0x00, 0x00, 0x00,
	0x3B, 0x00, 0x00, 0x00, 0xF9, 0x00, 0x02, 0x00, 0x29, 0x00, 0x00, 0x00, 0xF8, 0x00, 0x02, 0x00,
	0x29, 0x00, 0x00, 0x00, 0xFD, 0x00, 0x01, 0x00, 0x38, 0x00, 0x01, 0x00, 0x36, 0x00, 0x05, 0x00,
	0x0A, 0x00, 0x00, 0x00, 0x0F, 0x00, 0x00, 0x00, 0x00, 0x00, 0x00, 0x00, 0x0C, 0x00, 0x00, 0x00,
	0x37, 0x00, 0x03, 0x00, 0x09, 0x00, 0x00, 0x00, 0x0D, 0x00, 0x00, 0x00, 0x37, 0x00, 0x03, 0x00,
	0x0B, 0x00, 0x00, 0x00, 0x0E, 0x00, 0x00, 0x00, 0xF8, 0x00, 0x02, 0x00, 0x10, 0x00, 0x00, 0x00,
	0x3D, 0x00, 0x04, 0x00, 0x08, 0x00, 0x00, 0x00, 0x11, 0x00, 0x00, 0x00, 0x0D, 0x00, 0x00, 0x00,
	0x3D, 0x00, 0x04, 0x00, 0x0A, 0x00, 0x00, 0x00, 0x12, 0x00, 0x00, 0x00, 0x0E, 0x00, 0x00, 0x00,
	0x0C, 0x00, 0x06, 0x00, 0x0A, 0x00, 0x00, 0x00, 0x13, 0x00, 0x00, 0x00, 0x01, 0x00, 0x00, 0x00,
	0x45, 0x00, 0x00, 0x00, 0x12, 0x00, 0x00, 0x00, 0x58, 0x00, 0x07, 0x00, 0x14, 0x00, 0x00, 0x00,
	0x16, 0x00, 0x00, 0x00, 0x11, 0x00, 0x00, 0x00, 0x13, 0x00, 0x00, 0x00, 0x02, 0x00, 0x00, 0x00,
	0x15, 0x00, 0x00, 0x00, 0x4F, 0x00, 0x08, 0x00, 0x0A, 0x00, 0x00, 0x00, 0x17, 0x00, 0x00, 0x00,
	0x16, 0x00, 0x00, 0x00, 0x16, 0x00, 0x00, 0x00, 0x00, 0x00, 0x00, 0x00, 0x01, 0x00, 0x00, 0x00,
	0x02, 0x00, 0x00, 0x00, 0xFE, 0x00, 0x02, 0x00, 0x17, 0x00, 0x00, 0x00, 0x38, 0x00, 0x01, 0x00
};
#define VK_HYBRID1_DIFFUSE_RMISS_SPV_SIZE (2320u)

/* hybrid1_diffuse_rchit_spv.spv 13788 bytes */
static const uint8_t vk_hybrid1_diffuse_rchit_spv[] = {
	0x03, 0x02, 0x23, 0x07, 0x00, 0x05, 0x01, 0x00, 0x0B, 0x00, 0x08, 0x00, 0x32, 0x02, 0x00, 0x00,
	0x00, 0x00, 0x00, 0x00, 0x11, 0x00, 0x02, 0x00, 0x32, 0x00, 0x00, 0x00, 0x11, 0x00, 0x02, 0x00,
	0x7F, 0x11, 0x00, 0x00, 0x0A, 0x00, 0x06, 0x00, 0x53, 0x50, 0x56, 0x5F, 0x4B, 0x48, 0x52, 0x5F,
	0x72, 0x61, 0x79, 0x5F, 0x74, 0x72, 0x61, 0x63, 0x69, 0x6E, 0x67, 0x00, 0x0B, 0x00, 0x06, 0x00,
	0x01, 0x00, 0x00, 0x00, 0x47, 0x4C, 0x53, 0x4C, 0x2E, 0x73, 0x74, 0x64, 0x2E, 0x34, 0x35, 0x30,
	0x00, 0x00, 0x00, 0x00, 0x0E, 0x00, 0x03, 0x00, 0x00, 0x00, 0x00, 0x00, 0x01, 0x00, 0x00, 0x00,
	0x0F, 0x00, 0x14, 0x00, 0xC4, 0x14, 0x00, 0x00, 0x04, 0x00, 0x00, 0x00, 0x6D, 0x61, 0x69, 0x6E,
	0x00, 0x00, 0x00, 0x00, 0x3A, 0x00, 0x00, 0x00, 0x42, 0x00, 0x00, 0x00, 0x50, 0x00, 0x00, 0x00,
	0x77, 0x00, 0x00, 0x00, 0xA8, 0x00, 0x00, 0x00, 0xE9, 0x00, 0x00, 0x00, 0x2E, 0x01, 0x00, 0x00,
	0x4E, 0x01, 0x00, 0x00, 0x6B, 0x01, 0x00, 0x00, 0x8D, 0x01, 0x00, 0x00, 0x9A, 0x01, 0x00, 0x00,
	0x9D, 0x01, 0x00, 0x00, 0xF0, 0x01, 0x00, 0x00, 0x1E, 0x02, 0x00, 0x00, 0x2B, 0x02, 0x00, 0x00,
	0x03, 0x00, 0x03, 0x00, 0x02, 0x00, 0x00, 0x00, 0xCC, 0x01, 0x00, 0x00, 0x04, 0x00, 0x06, 0x00,
	0x47, 0x4C, 0x5F, 0x45, 0x58, 0x54, 0x5F, 0x72, 0x61, 0x79, 0x5F, 0x74, 0x72, 0x61, 0x63, 0x69,
	0x6E, 0x67, 0x00, 0x00, 0x04, 0x00, 0x0A, 0x00, 0x47, 0x4C, 0x5F, 0x47, 0x4F, 0x4F, 0x47, 0x4C,
	0x45, 0x5F, 0x63, 0x70, 0x70, 0x5F, 0x73, 0x74, 0x79, 0x6C, 0x65, 0x5F, 0x6C, 0x69, 0x6E, 0x65,
	0x5F, 0x64, 0x69, 0x72, 0x65, 0x63, 0x74, 0x69, 0x76, 0x65, 0x00, 0x00, 0x04, 0x00, 0x08, 0x00,
	0x47, 0x4C, 0x5F, 0x47, 0x4F, 0x4F, 0x47, 0x4C, 0x45, 0x5F, 0x69, 0x6E, 0x63, 0x6C, 0x75, 0x64,
	0x65, 0x5F, 0x64, 0x69, 0x72, 0x65, 0x63, 0x74, 0x69, 0x76, 0x65, 0x00, 0x05, 0x00, 0x04, 0x00,
	0x04, 0x00, 0x00, 0x00, 0x6D, 0x61, 0x69, 0x6E, 0x00, 0x00, 0x00, 0x00, 0x05, 0x00, 0x0B, 0x00,
	0x0F, 0x00, 0x00, 0x00, 0x68, 0x79, 0x62, 0x72, 0x69, 0x64, 0x31, 0x5F, 0x73, 0x61, 0x6D, 0x70,
	0x6C, 0x65, 0x49, 0x72, 0x72, 0x61, 0x64, 0x69, 0x61, 0x6E, 0x63, 0x65, 0x28, 0x73, 0x43, 0x31,
	0x3B, 0x76, 0x66, 0x33, 0x3B, 0x00, 0x00, 0x00, 0x05, 0x00, 0x06, 0x00, 0x0D, 0x00, 0x00, 0x00,
	0x69, 0x72, 0x72, 0x61, 0x64, 0x69, 0x61, 0x6E, 0x63, 0x65, 0x54, 0x65, 0x78, 0x00, 0x00, 0x00,
	0x05, 0x00, 0x03, 0x00, 0x0E, 0x00, 0x00, 0x00, 0x64, 0x69, 0x72, 0x00, 0x05, 0x00, 0x08, 0x00,
	0x12, 0x00, 0x00, 0x00, 0x68, 0x79, 0x62, 0x72, 0x69, 0x64, 0x31, 0x5F, 0x64, 0x65, 0x66, 0x61,
	0x75, 0x6C, 0x74, 0x41, 0x6C, 0x62, 0x65, 0x64, 0x6F, 0x28, 0x00, 0x00, 0x05, 0x00, 0x0A, 0x00,
	0x14, 0x00, 0x00, 0x00, 0x68, 0x79, 0x62, 0x72, 0x69, 0x64, 0x31, 0x5F, 0x73, 0x61, 0x6D, 0x70,
	0x6C, 0x65, 0x57, 0x6F, 0x72, 0x6C, 0x64, 0x41, 0x6C, 0x62, 0x65, 0x64, 0x6F, 0x53, 0x53, 0x42,
	0x4F, 0x28, 0x00, 0x00, 0x05, 0x00, 0x0A, 0x00, 0x16, 0x00, 0x00, 0x00, 0x68, 0x79, 0x62, 0x72,
	0x69, 0x64, 0x31, 0x5F, 0x73, 0x61, 0x6D, 0x70, 0x6C, 0x65, 0x45, 0x6E, 0x74, 0x69, 0x74, 0x79,
	0x41, 0x6C, 0x62, 0x65, 0x64, 0x6F, 0x53, 0x53, 0x42, 0x4F, 0x28, 0x00, 0x05, 0x00, 0x0A, 0x00,
	0x18, 0x00, 0x00, 0x00, 0x68, 0x79, 0x62, 0x72, 0x69, 0x64, 0x31, 0x5F, 0x73, 0x61, 0x6D, 0x70,
	0x6C, 0x65, 0x57, 0x6F, 0x72, 0x6C, 0x64, 0x4E, 0x6F, 0x72, 0x6D, 0x61, 0x6C, 0x53, 0x53, 0x42,
	0x4F, 0x28, 0x00, 0x00, 0x05, 0x00, 0x0A, 0x00, 0x1A, 0x00, 0x00, 0x00, 0x68, 0x79, 0x62, 0x72,
	0x69, 0x64, 0x31, 0x5F, 0x73, 0x61, 0x6D, 0x70, 0x6C, 0x65, 0x45, 0x6E, 0x74, 0x69, 0x74, 0x79,
	0x4E, 0x6F, 0x72, 0x6D, 0x61, 0x6C, 0x53, 0x53, 0x42, 0x4F, 0x28, 0x00, 0x05, 0x00, 0x09, 0x00,
	0x1C, 0x00, 0x00, 0x00, 0x68, 0x79, 0x62, 0x72, 0x69, 0x64, 0x31, 0x5F, 0x73, 0x61, 0x6D, 0x70,
	0x6C, 0x65, 0x48, 0x69, 0x74, 0x4E, 0x6F, 0x72, 0x6D, 0x61, 0x6C, 0x28, 0x00, 0x00, 0x00, 0x00,
	0x05, 0x00, 0x0A, 0x00, 0x23, 0x00, 0x00, 0x00, 0x68, 0x79, 0x62, 0x72, 0x69, 0x64, 0x31, 0x5F,
	0x73, 0x61, 0x6D, 0x70, 0x6C, 0x65, 0x48, 0x69, 0x74, 0x41, 0x6C, 0x62, 0x65, 0x64, 0x6F, 0x28,
	0x73, 0x32, 0x31, 0x3B, 0x00, 0x00, 0x00, 0x00, 0x05, 0x00, 0x05, 0x00, 0x22, 0x00, 0x00, 0x00,
	0x61, 0x6C, 0x62, 0x65, 0x64, 0x6F, 0x54, 0x65, 0x78, 0x00, 0x00, 0x00, 0x05, 0x00, 0x03, 0x00,
	0x36, 0x00, 0x00, 0x00, 0x6E, 0x00, 0x00, 0x00, 0x05, 0x00, 0x06, 0x00, 0x38, 0x00, 0x00, 0x00,
	0x57, 0x6F, 0x72, 0x6C, 0x64, 0x41, 0x6C, 0x62, 0x65, 0x64, 0x6F, 0x53, 0x53, 0x42, 0x4F, 0x00,
	0x06, 0x00, 0x04, 0x00, 0x38, 0x00, 0x00, 0x00, 0x00, 0x00, 0x00, 0x00, 0x72, 0x67, 0x62, 0x00,
	0x05, 0x00, 0x05, 0x00, 0x3A, 0x00, 0x00, 0x00, 0x77, 0x6F, 0x72, 0x6C, 0x64, 0x41, 0x6C, 0x62,
	0x65, 0x64, 0x6F, 0x00, 0x05, 0x00, 0x09, 0x00, 0x42, 0x00, 0x00, 0x00, 0x67, 0x6C, 0x5F, 0x49,
	0x6E, 0x73, 0x74, 0x61, 0x6E, 0x63, 0x65, 0x43, 0x75, 0x73, 0x74, 0x6F, 0x6D, 0x49, 0x6E, 0x64,
	0x65, 0x78, 0x45, 0x58, 0x54, 0x00, 0x00, 0x00, 0x05, 0x00, 0x06, 0x00, 0x50, 0x00, 0x00, 0x00,
	0x67, 0x6C, 0x5F, 0x50, 0x72, 0x69, 0x6D, 0x69, 0x74, 0x69, 0x76, 0x65, 0x49, 0x44, 0x00, 0x00,
	0x05, 0x00, 0x03, 0x00, 0x5E, 0x00, 0x00, 0x00, 0x69, 0x00, 0x00, 0x00, 0x05, 0x00, 0x03, 0x00,
	0x73, 0x00, 0x00, 0x00, 0x6E, 0x00, 0x00, 0x00, 0x05, 0x00, 0x07, 0x00, 0x75, 0x00, 0x00, 0x00,
	0x45, 0x6E, 0x74, 0x69, 0x74, 0x79, 0x41, 0x6C, 0x62, 0x65, 0x64, 0x6F, 0x53, 0x53, 0x42, 0x4F,
	0x00, 0x00, 0x00, 0x00, 0x06, 0x00, 0x04, 0x00, 0x75, 0x00, 0x00, 0x00, 0x00, 0x00, 0x00, 0x00,
	0x72, 0x67, 0x62, 0x00, 0x05, 0x00, 0x06, 0x00, 0x77, 0x00, 0x00, 0x00, 0x65, 0x6E, 0x74, 0x69,
	0x74, 0x79, 0x41, 0x6C, 0x62, 0x65, 0x64, 0x6F, 0x00, 0x00, 0x00, 0x00, 0x05, 0x00, 0x03, 0x00,
	0x92, 0x00, 0x00, 0x00, 0x69, 0x00, 0x00, 0x00, 0x05, 0x00, 0x03, 0x00, 0xA4, 0x00, 0x00, 0x00,
	0x6E, 0x00, 0x00, 0x00, 0x05, 0x00, 0x06, 0x00, 0xA6, 0x00, 0x00, 0x00, 0x57, 0x6F, 0x72, 0x6C,
	0x64, 0x4E, 0x6F, 0x72, 0x6D, 0x61, 0x6C, 0x53, 0x53, 0x42, 0x4F, 0x00, 0x06, 0x00, 0x05, 0x00,
	0xA6, 0x00, 0x00, 0x00, 0x00, 0x00, 0x00, 0x00, 0x6E, 0x78, 0x79, 0x7A, 0x00, 0x00, 0x00, 0x00,
	0x05, 0x00, 0x05, 0x00, 0xA8, 0x00, 0x00, 0x00, 0x77, 0x6F, 0x72, 0x6C, 0x64, 0x4E, 0x6F, 0x72,
	0x6D, 0x61, 0x6C, 0x00, 0x05, 0x00, 0x03, 0x00, 0xC3, 0x00, 0x00, 0x00, 0x69, 0x00, 0x00, 0x00,
	0x05, 0x00, 0x03, 0x00, 0xC7, 0x00, 0x00, 0x00, 0x4E, 0x00, 0x00, 0x00, 0x05, 0x00, 0x04, 0x00,
	0xD5, 0x00, 0x00, 0x00, 0x6C, 0x65, 0x6E, 0x32, 0x00, 0x00, 0x00, 0x00, 0x05, 0x00, 0x03, 0x00,
	0xE5, 0x00, 0x00, 0x00, 0x6E, 0x00, 0x00, 0x00, 0x05, 0x00, 0x07, 0x00, 0xE7, 0x00, 0x00, 0x00,
	0x45, 0x6E, 0x74, 0x69, 0x74, 0x79, 0x4E, 0x6F, 0x72, 0x6D, 0x61, 0x6C, 0x53, 0x53, 0x42, 0x4F,
	0x00, 0x00, 0x00, 0x00, 0x06, 0x00, 0x05, 0x00, 0xE7, 0x00, 0x00, 0x00, 0x00, 0x00, 0x00, 0x00,
	0x6E, 0x78, 0x79, 0x7A, 0x00, 0x00, 0x00, 0x00, 0x05, 0x00, 0x06, 0x00, 0xE9, 0x00, 0x00, 0x00,
	0x65, 0x6E, 0x74, 0x69, 0x74, 0x79, 0x4E, 0x6F, 0x72, 0x6D, 0x61, 0x6C, 0x00, 0x00, 0x00, 0x00,
	0x05, 0x00, 0x03, 0x00, 0x03, 0x01, 0x00, 0x00, 0x69, 0x00, 0x00, 0x00, 0x05, 0x00, 0x03, 0x00,
	0x07, 0x01, 0x00, 0x00, 0x4E, 0x00, 0x00, 0x00, 0x05, 0x00, 0x04, 0x00, 0x14, 0x01, 0x00, 0x00,
	0x6C, 0x65, 0x6E, 0x32, 0x00, 0x00, 0x00, 0x00, 0x05, 0x00, 0x03, 0x00, 0x23, 0x01, 0x00, 0x00,
	0x4E, 0x00, 0x00, 0x00, 0x05, 0x00, 0x05, 0x00, 0x2C, 0x01, 0x00, 0x00, 0x74, 0x6F, 0x77, 0x61,
	0x72, 0x64, 0x52, 0x61, 0x79, 0x00, 0x00, 0x00, 0x05, 0x00, 0x08, 0x00, 0x2E, 0x01, 0x00, 0x00,
	0x67, 0x6C, 0x5F, 0x57, 0x6F, 0x72, 0x6C, 0x64, 0x52, 0x61, 0x79, 0x44, 0x69, 0x72, 0x65, 0x63,
	0x74, 0x69, 0x6F, 0x6E, 0x45, 0x58, 0x54, 0x00, 0x05, 0x00, 0x04, 0x00, 0x49, 0x01, 0x00, 0x00,
	0x6E, 0x4D, 0x61, 0x74, 0x00, 0x00, 0x00, 0x00, 0x05, 0x00, 0x07, 0x00, 0x4A, 0x01, 0x00, 0x00,
	0x48, 0x79, 0x62, 0x72, 0x69, 0x64, 0x31, 0x50, 0x72, 0x69, 0x6D, 0x4D, 0x61, 0x74, 0x65, 0x72,
	0x69, 0x61, 0x6C, 0x00, 0x06, 0x00, 0x07, 0x00, 0x4A, 0x01, 0x00, 0x00, 0x00, 0x00, 0x00, 0x00,
	0x74, 0x65, 0x78, 0x74, 0x75, 0x72, 0x65, 0x49, 0x6E, 0x64, 0x65, 0x78, 0x00, 0x00, 0x00, 0x00,
	0x06, 0x00, 0x06, 0x00, 0x4A, 0x01, 0x00, 0x00, 0x01, 0x00, 0x00, 0x00, 0x75, 0x76, 0x53, 0x65,
	0x74, 0x46, 0x6C, 0x61, 0x67, 0x73, 0x00, 0x00, 0x05, 0x00, 0x07, 0x00, 0x4C, 0x01, 0x00, 0x00,
	0x50, 0x72, 0x69, 0x6D, 0x4D, 0x61, 0x74, 0x65, 0x72, 0x69, 0x61, 0x6C, 0x53, 0x53, 0x42, 0x4F,
	0x00, 0x00, 0x00, 0x00, 0x06, 0x00, 0x05, 0x00, 0x4C, 0x01, 0x00, 0x00, 0x00, 0x00, 0x00, 0x00,
	0x6D, 0x61, 0x74, 0x73, 0x00, 0x00, 0x00, 0x00, 0x05, 0x00, 0x04, 0x00, 0x4E, 0x01, 0x00, 0x00,
	0x70, 0x72, 0x69, 0x6D, 0x4D, 0x61, 0x74, 0x00, 0x05, 0x00, 0x04, 0x00, 0x52, 0x01, 0x00, 0x00,
	0x70, 0x72, 0x69, 0x6D, 0x49, 0x64, 0x78, 0x00, 0x05, 0x00, 0x04, 0x00, 0x5E, 0x01, 0x00, 0x00,
	0x74, 0x65, 0x78, 0x49, 0x64, 0x78, 0x00, 0x00, 0x05, 0x00, 0x04, 0x00, 0x6A, 0x01, 0x00, 0x00,
	0x6B, 0x65, 0x65, 0x70, 0x00, 0x00, 0x00, 0x00, 0x05, 0x00, 0x08, 0x00, 0x6B, 0x01, 0x00, 0x00,
	0x62, 0x69, 0x6E, 0x64, 0x6C, 0x65, 0x73, 0x73, 0x44, 0x69, 0x66, 0x66, 0x75, 0x73, 0x65, 0x46,
	0x61, 0x6C, 0x6C, 0x62, 0x61, 0x63, 0x6B, 0x00, 0x05, 0x00, 0x04, 0x00, 0x7B, 0x01, 0x00, 0x00,
	0x73, 0x73, 0x62, 0x6F, 0x00, 0x00, 0x00, 0x00, 0x05, 0x00, 0x06, 0x00, 0x8B, 0x01, 0x00, 0x00,
	0x48, 0x79, 0x62, 0x72, 0x69, 0x64, 0x31, 0x46, 0x72, 0x61, 0x6D, 0x65, 0x00, 0x00, 0x00, 0x00,
	0x06, 0x00, 0x06, 0x00, 0x8B, 0x01, 0x00, 0x00, 0x00, 0x00, 0x00, 0x00, 0x69, 0x6E, 0x76, 0x56,
	0x69, 0x65, 0x77, 0x50, 0x72, 0x6F, 0x6A, 0x00, 0x06, 0x00, 0x07, 0x00, 0x8B, 0x01, 0x00, 0x00,
	0x01, 0x00, 0x00, 0x00, 0x70, 0x72, 0x65, 0x76, 0x56, 0x69, 0x65, 0x77, 0x50, 0x72, 0x6F, 0x6A,
	0x00, 0x00, 0x00, 0x00, 0x06, 0x00, 0x06, 0x00, 0x8B, 0x01, 0x00, 0x00, 0x02, 0x00, 0x00, 0x00,
	0x76, 0x69, 0x65, 0x77, 0x50, 0x72, 0x6F, 0x6A, 0x00, 0x00, 0x00, 0x00, 0x06, 0x00, 0x06, 0x00,
	0x8B, 0x01, 0x00, 0x00, 0x03, 0x00, 0x00, 0x00, 0x76, 0x69, 0x65, 0x77, 0x4F, 0x72, 0x69, 0x67,
	0x69, 0x6E, 0x00, 0x00, 0x06, 0x00, 0x07, 0x00, 0x8B, 0x01, 0x00, 0x00, 0x04, 0x00, 0x00, 0x00,
	0x73, 0x75, 0x6E, 0x44, 0x69, 0x72, 0x65, 0x63, 0x74, 0x69, 0x6F, 0x6E, 0x00, 0x00, 0x00, 0x00,
	0x06, 0x00, 0x06, 0x00, 0x8B, 0x01, 0x00, 0x00, 0x05, 0x00, 0x00, 0x00, 0x6F, 0x75, 0x74, 0x70,
	0x75, 0x74, 0x53, 0x69, 0x7A, 0x65, 0x00, 0x00, 0x06, 0x00, 0x05, 0x00, 0x8B, 0x01, 0x00, 0x00,
	0x06, 0x00, 0x00, 0x00, 0x70, 0x61, 0x72, 0x61, 0x6D, 0x73, 0x30, 0x00, 0x06, 0x00, 0x05, 0x00,
	0x8B, 0x01, 0x00, 0x00, 0x07, 0x00, 0x00, 0x00, 0x70, 0x61, 0x72, 0x61, 0x6D, 0x73, 0x31, 0x00,
	0x06, 0x00, 0x05, 0x00, 0x8B, 0x01, 0x00, 0x00, 0x08, 0x00, 0x00, 0x00, 0x70, 0x61, 0x72, 0x61,
	0x6D, 0x73, 0x32, 0x00, 0x06, 0x00, 0x05, 0x00, 0x8B, 0x01, 0x00, 0x00, 0x09, 0x00, 0x00, 0x00,
	0x70, 0x61, 0x72, 0x61, 0x6D, 0x73, 0x33, 0x00, 0x06, 0x00, 0x05, 0x00, 0x8B, 0x01, 0x00, 0x00,
	0x0A, 0x00, 0x00, 0x00, 0x70, 0x61, 0x72, 0x61, 0x6D, 0x73, 0x34, 0x00, 0x06, 0x00, 0x05, 0x00,
	0x8B, 0x01, 0x00, 0x00, 0x0B, 0x00, 0x00, 0x00, 0x70, 0x61, 0x72, 0x61, 0x6D, 0x73, 0x35, 0x00,
	0x06, 0x00, 0x06, 0x00, 0x8B, 0x01, 0x00, 0x00, 0x0C, 0x00, 0x00, 0x00, 0x64, 0x6C, 0x69, 0x67,
	0x68, 0x74, 0x44, 0x69, 0x72, 0x00, 0x00, 0x00, 0x05, 0x00, 0x03, 0x00, 0x8D, 0x01, 0x00, 0x00,
	0x68, 0x31, 0x00, 0x00, 0x05, 0x00, 0x03, 0x00, 0x98, 0x01, 0x00, 0x00, 0x74, 0x00, 0x00, 0x00,
	0x05, 0x00, 0x06, 0x00, 0x9A, 0x01, 0x00, 0x00, 0x67, 0x6C, 0x5F, 0x52, 0x61, 0x79, 0x54, 0x6D,
	0x61, 0x78, 0x45, 0x58, 0x54, 0x00, 0x00, 0x00, 0x05, 0x00, 0x04, 0x00, 0x9C, 0x01, 0x00, 0x00,
	0x68, 0x69, 0x74, 0x50, 0x6F, 0x73, 0x00, 0x00, 0x05, 0x00, 0x08, 0x00, 0x9D, 0x01, 0x00, 0x00,
	0x67, 0x6C, 0x5F, 0x57, 0x6F, 0x72, 0x6C, 0x64, 0x52, 0x61, 0x79, 0x4F, 0x72, 0x69, 0x67, 0x69,
	0x6E, 0x45, 0x58, 0x54, 0x00, 0x00, 0x00, 0x00, 0x05, 0x00, 0x04, 0x00, 0xA4, 0x01, 0x00, 0x00,
	0x63, 0x6C, 0x69, 0x70, 0x00, 0x00, 0x00, 0x00, 0x05, 0x00, 0x03, 0x00, 0xB9, 0x01, 0x00, 0x00,
	0x75, 0x76, 0x00, 0x00, 0x05, 0x00, 0x04, 0x00, 0xDF, 0x01, 0x00, 0x00, 0x61, 0x6C, 0x62, 0x65,
	0x64, 0x6F, 0x00, 0x00, 0x05, 0x00, 0x04, 0x00, 0xEF, 0x01, 0x00, 0x00, 0x62, 0x61, 0x73, 0x65,
	0x00, 0x00, 0x00, 0x00, 0x05, 0x00, 0x05, 0x00, 0xF0, 0x01, 0x00, 0x00, 0x61, 0x6C, 0x62, 0x65,
	0x64, 0x6F, 0x54, 0x65, 0x78, 0x00, 0x00, 0x00, 0x05, 0x00, 0x03, 0x00, 0xF2, 0x01, 0x00, 0x00,
	0x4E, 0x00, 0x00, 0x00, 0x05, 0x00, 0x03, 0x00, 0xF4, 0x01, 0x00, 0x00, 0x68, 0x69, 0x74, 0x00,
	0x05, 0x00, 0x03, 0x00, 0xFE, 0x01, 0x00, 0x00, 0x4C, 0x00, 0x00, 0x00, 0x05, 0x00, 0x05, 0x00,
	0x05, 0x02, 0x00, 0x00, 0x73, 0x75, 0x6E, 0x53, 0x63, 0x61, 0x6C, 0x65, 0x00, 0x00, 0x00, 0x00,
	0x05, 0x00, 0x03, 0x00, 0x0A, 0x02, 0x00, 0x00, 0x6E, 0x64, 0x6C, 0x00, 0x05, 0x00, 0x06, 0x00,
	0x1E, 0x02, 0x00, 0x00, 0x69, 0x72, 0x72, 0x61, 0x64, 0x69, 0x61, 0x6E, 0x63, 0x65, 0x54, 0x65,
	0x78, 0x00, 0x00, 0x00, 0x05, 0x00, 0x04, 0x00, 0x1F, 0x02, 0x00, 0x00, 0x70, 0x61, 0x72, 0x61,
	0x6D, 0x00, 0x00, 0x00, 0x05, 0x00, 0x06, 0x00, 0x2B, 0x02, 0x00, 0x00, 0x64, 0x69, 0x66, 0x66,
	0x75, 0x73, 0x65, 0x52, 0x61, 0x64, 0x69, 0x61, 0x6E, 0x63, 0x65, 0x00, 0x47, 0x00, 0x04, 0x00,
	0x37, 0x00, 0x00, 0x00, 0x06, 0x00, 0x00, 0x00, 0x04, 0x00, 0x00, 0x00, 0x47, 0x00, 0x03, 0x00,
	0x38, 0x00, 0x00, 0x00, 0x02, 0x00, 0x00, 0x00, 0x48, 0x00, 0x04, 0x00, 0x38, 0x00, 0x00, 0x00,
	0x00, 0x00, 0x00, 0x00, 0x18, 0x00, 0x00, 0x00, 0x48, 0x00, 0x05, 0x00, 0x38, 0x00, 0x00, 0x00,
	0x00, 0x00, 0x00, 0x00, 0x23, 0x00, 0x00, 0x00, 0x00, 0x00, 0x00, 0x00, 0x47, 0x00, 0x03, 0x00,
	0x3A, 0x00, 0x00, 0x00, 0x18, 0x00, 0x00, 0x00, 0x47, 0x00, 0x04, 0x00, 0x3A, 0x00, 0x00, 0x00,
	0x21, 0x00, 0x00, 0x00, 0x09, 0x00, 0x00, 0x00, 0x47, 0x00, 0x04, 0x00, 0x3A, 0x00, 0x00, 0x00,
	0x22, 0x00, 0x00, 0x00, 0x00, 0x00, 0x00, 0x00, 0x47, 0x00, 0x04, 0x00, 0x42, 0x00, 0x00, 0x00,
	0x0B, 0x00, 0x00, 0x00, 0xCF, 0x14, 0x00, 0x00, 0x47, 0x00, 0x04, 0x00, 0x50, 0x00, 0x00, 0x00,
	0x0B, 0x00, 0x00, 0x00, 0x07, 0x00, 0x00, 0x00, 0x47, 0x00, 0x04, 0x00, 0x74, 0x00, 0x00, 0x00,
	0x06, 0x00, 0x00, 0x00, 0x04, 0x00, 0x00, 0x00, 0x47, 0x00, 0x03, 0x00, 0x75, 0x00, 0x00, 0x00,
	0x02, 0x00, 0x00, 0x00, 0x48, 0x00, 0x04, 0x00, 0x75, 0x00, 0x00, 0x00, 0x00, 0x00, 0x00, 0x00,
	0x18, 0x00, 0x00, 0x00, 0x48, 0x00, 0x05, 0x00, 0x75, 0x00, 0x00, 0x00, 0x00, 0x00, 0x00, 0x00,
	0x23, 0x00, 0x00, 0x00, 0x00, 0x00, 0x00, 0x00, 0x47, 0x00, 0x03, 0x00, 0x77, 0x00, 0x00, 0x00,
	0x18, 0x00, 0x00, 0x00, 0x47, 0x00, 0x04, 0x00, 0x77, 0x00, 0x00, 0x00, 0x21, 0x00, 0x00, 0x00,
	0x0D, 0x00, 0x00, 0x00, 0x47, 0x00, 0x04, 0x00, 0x77, 0x00, 0x00, 0x00, 0x22, 0x00, 0x00, 0x00,
	0x00, 0x00, 0x00, 0x00, 0x47, 0x00, 0x04, 0x00, 0xA5, 0x00, 0x00, 0x00, 0x06, 0x00, 0x00, 0x00,
	0x04, 0x00, 0x00, 0x00, 0x47, 0x00, 0x03, 0x00, 0xA6, 0x00, 0x00, 0x00, 0x02, 0x00, 0x00, 0x00,
	0x48, 0x00, 0x04, 0x00, 0xA6, 0x00, 0x00, 0x00, 0x00, 0x00, 0x00, 0x00, 0x18, 0x00, 0x00, 0x00,
	0x48, 0x00, 0x05, 0x00, 0xA6, 0x00, 0x00, 0x00, 0x00, 0x00, 0x00, 0x00, 0x23, 0x00, 0x00, 0x00,
	0x00, 0x00, 0x00, 0x00, 0x47, 0x00, 0x03, 0x00, 0xA8, 0x00, 0x00, 0x00, 0x18, 0x00, 0x00, 0x00,
	0x47, 0x00, 0x04, 0x00, 0xA8, 0x00, 0x00, 0x00, 0x21, 0x00, 0x00, 0x00, 0x0C, 0x00, 0x00, 0x00,
	0x47, 0x00, 0x04, 0x00, 0xA8, 0x00, 0x00, 0x00, 0x22, 0x00, 0x00, 0x00, 0x00, 0x00, 0x00, 0x00,
	0x47, 0x00, 0x04, 0x00, 0xE6, 0x00, 0x00, 0x00, 0x06, 0x00, 0x00, 0x00, 0x04, 0x00, 0x00, 0x00,
	0x47, 0x00, 0x03, 0x00, 0xE7, 0x00, 0x00, 0x00, 0x02, 0x00, 0x00, 0x00, 0x48, 0x00, 0x04, 0x00,
	0xE7, 0x00, 0x00, 0x00, 0x00, 0x00, 0x00, 0x00, 0x18, 0x00, 0x00, 0x00, 0x48, 0x00, 0x05, 0x00,
	0xE7, 0x00, 0x00, 0x00, 0x00, 0x00, 0x00, 0x00, 0x23, 0x00, 0x00, 0x00, 0x00, 0x00, 0x00, 0x00,
	0x47, 0x00, 0x03, 0x00, 0xE9, 0x00, 0x00, 0x00, 0x18, 0x00, 0x00, 0x00, 0x47, 0x00, 0x04, 0x00,
	0xE9, 0x00, 0x00, 0x00, 0x21, 0x00, 0x00, 0x00, 0x0E, 0x00, 0x00, 0x00, 0x47, 0x00, 0x04, 0x00,
	0xE9, 0x00, 0x00, 0x00, 0x22, 0x00, 0x00, 0x00, 0x00, 0x00, 0x00, 0x00, 0x47, 0x00, 0x04, 0x00,
	0x2E, 0x01, 0x00, 0x00, 0x0B, 0x00, 0x00, 0x00, 0xCA, 0x14, 0x00, 0x00, 0x48, 0x00, 0x05, 0x00,
	0x4A, 0x01, 0x00, 0x00, 0x00, 0x00, 0x00, 0x00, 0x23, 0x00, 0x00, 0x00, 0x00, 0x00, 0x00, 0x00,
	0x48, 0x00, 0x05, 0x00, 0x4A, 0x01, 0x00, 0x00, 0x01, 0x00, 0x00, 0x00, 0x23, 0x00, 0x00, 0x00,
	0x04, 0x00, 0x00, 0x00, 0x47, 0x00, 0x04, 0x00, 0x4B, 0x01, 0x00, 0x00, 0x06, 0x00, 0x00, 0x00,
	0x08, 0x00, 0x00, 0x00, 0x47, 0x00, 0x03, 0x00, 0x4C, 0x01, 0x00, 0x00, 0x02, 0x00, 0x00, 0x00,
	0x48, 0x00, 0x04, 0x00, 0x4C, 0x01, 0x00, 0x00, 0x00, 0x00, 0x00, 0x00, 0x18, 0x00, 0x00, 0x00,
	0x48, 0x00, 0x05, 0x00, 0x4C, 0x01, 0x00, 0x00, 0x00, 0x00, 0x00, 0x00, 0x23, 0x00, 0x00, 0x00,
	0x00, 0x00, 0x00, 0x00, 0x47, 0x00, 0x03, 0x00, 0x4E, 0x01, 0x00, 0x00, 0x18, 0x00, 0x00, 0x00,
	0x47, 0x00, 0x04, 0x00, 0x4E, 0x01, 0x00, 0x00, 0x21, 0x00, 0x00, 0x00, 0x10, 0x00, 0x00, 0x00,
	0x47, 0x00, 0x04, 0x00, 0x4E, 0x01, 0x00, 0x00, 0x22, 0x00, 0x00, 0x00, 0x00, 0x00, 0x00, 0x00,
	0x47, 0x00, 0x04, 0x00, 0x6B, 0x01, 0x00, 0x00, 0x21, 0x00, 0x00, 0x00, 0x0F, 0x00, 0x00, 0x00,
	0x47, 0x00, 0x04, 0x00, 0x6B, 0x01, 0x00, 0x00, 0x22, 0x00, 0x00, 0x00, 0x00, 0x00, 0x00, 0x00,
	0x47, 0x00, 0x03, 0x00, 0x8B, 0x01, 0x00, 0x00, 0x02, 0x00, 0x00, 0x00, 0x48, 0x00, 0x04, 0x00,
	0x8B, 0x01, 0x00, 0x00, 0x00, 0x00, 0x00, 0x00, 0x05, 0x00, 0x00, 0x00, 0x48, 0x00, 0x05, 0x00,
	0x8B, 0x01, 0x00, 0x00, 0x00, 0x00, 0x00, 0x00, 0x07, 0x00, 0x00, 0x00, 0x10, 0x00, 0x00, 0x00,
	0x48, 0x00, 0x05, 0x00, 0x8B, 0x01, 0x00, 0x00, 0x00, 0x00, 0x00, 0x00, 0x23, 0x00, 0x00, 0x00,
	0x00, 0x00, 0x00, 0x00, 0x48, 0x00, 0x04, 0x00, 0x8B, 0x01, 0x00, 0x00, 0x01, 0x00, 0x00, 0x00,
	0x05, 0x00, 0x00, 0x00, 0x48, 0x00, 0x05, 0x00, 0x8B, 0x01, 0x00, 0x00, 0x01, 0x00, 0x00, 0x00,
	0x07, 0x00, 0x00, 0x00, 0x10, 0x00, 0x00, 0x00, 0x48, 0x00, 0x05, 0x00, 0x8B, 0x01, 0x00, 0x00,
	0x01, 0x00, 0x00, 0x00, 0x23, 0x00, 0x00, 0x00, 0x40, 0x00, 0x00, 0x00, 0x48, 0x00, 0x04, 0x00,
	0x8B, 0x01, 0x00, 0x00, 0x02, 0x00, 0x00, 0x00, 0x05, 0x00, 0x00, 0x00, 0x48, 0x00, 0x05, 0x00,
	0x8B, 0x01, 0x00, 0x00, 0x02, 0x00, 0x00, 0x00, 0x07, 0x00, 0x00, 0x00, 0x10, 0x00, 0x00, 0x00,
	0x48, 0x00, 0x05, 0x00, 0x8B, 0x01, 0x00, 0x00, 0x02, 0x00, 0x00, 0x00, 0x23, 0x00, 0x00, 0x00,
	0x80, 0x00, 0x00, 0x00, 0x48, 0x00, 0x05, 0x00, 0x8B, 0x01, 0x00, 0x00, 0x03, 0x00, 0x00, 0x00,
	0x23, 0x00, 0x00, 0x00, 0xC0, 0x00, 0x00, 0x00, 0x48, 0x00, 0x05, 0x00, 0x8B, 0x01, 0x00, 0x00,
	0x04, 0x00, 0x00, 0x00, 0x23, 0x00, 0x00, 0x00, 0xD0, 0x00, 0x00, 0x00, 0x48, 0x00, 0x05, 0x00,
	0x8B, 0x01, 0x00, 0x00, 0x05, 0x00, 0x00, 0x00, 0x23, 0x00, 0x00, 0x00, 0xE0, 0x00, 0x00, 0x00,
	0x48, 0x00, 0x05, 0x00, 0x8B, 0x01, 0x00, 0x00, 0x06, 0x00, 0x00, 0x00, 0x23, 0x00, 0x00, 0x00,
	0xF0, 0x00, 0x00, 0x00, 0x48, 0x00, 0x05, 0x00, 0x8B, 0x01, 0x00, 0x00, 0x07, 0x00, 0x00, 0x00,
	0x23, 0x00, 0x00, 0x00, 0x00, 0x01, 0x00, 0x00, 0x48, 0x00, 0x05, 0x00, 0x8B, 0x01, 0x00, 0x00,
	0x08, 0x00, 0x00, 0x00, 0x23, 0x00, 0x00, 0x00, 0x10, 0x01, 0x00, 0x00, 0x48, 0x00, 0x05, 0x00,
	0x8B, 0x01, 0x00, 0x00, 0x09, 0x00, 0x00, 0x00, 0x23, 0x00, 0x00, 0x00, 0x20, 0x01, 0x00, 0x00,
	0x48, 0x00, 0x05, 0x00, 0x8B, 0x01, 0x00, 0x00, 0x0A, 0x00, 0x00, 0x00, 0x23, 0x00, 0x00, 0x00,
	0x30, 0x01, 0x00, 0x00, 0x48, 0x00, 0x05, 0x00, 0x8B, 0x01, 0x00, 0x00, 0x0B, 0x00, 0x00, 0x00,
	0x23, 0x00, 0x00, 0x00, 0x40, 0x01, 0x00, 0x00, 0x48, 0x00, 0x05, 0x00, 0x8B, 0x01, 0x00, 0x00,
	0x0C, 0x00, 0x00, 0x00, 0x23, 0x00, 0x00, 0x00, 0x50, 0x01, 0x00, 0x00, 0x47, 0x00, 0x04, 0x00,
	0x8D, 0x01, 0x00, 0x00, 0x21, 0x00, 0x00, 0x00, 0x02, 0x00, 0x00, 0x00, 0x47, 0x00, 0x04, 0x00,
	0x8D, 0x01, 0x00, 0x00, 0x22, 0x00, 0x00, 0x00, 0x00, 0x00, 0x00, 0x00, 0x47, 0x00, 0x04, 0x00,
	0x9A, 0x01, 0x00, 0x00, 0x0B, 0x00, 0x00, 0x00, 0xCE, 0x14, 0x00, 0x00, 0x47, 0x00, 0x04, 0x00,
	0x9D, 0x01, 0x00, 0x00, 0x0B, 0x00, 0x00, 0x00, 0xC9, 0x14, 0x00, 0x00, 0x47, 0x00, 0x04, 0x00,
	0xF0, 0x01, 0x00, 0x00, 0x21, 0x00, 0x00, 0x00, 0x08, 0x00, 0x00, 0x00, 0x47, 0x00, 0x04, 0x00,
	0xF0, 0x01, 0x00, 0x00, 0x22, 0x00, 0x00, 0x00, 0x00, 0x00, 0x00, 0x00, 0x47, 0x00, 0x04, 0x00,
	0x1E, 0x02, 0x00, 0x00, 0x21, 0x00, 0x00, 0x00, 0x07, 0x00, 0x00, 0x00, 0x47, 0x00, 0x04, 0x00,
	0x1E, 0x02, 0x00, 0x00, 0x22, 0x00, 0x00, 0x00, 0x00, 0x00, 0x00, 0x00, 0x13, 0x00, 0x02, 0x00,
	0x02, 0x00, 0x00, 0x00, 0x21, 0x00, 0x03, 0x00, 0x03, 0x00, 0x00, 0x00, 0x02, 0x00, 0x00, 0x00,
	0x16, 0x00, 0x03, 0x00, 0x06, 0x00, 0x00, 0x00, 0x20, 0x00, 0x00, 0x00, 0x19, 0x00, 0x09, 0x00,
	0x07, 0x00, 0x00, 0x00, 0x06, 0x00, 0x00, 0x00, 0x03, 0x00, 0x00, 0x00, 0x00, 0x00, 0x00, 0x00,
	0x00, 0x00, 0x00, 0x00, 0x00, 0x00, 0x00, 0x00, 0x01, 0x00, 0x00, 0x00, 0x00, 0x00, 0x00, 0x00,
	0x1B, 0x00, 0x03, 0x00, 0x08, 0x00, 0x00, 0x00, 0x07, 0x00, 0x00, 0x00, 0x20, 0x00, 0x04, 0x00,
	0x09, 0x00, 0x00, 0x00, 0x00, 0x00, 0x00, 0x00, 0x08, 0x00, 0x00, 0x00, 0x17, 0x00, 0x04, 0x00,
	0x0A, 0x00, 0x00, 0x00, 0x06, 0x00, 0x00, 0x00, 0x03, 0x00, 0x00, 0x00, 0x20, 0x00, 0x04, 0x00,
	0x0B, 0x00, 0x00, 0x00, 0x07, 0x00, 0x00, 0x00, 0x0A, 0x00, 0x00, 0x00, 0x21, 0x00, 0x05, 0x00,
	0x0C, 0x00, 0x00, 0x00, 0x0A, 0x00, 0x00, 0x00, 0x09, 0x00, 0x00, 0x00, 0x0B, 0x00, 0x00, 0x00,
	0x21, 0x00, 0x03, 0x00, 0x11, 0x00, 0x00, 0x00, 0x0A, 0x00, 0x00, 0x00, 0x19, 0x00, 0x09, 0x00,
	0x1E, 0x00, 0x00, 0x00, 0x06, 0x00, 0x00, 0x00, 0x01, 0x00, 0x00, 0x00, 0x00, 0x00, 0x00, 0x00,
	0x00, 0x00, 0x00, 0x00, 0x00, 0x00, 0x00, 0x00, 0x01, 0x00, 0x00, 0x00, 0x00, 0x00, 0x00, 0x00,
	0x1B, 0x00, 0x03, 0x00, 0x1F, 0x00, 0x00, 0x00, 0x1E, 0x00, 0x00, 0x00, 0x20, 0x00, 0x04, 0x00,
	0x20, 0x00, 0x00, 0x00, 0x00, 0x00, 0x00, 0x00, 0x1F, 0x00, 0x00, 0x00, 0x21, 0x00, 0x04, 0x00,
	0x21, 0x00, 0x00, 0x00, 0x0A, 0x00, 0x00, 0x00, 0x20, 0x00, 0x00, 0x00, 0x17, 0x00, 0x04, 0x00,
	0x28, 0x00, 0x00, 0x00, 0x06, 0x00, 0x00, 0x00, 0x04, 0x00, 0x00, 0x00, 0x2B, 0x00, 0x04, 0x00,
	0x06, 0x00, 0x00, 0x00, 0x29, 0x00, 0x00, 0x00, 0x00, 0x00, 0x00, 0x00, 0x2B, 0x00, 0x04, 0x00,
	0x06, 0x00, 0x00, 0x00, 0x2E, 0x00, 0x00, 0x00, 0xEC, 0x51, 0x38, 0x3F, 0x2B, 0x00, 0x04, 0x00,
	0x06, 0x00, 0x00, 0x00, 0x2F, 0x00, 0x00, 0x00, 0x33, 0x33, 0x33, 0x3F, 0x2B, 0x00, 0x04, 0x00,
	0x06, 0x00, 0x00, 0x00, 0x30, 0x00, 0x00, 0x00, 0xC3, 0xF5, 0x28, 0x3F, 0x2C, 0x00, 0x06, 0x00,
	0x0A, 0x00, 0x00, 0x00, 0x31, 0x00, 0x00, 0x00, 0x2E, 0x00, 0x00, 0x00, 0x2F, 0x00, 0x00, 0x00,
	0x30, 0x00, 0x00, 0x00, 0x15, 0x00, 0x04, 0x00, 0x34, 0x00, 0x00, 0x00, 0x20, 0x00, 0x00, 0x00,
	0x00, 0x00, 0x00, 0x00, 0x20, 0x00, 0x04, 0x00, 0x35, 0x00, 0x00, 0x00, 0x07, 0x00, 0x00, 0x00,
	0x34, 0x00, 0x00, 0x00, 0x1D, 0x00, 0x03, 0x00, 0x37, 0x00, 0x00, 0x00, 0x06, 0x00, 0x00, 0x00,
	0x1E, 0x00, 0x03, 0x00, 0x38, 0x00, 0x00, 0x00, 0x37, 0x00, 0x00, 0x00, 0x20, 0x00, 0x04, 0x00,
	0x39, 0x00, 0x00, 0x00, 0x0C, 0x00, 0x00, 0x00, 0x38, 0x00, 0x00, 0x00, 0x3B, 0x00, 0x04, 0x00,
	0x39, 0x00, 0x00, 0x00, 0x3A, 0x00, 0x00, 0x00, 0x0C, 0x00, 0x00, 0x00, 0x15, 0x00, 0x04, 0x00,
	0x3C, 0x00, 0x00, 0x00, 0x20, 0x00, 0x00, 0x00, 0x01, 0x00, 0x00, 0x00, 0x2B, 0x00, 0x04, 0x00,
	0x34, 0x00, 0x00, 0x00, 0x3F, 0x00, 0x00, 0x00, 0x03, 0x00, 0x00, 0x00, 0x20, 0x00, 0x04, 0x00,
	0x41, 0x00, 0x00, 0x00, 0x01, 0x00, 0x00, 0x00, 0x3C, 0x00, 0x00, 0x00, 0x3B, 0x00, 0x04, 0x00,
	0x41, 0x00, 0x00, 0x00, 0x42, 0x00, 0x00, 0x00, 0x01, 0x00, 0x00, 0x00, 0x2B, 0x00, 0x04, 0x00,
	0x3C, 0x00, 0x00, 0x00, 0x44, 0x00, 0x00, 0x00, 0x00, 0x00, 0x00, 0x00, 0x14, 0x00, 0x02, 0x00,
	0x45, 0x00, 0x00, 0x00, 0x2B, 0x00, 0x04, 0x00, 0x34, 0x00, 0x00, 0x00, 0x48, 0x00, 0x00, 0x00,
	0x00, 0x00, 0x00, 0x00, 0x2B, 0x00, 0x04, 0x00, 0x06, 0x00, 0x00, 0x00, 0x4D, 0x00, 0x00, 0x00,
	0x00, 0x00, 0x80, 0xBF, 0x2C, 0x00, 0x06, 0x00, 0x0A, 0x00, 0x00, 0x00, 0x4E, 0x00, 0x00, 0x00,
	0x4D, 0x00, 0x00, 0x00, 0x4D, 0x00, 0x00, 0x00, 0x4D, 0x00, 0x00, 0x00, 0x3B, 0x00, 0x04, 0x00,
	0x41, 0x00, 0x00, 0x00, 0x50, 0x00, 0x00, 0x00, 0x01, 0x00, 0x00, 0x00, 0x20, 0x00, 0x04, 0x00,
	0x63, 0x00, 0x00, 0x00, 0x0C, 0x00, 0x00, 0x00, 0x06, 0x00, 0x00, 0x00, 0x2B, 0x00, 0x04, 0x00,
	0x34, 0x00, 0x00, 0x00, 0x67, 0x00, 0x00, 0x00, 0x01, 0x00, 0x00, 0x00, 0x2B, 0x00, 0x04, 0x00,
	0x34, 0x00, 0x00, 0x00, 0x6C, 0x00, 0x00, 0x00, 0x02, 0x00, 0x00, 0x00, 0x1D, 0x00, 0x03, 0x00,
	0x74, 0x00, 0x00, 0x00, 0x06, 0x00, 0x00, 0x00, 0x1E, 0x00, 0x03, 0x00, 0x75, 0x00, 0x00, 0x00,
	0x74, 0x00, 0x00, 0x00, 0x20, 0x00, 0x04, 0x00, 0x76, 0x00, 0x00, 0x00, 0x0C, 0x00, 0x00, 0x00,
	0x75, 0x00, 0x00, 0x00, 0x3B, 0x00, 0x04, 0x00, 0x76, 0x00, 0x00, 0x00, 0x77, 0x00, 0x00, 0x00,
	0x0C, 0x00, 0x00, 0x00, 0x2B, 0x00, 0x04, 0x00, 0x3C, 0x00, 0x00, 0x00, 0x7D, 0x00, 0x00, 0x00,
	0x01, 0x00, 0x00, 0x00, 0x1D, 0x00, 0x03, 0x00, 0xA5, 0x00, 0x00, 0x00, 0x06, 0x00, 0x00, 0x00,
	0x1E, 0x00, 0x03, 0x00, 0xA6, 0x00, 0x00, 0x00, 0xA5, 0x00, 0x00, 0x00, 0x20, 0x00, 0x04, 0x00,
	0xA7, 0x00, 0x00, 0x00, 0x0C, 0x00, 0x00, 0x00, 0xA6, 0x00, 0x00, 0x00, 0x3B, 0x00, 0x04, 0x00,
	0xA7, 0x00, 0x00, 0x00, 0xA8, 0x00, 0x00, 0x00, 0x0C, 0x00, 0x00, 0x00, 0x2C, 0x00, 0x06, 0x00,
	0x0A, 0x00, 0x00, 0x00, 0xB4, 0x00, 0x00, 0x00, 0x29, 0x00, 0x00, 0x00, 0x29, 0x00, 0x00, 0x00,
	0x29, 0x00, 0x00, 0x00, 0x20, 0x00, 0x04, 0x00, 0xD4, 0x00, 0x00, 0x00, 0x07, 0x00, 0x00, 0x00,
	0x06, 0x00, 0x00, 0x00, 0x2B, 0x00, 0x04, 0x00, 0x06, 0x00, 0x00, 0x00, 0xDA, 0x00, 0x00, 0x00,
	0x77, 0xCC, 0x2B, 0x32, 0x1D, 0x00, 0x03, 0x00, 0xE6, 0x00, 0x00, 0x00, 0x06, 0x00, 0x00, 0x00,
	0x1E, 0x00, 0x03, 0x00, 0xE7, 0x00, 0x00, 0x00, 0xE6, 0x00, 0x00, 0x00, 0x20, 0x00, 0x04, 0x00,
	0xE8, 0x00, 0x00, 0x00, 0x0C, 0x00, 0x00, 0x00, 0xE7, 0x00, 0x00, 0x00, 0x3B, 0x00, 0x04, 0x00,
	0xE8, 0x00, 0x00, 0x00, 0xE9, 0x00, 0x00, 0x00, 0x0C, 0x00, 0x00, 0x00, 0x20, 0x00, 0x04, 0x00,
	0x2D, 0x01, 0x00, 0x00, 0x01, 0x00, 0x00, 0x00, 0x0A, 0x00, 0x00, 0x00, 0x3B, 0x00, 0x04, 0x00,
	0x2D, 0x01, 0x00, 0x00, 0x2E, 0x01, 0x00, 0x00, 0x01, 0x00, 0x00, 0x00, 0x1E, 0x00, 0x04, 0x00,
	0x4A, 0x01, 0x00, 0x00, 0x34, 0x00, 0x00, 0x00, 0x34, 0x00, 0x00, 0x00, 0x1D, 0x00, 0x03, 0x00,
	0x4B, 0x01, 0x00, 0x00, 0x4A, 0x01, 0x00, 0x00, 0x1E, 0x00, 0x03, 0x00, 0x4C, 0x01, 0x00, 0x00,
	0x4B, 0x01, 0x00, 0x00, 0x20, 0x00, 0x04, 0x00, 0x4D, 0x01, 0x00, 0x00, 0x0C, 0x00, 0x00, 0x00,
	0x4C, 0x01, 0x00, 0x00, 0x3B, 0x00, 0x04, 0x00, 0x4D, 0x01, 0x00, 0x00, 0x4E, 0x01, 0x00, 0x00,
	0x0C, 0x00, 0x00, 0x00, 0x20, 0x00, 0x04, 0x00, 0x60, 0x01, 0x00, 0x00, 0x0C, 0x00, 0x00, 0x00,
	0x34, 0x00, 0x00, 0x00, 0x2B, 0x00, 0x04, 0x00, 0x34, 0x00, 0x00, 0x00, 0x64, 0x01, 0x00, 0x00,
	0xFF, 0xFF, 0xFF, 0xFF, 0x17, 0x00, 0x04, 0x00, 0x68, 0x01, 0x00, 0x00, 0x06, 0x00, 0x00, 0x00,
	0x02, 0x00, 0x00, 0x00, 0x20, 0x00, 0x04, 0x00, 0x69, 0x01, 0x00, 0x00, 0x07, 0x00, 0x00, 0x00,
	0x68, 0x01, 0x00, 0x00, 0x3B, 0x00, 0x04, 0x00, 0x20, 0x00, 0x00, 0x00, 0x6B, 0x01, 0x00, 0x00,
	0x00, 0x00, 0x00, 0x00, 0x17, 0x00, 0x04, 0x00, 0x6E, 0x01, 0x00, 0x00, 0x3C, 0x00, 0x00, 0x00,
	0x02, 0x00, 0x00, 0x00, 0x18, 0x00, 0x04, 0x00, 0x8A, 0x01, 0x00, 0x00, 0x28, 0x00, 0x00, 0x00,
	0x04, 0x00, 0x00, 0x00, 0x1E, 0x00, 0x0F, 0x00, 0x8B, 0x01, 0x00, 0x00, 0x8A, 0x01, 0x00, 0x00,
	0x8A, 0x01, 0x00, 0x00, 0x8A, 0x01, 0x00, 0x00, 0x28, 0x00, 0x00, 0x00, 0x28, 0x00, 0x00, 0x00,
	0x28, 0x00, 0x00, 0x00, 0x28, 0x00, 0x00, 0x00, 0x28, 0x00, 0x00, 0x00, 0x28, 0x00, 0x00, 0x00,
	0x28, 0x00, 0x00, 0x00, 0x28, 0x00, 0x00, 0x00, 0x28, 0x00, 0x00, 0x00, 0x28, 0x00, 0x00, 0x00,
	0x20, 0x00, 0x04, 0x00, 0x8C, 0x01, 0x00, 0x00, 0x02, 0x00, 0x00, 0x00, 0x8B, 0x01, 0x00, 0x00,
	0x3B, 0x00, 0x04, 0x00, 0x8C, 0x01, 0x00, 0x00, 0x8D, 0x01, 0x00, 0x00, 0x02, 0x00, 0x00, 0x00,
	0x2B, 0x00, 0x04, 0x00, 0x3C, 0x00, 0x00, 0x00, 0x8E, 0x01, 0x00, 0x00, 0x07, 0x00, 0x00, 0x00,
	0x20, 0x00, 0x04, 0x00, 0x8F, 0x01, 0x00, 0x00, 0x02, 0x00, 0x00, 0x00, 0x06, 0x00, 0x00, 0x00,
	0x2B, 0x00, 0x04, 0x00, 0x06, 0x00, 0x00, 0x00, 0x92, 0x01, 0x00, 0x00, 0x00, 0x00, 0x00, 0x3F,
	0x20, 0x00, 0x04, 0x00, 0x99, 0x01, 0x00, 0x00, 0x01, 0x00, 0x00, 0x00, 0x06, 0x00, 0x00, 0x00,
	0x3B, 0x00, 0x04, 0x00, 0x99, 0x01, 0x00, 0x00, 0x9A, 0x01, 0x00, 0x00, 0x01, 0x00, 0x00, 0x00,
	0x3B, 0x00, 0x04, 0x00, 0x2D, 0x01, 0x00, 0x00, 0x9D, 0x01, 0x00, 0x00, 0x01, 0x00, 0x00, 0x00,
	0x20, 0x00, 0x04, 0x00, 0xA3, 0x01, 0x00, 0x00, 0x07, 0x00, 0x00, 0x00, 0x28, 0x00, 0x00, 0x00,
	0x2B, 0x00, 0x04, 0x00, 0x3C, 0x00, 0x00, 0x00, 0xA5, 0x01, 0x00, 0x00, 0x02, 0x00, 0x00, 0x00,
	0x20, 0x00, 0x04, 0x00, 0xA6, 0x01, 0x00, 0x00, 0x02, 0x00, 0x00, 0x00, 0x8A, 0x01, 0x00, 0x00,
	0x2B, 0x00, 0x04, 0x00, 0x06, 0x00, 0x00, 0x00, 0xAA, 0x01, 0x00, 0x00, 0x00, 0x00, 0x80, 0x3F,
	0x2B, 0x00, 0x04, 0x00, 0x06, 0x00, 0x00, 0x00, 0xB3, 0x01, 0x00, 0x00, 0xBD, 0x37, 0x86, 0x35,
	0x3B, 0x00, 0x04, 0x00, 0x20, 0x00, 0x00, 0x00, 0xF0, 0x01, 0x00, 0x00, 0x00, 0x00, 0x00, 0x00,
	0x2B, 0x00, 0x04, 0x00, 0x06, 0x00, 0x00, 0x00, 0xF6, 0x01, 0x00, 0x00, 0x9A, 0x99, 0x19, 0x3E,
	0x2B, 0x00, 0x04, 0x00, 0x3C, 0x00, 0x00, 0x00, 0xF8, 0x01, 0x00, 0x00, 0x09, 0x00, 0x00, 0x00,
	0x2B, 0x00, 0x04, 0x00, 0x3C, 0x00, 0x00, 0x00, 0xFF, 0x01, 0x00, 0x00, 0x04, 0x00, 0x00, 0x00,
	0x20, 0x00, 0x04, 0x00, 0x00, 0x02, 0x00, 0x00, 0x02, 0x00, 0x00, 0x00, 0x28, 0x00, 0x00, 0x00,
	0x2B, 0x00, 0x04, 0x00, 0x3C, 0x00, 0x00, 0x00, 0x06, 0x02, 0x00, 0x00, 0x05, 0x00, 0x00, 0x00,
	0x2B, 0x00, 0x04, 0x00, 0x06, 0x00, 0x00, 0x00, 0x14, 0x02, 0x00, 0x00, 0x33, 0x33, 0xB3, 0x3E,
	0x3B, 0x00, 0x04, 0x00, 0x09, 0x00, 0x00, 0x00, 0x1E, 0x02, 0x00, 0x00, 0x00, 0x00, 0x00, 0x00,
	0x2B, 0x00, 0x04, 0x00, 0x06, 0x00, 0x00, 0x00, 0x26, 0x02, 0x00, 0x00, 0x0A, 0xD7, 0xA3, 0x3C,
	0x2C, 0x00, 0x06, 0x00, 0x0A, 0x00, 0x00, 0x00, 0x27, 0x02, 0x00, 0x00, 0x26, 0x02, 0x00, 0x00,
	0x26, 0x02, 0x00, 0x00, 0x26, 0x02, 0x00, 0x00, 0x20, 0x00, 0x04, 0x00, 0x2A, 0x02, 0x00, 0x00,
	0xDE, 0x14, 0x00, 0x00, 0x28, 0x00, 0x00, 0x00, 0x3B, 0x00, 0x04, 0x00, 0x2A, 0x02, 0x00, 0x00,
	0x2B, 0x02, 0x00, 0x00, 0xDE, 0x14, 0x00, 0x00, 0x2B, 0x00, 0x04, 0x00, 0x06, 0x00, 0x00, 0x00,
	0x31, 0x02, 0x00, 0x00, 0x00, 0x00, 0xE0, 0x40, 0x36, 0x00, 0x05, 0x00, 0x02, 0x00, 0x00, 0x00,
	0x04, 0x00, 0x00, 0x00, 0x00, 0x00, 0x00, 0x00, 0x03, 0x00, 0x00, 0x00, 0xF8, 0x00, 0x02, 0x00,
	0x05, 0x00, 0x00, 0x00, 0x3B, 0x00, 0x04, 0x00, 0x0B, 0x00, 0x00, 0x00, 0xEF, 0x01, 0x00, 0x00,
	0x07, 0x00, 0x00, 0x00, 0x3B, 0x00, 0x04, 0x00, 0x0B, 0x00, 0x00, 0x00, 0xF2, 0x01, 0x00, 0x00,
	0x07, 0x00, 0x00, 0x00, 0x3B, 0x00, 0x04, 0x00, 0x0B, 0x00, 0x00, 0x00, 0xF4, 0x01, 0x00, 0x00,
	0x07, 0x00, 0x00, 0x00, 0x3B, 0x00, 0x04, 0x00, 0x0B, 0x00, 0x00, 0x00, 0xFE, 0x01, 0x00, 0x00,
	0x07, 0x00, 0x00, 0x00, 0x3B, 0x00, 0x04, 0x00, 0xD4, 0x00, 0x00, 0x00, 0x05, 0x02, 0x00, 0x00,
	0x07, 0x00, 0x00, 0x00, 0x3B, 0x00, 0x04, 0x00, 0xD4, 0x00, 0x00, 0x00, 0x0A, 0x02, 0x00, 0x00,
	0x07, 0x00, 0x00, 0x00, 0x3B, 0x00, 0x04, 0x00, 0x0B, 0x00, 0x00, 0x00, 0x1F, 0x02, 0x00, 0x00,
	0x07, 0x00, 0x00, 0x00, 0x39, 0x00, 0x05, 0x00, 0x0A, 0x00, 0x00, 0x00, 0xF1, 0x01, 0x00, 0x00,
	0x23, 0x00, 0x00, 0x00, 0xF0, 0x01, 0x00, 0x00, 0x3E, 0x00, 0x03, 0x00, 0xEF, 0x01, 0x00, 0x00,
	0xF1, 0x01, 0x00, 0x00, 0x39, 0x00, 0x04, 0x00, 0x0A, 0x00, 0x00, 0x00, 0xF3, 0x01, 0x00, 0x00,
	0x1C, 0x00, 0x00, 0x00, 0x3E, 0x00, 0x03, 0x00, 0xF2, 0x01, 0x00, 0x00, 0xF3, 0x01, 0x00, 0x00,
	0x3D, 0x00, 0x04, 0x00, 0x0A, 0x00, 0x00, 0x00, 0xF5, 0x01, 0x00, 0x00, 0xEF, 0x01, 0x00, 0x00,
	0x8E, 0x00, 0x05, 0x00, 0x0A, 0x00, 0x00, 0x00, 0xF7, 0x01, 0x00, 0x00, 0xF5, 0x01, 0x00, 0x00,
	0xF6, 0x01, 0x00, 0x00, 0x3E, 0x00, 0x03, 0x00, 0xF4, 0x01, 0x00, 0x00, 0xF7, 0x01, 0x00, 0x00,
	0x41, 0x00, 0x06, 0x00, 0x8F, 0x01, 0x00, 0x00, 0xF9, 0x01, 0x00, 0x00, 0x8D, 0x01, 0x00, 0x00,
	0xF8, 0x01, 0x00, 0x00, 0x6C, 0x00, 0x00, 0x00, 0x3D, 0x00, 0x04, 0x00, 0x06, 0x00, 0x00, 0x00,
	0xFA, 0x01, 0x00, 0x00, 0xF9, 0x01, 0x00, 0x00, 0xBA, 0x00, 0x05, 0x00, 0x45, 0x00, 0x00, 0x00,
	0xFB, 0x01, 0x00, 0x00, 0xFA, 0x01, 0x00, 0x00, 0x92, 0x01, 0x00, 0x00, 0xF7, 0x00, 0x03, 0x00,
	0xFD, 0x01, 0x00, 0x00, 0x00, 0x00, 0x00, 0x00, 0xFA, 0x00, 0x04, 0x00, 0xFB, 0x01, 0x00, 0x00,
	0xFC, 0x01, 0x00, 0x00, 0x25, 0x02, 0x00, 0x00, 0xF8, 0x00, 0x02, 0x00, 0xFC, 0x01, 0x00, 0x00,
	0x41, 0x00, 0x05, 0x00, 0x00, 0x02, 0x00, 0x00, 0x01, 0x02, 0x00, 0x00, 0x8D, 0x01, 0x00, 0x00,
	0xFF, 0x01, 0x00, 0x00, 0x3D, 0x00, 0x04, 0x00, 0x28, 0x00, 0x00, 0x00, 0x02, 0x02, 0x00, 0x00,
	0x01, 0x02, 0x00, 0x00, 0x4F, 0x00, 0x08, 0x00, 0x0A, 0x00, 0x00, 0x00, 0x03, 0x02, 0x00, 0x00,
	0x02, 0x02, 0x00, 0x00, 0x02, 0x02, 0x00, 0x00, 0x00, 0x00, 0x00, 0x00, 0x01, 0x00, 0x00, 0x00,
	0x02, 0x00, 0x00, 0x00, 0x0C, 0x00, 0x06, 0x00, 0x0A, 0x00, 0x00, 0x00, 0x04, 0x02, 0x00, 0x00,
	0x01, 0x00, 0x00, 0x00, 0x45, 0x00, 0x00, 0x00, 0x03, 0x02, 0x00, 0x00, 0x3E, 0x00, 0x03, 0x00,
	0xFE, 0x01, 0x00, 0x00, 0x04, 0x02, 0x00, 0x00, 0x41, 0x00, 0x06, 0x00, 0x8F, 0x01, 0x00, 0x00,
	0x07, 0x02, 0x00, 0x00, 0x8D, 0x01, 0x00, 0x00, 0x06, 0x02, 0x00, 0x00, 0x6C, 0x00, 0x00, 0x00,
	0x3D, 0x00, 0x04, 0x00, 0x06, 0x00, 0x00, 0x00, 0x08, 0x02, 0x00, 0x00, 0x07, 0x02, 0x00, 0x00,
	0x0C, 0x00, 0x07, 0x00, 0x06, 0x00, 0x00, 0x00, 0x09, 0x02, 0x00, 0x00, 0x01, 0x00, 0x00, 0x00,
	0x28, 0x00, 0x00, 0x00, 0x08, 0x02, 0x00, 0x00, 0x29, 0x00, 0x00, 0x00, 0x3E, 0x00, 0x03, 0x00,
	0x05, 0x02, 0x00, 0x00, 0x09, 0x02, 0x00, 0x00, 0x3D, 0x00, 0x04, 0x00, 0x0A, 0x00, 0x00, 0x00,
	0x0B, 0x02, 0x00, 0x00, 0xF2, 0x01, 0x00, 0x00, 0x3D, 0x00, 0x04, 0x00, 0x0A, 0x00, 0x00, 0x00,
	0x0C, 0x02, 0x00, 0x00, 0xFE, 0x01, 0x00, 0x00, 0x94, 0x00, 0x05, 0x00, 0x06, 0x00, 0x00, 0x00,
	0x0D, 0x02, 0x00, 0x00, 0x0B, 0x02, 0x00, 0x00, 0x0C, 0x02, 0x00, 0x00, 0x0C, 0x00, 0x07, 0x00,
	0x06, 0x00, 0x00, 0x00, 0x0E, 0x02, 0x00, 0x00, 0x01, 0x00, 0x00, 0x00, 0x28, 0x00, 0x00, 0x00,
	0x0D, 0x02, 0x00, 0x00, 0x29, 0x00, 0x00, 0x00, 0x3E, 0x00, 0x03, 0x00, 0x0A, 0x02, 0x00, 0x00,
	0x0E, 0x02, 0x00, 0x00, 0x3D, 0x00, 0x04, 0x00, 0x0A, 0x00, 0x00, 0x00, 0x0F, 0x02, 0x00, 0x00,
	0xEF, 0x01, 0x00, 0x00, 0x3D, 0x00, 0x04, 0x00, 0x06, 0x00, 0x00, 0x00, 0x10, 0x02, 0x00, 0x00,
	0x05, 0x02, 0x00, 0x00, 0x8E, 0x00, 0x05, 0x00, 0x0A, 0x00, 0x00, 0x00, 0x11, 0x02, 0x00, 0x00,
	0x0F, 0x02, 0x00, 0x00, 0x10, 0x02, 0x00, 0x00, 0x3D, 0x00, 0x04, 0x00, 0x06, 0x00, 0x00, 0x00,
	0x12, 0x02, 0x00, 0x00, 0x0A, 0x02, 0x00, 0x00, 0x8E, 0x00, 0x05, 0x00, 0x0A, 0x00, 0x00, 0x00,
	0x13, 0x02, 0x00, 0x00, 0x11, 0x02, 0x00, 0x00, 0x12, 0x02, 0x00, 0x00, 0x8E, 0x00, 0x05, 0x00,
	0x0A, 0x00, 0x00, 0x00, 0x15, 0x02, 0x00, 0x00, 0x13, 0x02, 0x00, 0x00, 0x14, 0x02, 0x00, 0x00,
	0x3D, 0x00, 0x04, 0x00, 0x0A, 0x00, 0x00, 0x00, 0x16, 0x02, 0x00, 0x00, 0xF4, 0x01, 0x00, 0x00,
	0x81, 0x00, 0x05, 0x00, 0x0A, 0x00, 0x00, 0x00, 0x17, 0x02, 0x00, 0x00, 0x16, 0x02, 0x00, 0x00,
	0x15, 0x02, 0x00, 0x00, 0x3E, 0x00, 0x03, 0x00, 0xF4, 0x01, 0x00, 0x00, 0x17, 0x02, 0x00, 0x00,
	0x41, 0x00, 0x06, 0x00, 0x8F, 0x01, 0x00, 0x00, 0x18, 0x02, 0x00, 0x00, 0x8D, 0x01, 0x00, 0x00,
	0x8E, 0x01, 0x00, 0x00, 0x3F, 0x00, 0x00, 0x00, 0x3D, 0x00, 0x04, 0x00, 0x06, 0x00, 0x00, 0x00,
	0x19, 0x02, 0x00, 0x00, 0x18, 0x02, 0x00, 0x00, 0xBA, 0x00, 0x05, 0x00, 0x45, 0x00, 0x00, 0x00,
	0x1A, 0x02, 0x00, 0x00, 0x19, 0x02, 0x00, 0x00, 0x92, 0x01, 0x00, 0x00, 0xF7, 0x00, 0x03, 0x00,
	0x1C, 0x02, 0x00, 0x00, 0x00, 0x00, 0x00, 0x00, 0xFA, 0x00, 0x04, 0x00, 0x1A, 0x02, 0x00, 0x00,
	0x1B, 0x02, 0x00, 0x00, 0x1C, 0x02, 0x00, 0x00, 0xF8, 0x00, 0x02, 0x00, 0x1B, 0x02, 0x00, 0x00,
	0x3D, 0x00, 0x04, 0x00, 0x0A, 0x00, 0x00, 0x00, 0x1D, 0x02, 0x00, 0x00, 0xEF, 0x01, 0x00, 0x00,
	0x3D, 0x00, 0x04, 0x00, 0x0A, 0x00, 0x00, 0x00, 0x20, 0x02, 0x00, 0x00, 0xF2, 0x01, 0x00, 0x00,
	0x3E, 0x00, 0x03, 0x00, 0x1F, 0x02, 0x00, 0x00, 0x20, 0x02, 0x00, 0x00, 0x39, 0x00, 0x06, 0x00,
	0x0A, 0x00, 0x00, 0x00, 0x21, 0x02, 0x00, 0x00, 0x0F, 0x00, 0x00, 0x00, 0x1E, 0x02, 0x00, 0x00,
	0x1F, 0x02, 0x00, 0x00, 0x85, 0x00, 0x05, 0x00, 0x0A, 0x00, 0x00, 0x00, 0x22, 0x02, 0x00, 0x00,
	0x1D, 0x02, 0x00, 0x00, 0x21, 0x02, 0x00, 0x00, 0x3D, 0x00, 0x04, 0x00, 0x0A, 0x00, 0x00, 0x00,
	0x23, 0x02, 0x00, 0x00, 0xF4, 0x01, 0x00, 0x00, 0x81, 0x00, 0x05, 0x00, 0x0A, 0x00, 0x00, 0x00,
	0x24, 0x02, 0x00, 0x00, 0x23, 0x02, 0x00, 0x00, 0x22, 0x02, 0x00, 0x00, 0x3E, 0x00, 0x03, 0x00,
	0xF4, 0x01, 0x00, 0x00, 0x24, 0x02, 0x00, 0x00, 0xF9, 0x00, 0x02, 0x00, 0x1C, 0x02, 0x00, 0x00,
	0xF8, 0x00, 0x02, 0x00, 0x1C, 0x02, 0x00, 0x00, 0xF9, 0x00, 0x02, 0x00, 0xFD, 0x01, 0x00, 0x00,
	0xF8, 0x00, 0x02, 0x00, 0x25, 0x02, 0x00, 0x00, 0x3D, 0x00, 0x04, 0x00, 0x0A, 0x00, 0x00, 0x00,
	0x28, 0x02, 0x00, 0x00, 0xF4, 0x01, 0x00, 0x00, 0x81, 0x00, 0x05, 0x00, 0x0A, 0x00, 0x00, 0x00,
	0x29, 0x02, 0x00, 0x00, 0x28, 0x02, 0x00, 0x00, 0x27, 0x02, 0x00, 0x00, 0x3E, 0x00, 0x03, 0x00,
	0xF4, 0x01, 0x00, 0x00, 0x29, 0x02, 0x00, 0x00, 0xF9, 0x00, 0x02, 0x00, 0xFD, 0x01, 0x00, 0x00,
	0xF8, 0x00, 0x02, 0x00, 0xFD, 0x01, 0x00, 0x00, 0x3D, 0x00, 0x04, 0x00, 0x0A, 0x00, 0x00, 0x00,
	0x2C, 0x02, 0x00, 0x00, 0xF4, 0x01, 0x00, 0x00, 0x51, 0x00, 0x05, 0x00, 0x06, 0x00, 0x00, 0x00,
	0x2D, 0x02, 0x00, 0x00, 0x2C, 0x02, 0x00, 0x00, 0x00, 0x00, 0x00, 0x00, 0x51, 0x00, 0x05, 0x00,
	0x06, 0x00, 0x00, 0x00, 0x2E, 0x02, 0x00, 0x00, 0x2C, 0x02, 0x00, 0x00, 0x01, 0x00, 0x00, 0x00,
	0x51, 0x00, 0x05, 0x00, 0x06, 0x00, 0x00, 0x00, 0x2F, 0x02, 0x00, 0x00, 0x2C, 0x02, 0x00, 0x00,
	0x02, 0x00, 0x00, 0x00, 0x50, 0x00, 0x07, 0x00, 0x28, 0x00, 0x00, 0x00, 0x30, 0x02, 0x00, 0x00,
	0x2D, 0x02, 0x00, 0x00, 0x2E, 0x02, 0x00, 0x00, 0x2F, 0x02, 0x00, 0x00, 0xAA, 0x01, 0x00, 0x00,
	0x3E, 0x00, 0x03, 0x00, 0x2B, 0x02, 0x00, 0x00, 0x30, 0x02, 0x00, 0x00, 0xFD, 0x00, 0x01, 0x00,
	0x38, 0x00, 0x01, 0x00, 0x36, 0x00, 0x05, 0x00, 0x0A, 0x00, 0x00, 0x00, 0x0F, 0x00, 0x00, 0x00,
	0x00, 0x00, 0x00, 0x00, 0x0C, 0x00, 0x00, 0x00, 0x37, 0x00, 0x03, 0x00, 0x09, 0x00, 0x00, 0x00,
	0x0D, 0x00, 0x00, 0x00, 0x37, 0x00, 0x03, 0x00, 0x0B, 0x00, 0x00, 0x00, 0x0E, 0x00, 0x00, 0x00,
	0xF8, 0x00, 0x02, 0x00, 0x10, 0x00, 0x00, 0x00, 0x3D, 0x00, 0x04, 0x00, 0x08, 0x00, 0x00, 0x00,
	0x25, 0x00, 0x00, 0x00, 0x0D, 0x00, 0x00, 0x00, 0x3D, 0x00, 0x04, 0x00, 0x0A, 0x00, 0x00, 0x00,
	0x26, 0x00, 0x00, 0x00, 0x0E, 0x00, 0x00, 0x00, 0x0C, 0x00, 0x06, 0x00, 0x0A, 0x00, 0x00, 0x00,
	0x27, 0x00, 0x00, 0x00, 0x01, 0x00, 0x00, 0x00, 0x45, 0x00, 0x00, 0x00, 0x26, 0x00, 0x00, 0x00,
	0x58, 0x00, 0x07, 0x00, 0x28, 0x00, 0x00, 0x00, 0x2A, 0x00, 0x00, 0x00, 0x25, 0x00, 0x00, 0x00,
	0x27, 0x00, 0x00, 0x00, 0x02, 0x00, 0x00, 0x00, 0x29, 0x00, 0x00, 0x00, 0x4F, 0x00, 0x08, 0x00,
	0x0A, 0x00, 0x00, 0x00, 0x2B, 0x00, 0x00, 0x00, 0x2A, 0x00, 0x00, 0x00, 0x2A, 0x00, 0x00, 0x00,
	0x00, 0x00, 0x00, 0x00, 0x01, 0x00, 0x00, 0x00, 0x02, 0x00, 0x00, 0x00, 0xFE, 0x00, 0x02, 0x00,
	0x2B, 0x00, 0x00, 0x00, 0x38, 0x00, 0x01, 0x00, 0x36, 0x00, 0x05, 0x00, 0x0A, 0x00, 0x00, 0x00,
	0x12, 0x00, 0x00, 0x00, 0x00, 0x00, 0x00, 0x00, 0x11, 0x00, 0x00, 0x00, 0xF8, 0x00, 0x02, 0x00,
	0x13, 0x00, 0x00, 0x00, 0xFE, 0x00, 0x02, 0x00, 0x31, 0x00, 0x00, 0x00, 0x38, 0x00, 0x01, 0x00,
	0x36, 0x00, 0x05, 0x00, 0x0A, 0x00, 0x00, 0x00, 0x14, 0x00, 0x00, 0x00, 0x00, 0x00, 0x00, 0x00,
	0x11, 0x00, 0x00, 0x00, 0xF8, 0x00, 0x02, 0x00, 0x15, 0x00, 0x00, 0x00, 0x3B, 0x00, 0x04, 0x00,
	0x35, 0x00, 0x00, 0x00, 0x36, 0x00, 0x00, 0x00, 0x07, 0x00, 0x00, 0x00, 0x3B, 0x00, 0x04, 0x00,
	0x35, 0x00, 0x00, 0x00, 0x5E, 0x00, 0x00, 0x00, 0x07, 0x00, 0x00, 0x00, 0x44, 0x00, 0x05, 0x00,
	0x34, 0x00, 0x00, 0x00, 0x3B, 0x00, 0x00, 0x00, 0x3A, 0x00, 0x00, 0x00, 0x00, 0x00, 0x00, 0x00,
	0x7C, 0x00, 0x04, 0x00, 0x3C, 0x00, 0x00, 0x00, 0x3D, 0x00, 0x00, 0x00, 0x3B, 0x00, 0x00, 0x00,
	0x7C, 0x00, 0x04, 0x00, 0x34, 0x00, 0x00, 0x00, 0x3E, 0x00, 0x00, 0x00, 0x3D, 0x00, 0x00, 0x00,
	0x86, 0x00, 0x05, 0x00, 0x34, 0x00, 0x00, 0x00, 0x40, 0x00, 0x00, 0x00, 0x3E, 0x00, 0x00, 0x00,
	0x3F, 0x00, 0x00, 0x00, 0x3E, 0x00, 0x03, 0x00, 0x36, 0x00, 0x00, 0x00, 0x40, 0x00, 0x00, 0x00,
	0x3D, 0x00, 0x04, 0x00, 0x3C, 0x00, 0x00, 0x00, 0x43, 0x00, 0x00, 0x00, 0x42, 0x00, 0x00, 0x00,
	0xAB, 0x00, 0x05, 0x00, 0x45, 0x00, 0x00, 0x00, 0x46, 0x00, 0x00, 0x00, 0x43, 0x00, 0x00, 0x00,
	0x44, 0x00, 0x00, 0x00, 0x3D, 0x00, 0x04, 0x00, 0x34, 0x00, 0x00, 0x00, 0x47, 0x00, 0x00, 0x00,
	0x36, 0x00, 0x00, 0x00, 0xAA, 0x00, 0x05, 0x00, 0x45, 0x00, 0x00, 0x00, 0x49, 0x00, 0x00, 0x00,
	0x47, 0x00, 0x00, 0x00, 0x48, 0x00, 0x00, 0x00, 0xA6, 0x00, 0x05, 0x00, 0x45, 0x00, 0x00, 0x00,
	0x4A, 0x00, 0x00, 0x00, 0x46, 0x00, 0x00, 0x00, 0x49, 0x00, 0x00, 0x00, 0xF7, 0x00, 0x03, 0x00,
	0x4C, 0x00, 0x00, 0x00, 0x00, 0x00, 0x00, 0x00, 0xFA, 0x00, 0x04, 0x00, 0x4A, 0x00, 0x00, 0x00,
	0x4B, 0x00, 0x00, 0x00, 0x4C, 0x00, 0x00, 0x00, 0xF8, 0x00, 0x02, 0x00, 0x4B, 0x00, 0x00, 0x00,
	0xFE, 0x00, 0x02, 0x00, 0x4E, 0x00, 0x00, 0x00, 0xF8, 0x00, 0x02, 0x00, 0x4C, 0x00, 0x00, 0x00,
	0x3D, 0x00, 0x04, 0x00, 0x3C, 0x00, 0x00, 0x00, 0x51, 0x00, 0x00, 0x00, 0x50, 0x00, 0x00, 0x00,
	0xB1, 0x00, 0x05, 0x00, 0x45, 0x00, 0x00, 0x00, 0x52, 0x00, 0x00, 0x00, 0x51, 0x00, 0x00, 0x00,
	0x44, 0x00, 0x00, 0x00, 0xA8, 0x00, 0x04, 0x00, 0x45, 0x00, 0x00, 0x00, 0x53, 0x00, 0x00, 0x00,
	0x52, 0x00, 0x00, 0x00, 0xF7, 0x00, 0x03, 0x00, 0x55, 0x00, 0x00, 0x00, 0x00, 0x00, 0x00, 0x00,
	0xFA, 0x00, 0x04, 0x00, 0x53, 0x00, 0x00, 0x00, 0x54, 0x00, 0x00, 0x00, 0x55, 0x00, 0x00, 0x00,
	0xF8, 0x00, 0x02, 0x00, 0x54, 0x00, 0x00, 0x00, 0x3D, 0x00, 0x04, 0x00, 0x3C, 0x00, 0x00, 0x00,
	0x56, 0x00, 0x00, 0x00, 0x50, 0x00, 0x00, 0x00, 0x7C, 0x00, 0x04, 0x00, 0x34, 0x00, 0x00, 0x00,
	0x57, 0x00, 0x00, 0x00, 0x56, 0x00, 0x00, 0x00, 0x3D, 0x00, 0x04, 0x00, 0x34, 0x00, 0x00, 0x00,
	0x58, 0x00, 0x00, 0x00, 0x36, 0x00, 0x00, 0x00, 0xAE, 0x00, 0x05, 0x00, 0x45, 0x00, 0x00, 0x00,
	0x59, 0x00, 0x00, 0x00, 0x57, 0x00, 0x00, 0x00, 0x58, 0x00, 0x00, 0x00, 0xF9, 0x00, 0x02, 0x00,
	0x55, 0x00, 0x00, 0x00, 0xF8, 0x00, 0x02, 0x00, 0x55, 0x00, 0x00, 0x00, 0xF5, 0x00, 0x07, 0x00,
	0x45, 0x00, 0x00, 0x00, 0x5A, 0x00, 0x00, 0x00, 0x52, 0x00, 0x00, 0x00, 0x4C, 0x00, 0x00, 0x00,
	0x59, 0x00, 0x00, 0x00, 0x54, 0x00, 0x00, 0x00, 0xF7, 0x00, 0x03, 0x00, 0x5C, 0x00, 0x00, 0x00,
	0x00, 0x00, 0x00, 0x00, 0xFA, 0x00, 0x04, 0x00, 0x5A, 0x00, 0x00, 0x00, 0x5B, 0x00, 0x00, 0x00,
	0x5C, 0x00, 0x00, 0x00, 0xF8, 0x00, 0x02, 0x00, 0x5B, 0x00, 0x00, 0x00, 0xFE, 0x00, 0x02, 0x00,
	0x4E, 0x00, 0x00, 0x00, 0xF8, 0x00, 0x02, 0x00, 0x5C, 0x00, 0x00, 0x00, 0x3D, 0x00, 0x04, 0x00,
	0x3C, 0x00, 0x00, 0x00, 0x5F, 0x00, 0x00, 0x00, 0x50, 0x00, 0x00, 0x00, 0x7C, 0x00, 0x04, 0x00,
	0x34, 0x00, 0x00, 0x00, 0x60, 0x00, 0x00, 0x00, 0x5F, 0x00, 0x00, 0x00, 0x84, 0x00, 0x05, 0x00,
	0x34, 0x00, 0x00, 0x00, 0x61, 0x00, 0x00, 0x00, 0x60, 0x00, 0x00, 0x00, 0x3F, 0x00, 0x00, 0x00,
	0x3E, 0x00, 0x03, 0x00, 0x5E, 0x00, 0x00, 0x00, 0x61, 0x00, 0x00, 0x00, 0x3D, 0x00, 0x04, 0x00,
	0x34, 0x00, 0x00, 0x00, 0x62, 0x00, 0x00, 0x00, 0x5E, 0x00, 0x00, 0x00, 0x41, 0x00, 0x06, 0x00,
	0x63, 0x00, 0x00, 0x00, 0x64, 0x00, 0x00, 0x00, 0x3A, 0x00, 0x00, 0x00, 0x44, 0x00, 0x00, 0x00,
	0x62, 0x00, 0x00, 0x00, 0x3D, 0x00, 0x04, 0x00, 0x06, 0x00, 0x00, 0x00, 0x65, 0x00, 0x00, 0x00,
	0x64, 0x00, 0x00, 0x00, 0x3D, 0x00, 0x04, 0x00, 0x34, 0x00, 0x00, 0x00, 0x66, 0x00, 0x00, 0x00,
	0x5E, 0x00, 0x00, 0x00, 0x80, 0x00, 0x05, 0x00, 0x34, 0x00, 0x00, 0x00, 0x68, 0x00, 0x00, 0x00,
	0x66, 0x00, 0x00, 0x00, 0x67, 0x00, 0x00, 0x00, 0x41, 0x00, 0x06, 0x00, 0x63, 0x00, 0x00, 0x00,
	0x69, 0x00, 0x00, 0x00, 0x3A, 0x00, 0x00, 0x00, 0x44, 0x00, 0x00, 0x00, 0x68, 0x00, 0x00, 0x00,
	0x3D, 0x00, 0x04, 0x00, 0x06, 0x00, 0x00, 0x00, 0x6A, 0x00, 0x00, 0x00, 0x69, 0x00, 0x00, 0x00,
	0x3D, 0x00, 0x04, 0x00, 0x34, 0x00, 0x00, 0x00, 0x6B, 0x00, 0x00, 0x00, 0x5E, 0x00, 0x00, 0x00,
	0x80, 0x00, 0x05, 0x00, 0x34, 0x00, 0x00, 0x00, 0x6D, 0x00, 0x00, 0x00, 0x6B, 0x00, 0x00, 0x00,
	0x6C, 0x00, 0x00, 0x00, 0x41, 0x00, 0x06, 0x00, 0x63, 0x00, 0x00, 0x00, 0x6E, 0x00, 0x00, 0x00,
	0x3A, 0x00, 0x00, 0x00, 0x44, 0x00, 0x00, 0x00, 0x6D, 0x00, 0x00, 0x00, 0x3D, 0x00, 0x04, 0x00,
	0x06, 0x00, 0x00, 0x00, 0x6F, 0x00, 0x00, 0x00, 0x6E, 0x00, 0x00, 0x00, 0x50, 0x00, 0x06, 0x00,
	0x0A, 0x00, 0x00, 0x00, 0x70, 0x00, 0x00, 0x00, 0x65, 0x00, 0x00, 0x00, 0x6A, 0x00, 0x00, 0x00,
	0x6F, 0x00, 0x00, 0x00, 0xFE, 0x00, 0x02, 0x00, 0x70, 0x00, 0x00, 0x00, 0x38, 0x00, 0x01, 0x00,
	0x36, 0x00, 0x05, 0x00, 0x0A, 0x00, 0x00, 0x00, 0x16, 0x00, 0x00, 0x00, 0x00, 0x00, 0x00, 0x00,
	0x11, 0x00, 0x00, 0x00, 0xF8, 0x00, 0x02, 0x00, 0x17, 0x00, 0x00, 0x00, 0x3B, 0x00, 0x04, 0x00,
	0x35, 0x00, 0x00, 0x00, 0x73, 0x00, 0x00, 0x00, 0x07, 0x00, 0x00, 0x00, 0x3B, 0x00, 0x04, 0x00,
	0x35, 0x00, 0x00, 0x00, 0x92, 0x00, 0x00, 0x00, 0x07, 0x00, 0x00, 0x00, 0x44, 0x00, 0x05, 0x00,
	0x34, 0x00, 0x00, 0x00, 0x78, 0x00, 0x00, 0x00, 0x77, 0x00, 0x00, 0x00, 0x00, 0x00, 0x00, 0x00,
	0x7C, 0x00, 0x04, 0x00, 0x3C, 0x00, 0x00, 0x00, 0x79, 0x00, 0x00, 0x00, 0x78, 0x00, 0x00, 0x00,
	0x7C, 0x00, 0x04, 0x00, 0x34, 0x00, 0x00, 0x00, 0x7A, 0x00, 0x00, 0x00, 0x79, 0x00, 0x00, 0x00,
	0x86, 0x00, 0x05, 0x00, 0x34, 0x00, 0x00, 0x00, 0x7B, 0x00, 0x00, 0x00, 0x7A, 0x00, 0x00, 0x00,
	0x3F, 0x00, 0x00, 0x00, 0x3E, 0x00, 0x03, 0x00, 0x73, 0x00, 0x00, 0x00, 0x7B, 0x00, 0x00, 0x00,
	0x3D, 0x00, 0x04, 0x00, 0x3C, 0x00, 0x00, 0x00, 0x7C, 0x00, 0x00, 0x00, 0x42, 0x00, 0x00, 0x00,
	0xAB, 0x00, 0x05, 0x00, 0x45, 0x00, 0x00, 0x00, 0x7E, 0x00, 0x00, 0x00, 0x7C, 0x00, 0x00, 0x00,
	0x7D, 0x00, 0x00, 0x00, 0x3D, 0x00, 0x04, 0x00, 0x34, 0x00, 0x00, 0x00, 0x7F, 0x00, 0x00, 0x00,
	0x73, 0x00, 0x00, 0x00, 0xAA, 0x00, 0x05, 0x00, 0x45, 0x00, 0x00, 0x00, 0x80, 0x00, 0x00, 0x00,
	0x7F, 0x00, 0x00, 0x00, 0x48, 0x00, 0x00, 0x00, 0xA6, 0x00, 0x05, 0x00, 0x45, 0x00, 0x00, 0x00,
	0x81, 0x00, 0x00, 0x00, 0x7E, 0x00, 0x00, 0x00, 0x80, 0x00, 0x00, 0x00, 0xF7, 0x00, 0x03, 0x00,
	0x83, 0x00, 0x00, 0x00, 0x00, 0x00, 0x00, 0x00, 0xFA, 0x00, 0x04, 0x00, 0x81, 0x00, 0x00, 0x00,
	0x82, 0x00, 0x00, 0x00, 0x83, 0x00, 0x00, 0x00, 0xF8, 0x00, 0x02, 0x00, 0x82, 0x00, 0x00, 0x00,
	0xFE, 0x00, 0x02, 0x00, 0x4E, 0x00, 0x00, 0x00, 0xF8, 0x00, 0x02, 0x00, 0x83, 0x00, 0x00, 0x00,
	0x3D, 0x00, 0x04, 0x00, 0x3C, 0x00, 0x00, 0x00, 0x85, 0x00, 0x00, 0x00, 0x50, 0x00, 0x00, 0x00,
	0xB1, 0x00, 0x05, 0x00, 0x45, 0x00, 0x00, 0x00, 0x86, 0x00, 0x00, 0x00, 0x85, 0x00, 0x00, 0x00,
	0x44, 0x00, 0x00, 0x00, 0xA8, 0x00, 0x04, 0x00, 0x45, 0x00, 0x00, 0x00, 0x87, 0x00, 0x00, 0x00,
	0x86, 0x00, 0x00, 0x00, 0xF7, 0x00, 0x03, 0x00, 0x89, 0x00, 0x00, 0x00, 0x00, 0x00, 0x00, 0x00,
	0xFA, 0x00, 0x04, 0x00, 0x87, 0x00, 0x00, 0x00, 0x88, 0x00, 0x00, 0x00, 0x89, 0x00, 0x00, 0x00,
	0xF8, 0x00, 0x02, 0x00, 0x88, 0x00, 0x00, 0x00, 0x3D, 0x00, 0x04, 0x00, 0x3C, 0x00, 0x00, 0x00,
	0x8A, 0x00, 0x00, 0x00, 0x50, 0x00, 0x00, 0x00, 0x7C, 0x00, 0x04, 0x00, 0x34, 0x00, 0x00, 0x00,
	0x8B, 0x00, 0x00, 0x00, 0x8A, 0x00, 0x00, 0x00, 0x3D, 0x00, 0x04, 0x00, 0x34, 0x00, 0x00, 0x00,
	0x8C, 0x00, 0x00, 0x00, 0x73, 0x00, 0x00, 0x00, 0xAE, 0x00, 0x05, 0x00, 0x45, 0x00, 0x00, 0x00,
	0x8D, 0x00, 0x00, 0x00, 0x8B, 0x00, 0x00, 0x00, 0x8C, 0x00, 0x00, 0x00, 0xF9, 0x00, 0x02, 0x00,
	0x89, 0x00, 0x00, 0x00, 0xF8, 0x00, 0x02, 0x00, 0x89, 0x00, 0x00, 0x00, 0xF5, 0x00, 0x07, 0x00,
	0x45, 0x00, 0x00, 0x00, 0x8E, 0x00, 0x00, 0x00, 0x86, 0x00, 0x00, 0x00, 0x83, 0x00, 0x00, 0x00,
	0x8D, 0x00, 0x00, 0x00, 0x88, 0x00, 0x00, 0x00, 0xF7, 0x00, 0x03, 0x00, 0x90, 0x00, 0x00, 0x00,
	0x00, 0x00, 0x00, 0x00, 0xFA, 0x00, 0x04, 0x00, 0x8E, 0x00, 0x00, 0x00, 0x8F, 0x00, 0x00, 0x00,
	0x90, 0x00, 0x00, 0x00, 0xF8, 0x00, 0x02, 0x00, 0x8F, 0x00, 0x00, 0x00, 0xFE, 0x00, 0x02, 0x00,
	0x4E, 0x00, 0x00, 0x00, 0xF8, 0x00, 0x02, 0x00, 0x90, 0x00, 0x00, 0x00, 0x3D, 0x00, 0x04, 0x00,
	0x3C, 0x00, 0x00, 0x00, 0x93, 0x00, 0x00, 0x00, 0x50, 0x00, 0x00, 0x00, 0x7C, 0x00, 0x04, 0x00,
	0x34, 0x00, 0x00, 0x00, 0x94, 0x00, 0x00, 0x00, 0x93, 0x00, 0x00, 0x00, 0x84, 0x00, 0x05, 0x00,
	0x34, 0x00, 0x00, 0x00, 0x95, 0x00, 0x00, 0x00, 0x94, 0x00, 0x00, 0x00, 0x3F, 0x00, 0x00, 0x00,
	0x3E, 0x00, 0x03, 0x00, 0x92, 0x00, 0x00, 0x00, 0x95, 0x00, 0x00, 0x00, 0x3D, 0x00, 0x04, 0x00,
	0x34, 0x00, 0x00, 0x00, 0x96, 0x00, 0x00, 0x00, 0x92, 0x00, 0x00, 0x00, 0x41, 0x00, 0x06, 0x00,
	0x63, 0x00, 0x00, 0x00, 0x97, 0x00, 0x00, 0x00, 0x77, 0x00, 0x00, 0x00, 0x44, 0x00, 0x00, 0x00,
	0x96, 0x00, 0x00, 0x00, 0x3D, 0x00, 0x04, 0x00, 0x06, 0x00, 0x00, 0x00, 0x98, 0x00, 0x00, 0x00,
	0x97, 0x00, 0x00, 0x00, 0x3D, 0x00, 0x04, 0x00, 0x34, 0x00, 0x00, 0x00, 0x99, 0x00, 0x00, 0x00,
	0x92, 0x00, 0x00, 0x00, 0x80, 0x00, 0x05, 0x00, 0x34, 0x00, 0x00, 0x00, 0x9A, 0x00, 0x00, 0x00,
	0x99, 0x00, 0x00, 0x00, 0x67, 0x00, 0x00, 0x00, 0x41, 0x00, 0x06, 0x00, 0x63, 0x00, 0x00, 0x00,
	0x9B, 0x00, 0x00, 0x00, 0x77, 0x00, 0x00, 0x00, 0x44, 0x00, 0x00, 0x00, 0x9A, 0x00, 0x00, 0x00,
	0x3D, 0x00, 0x04, 0x00, 0x06, 0x00, 0x00, 0x00, 0x9C, 0x00, 0x00, 0x00, 0x9B, 0x00, 0x00, 0x00,
	0x3D, 0x00, 0x04, 0x00, 0x34, 0x00, 0x00, 0x00, 0x9D, 0x00, 0x00, 0x00, 0x92, 0x00, 0x00, 0x00,
	0x80, 0x00, 0x05, 0x00, 0x34, 0x00, 0x00, 0x00, 0x9E, 0x00, 0x00, 0x00, 0x9D, 0x00, 0x00, 0x00,
	0x6C, 0x00, 0x00, 0x00, 0x41, 0x00, 0x06, 0x00, 0x63, 0x00, 0x00, 0x00, 0x9F, 0x00, 0x00, 0x00,
	0x77, 0x00, 0x00, 0x00, 0x44, 0x00, 0x00, 0x00, 0x9E, 0x00, 0x00, 0x00, 0x3D, 0x00, 0x04, 0x00,
	0x06, 0x00, 0x00, 0x00, 0xA0, 0x00, 0x00, 0x00, 0x9F, 0x00, 0x00, 0x00, 0x50, 0x00, 0x06, 0x00,
	0x0A, 0x00, 0x00, 0x00, 0xA1, 0x00, 0x00, 0x00, 0x98, 0x00, 0x00, 0x00, 0x9C, 0x00, 0x00, 0x00,
	0xA0, 0x00, 0x00, 0x00, 0xFE, 0x00, 0x02, 0x00, 0xA1, 0x00, 0x00, 0x00, 0x38, 0x00, 0x01, 0x00,
	0x36, 0x00, 0x05, 0x00, 0x0A, 0x00, 0x00, 0x00, 0x18, 0x00, 0x00, 0x00, 0x00, 0x00, 0x00, 0x00,
	0x11, 0x00, 0x00, 0x00, 0xF8, 0x00, 0x02, 0x00, 0x19, 0x00, 0x00, 0x00, 0x3B, 0x00, 0x04, 0x00,
	0x35, 0x00, 0x00, 0x00, 0xA4, 0x00, 0x00, 0x00, 0x07, 0x00, 0x00, 0x00, 0x3B, 0x00, 0x04, 0x00,
	0x35, 0x00, 0x00, 0x00, 0xC3, 0x00, 0x00, 0x00, 0x07, 0x00, 0x00, 0x00, 0x3B, 0x00, 0x04, 0x00,
	0x0B, 0x00, 0x00, 0x00, 0xC7, 0x00, 0x00, 0x00, 0x07, 0x00, 0x00, 0x00, 0x3B, 0x00, 0x04, 0x00,
	0xD4, 0x00, 0x00, 0x00, 0xD5, 0x00, 0x00, 0x00, 0x07, 0x00, 0x00, 0x00, 0x44, 0x00, 0x05, 0x00,
	0x34, 0x00, 0x00, 0x00, 0xA9, 0x00, 0x00, 0x00, 0xA8, 0x00, 0x00, 0x00, 0x00, 0x00, 0x00, 0x00,
	0x7C, 0x00, 0x04, 0x00, 0x3C, 0x00, 0x00, 0x00, 0xAA, 0x00, 0x00, 0x00, 0xA9, 0x00, 0x00, 0x00,
	0x7C, 0x00, 0x04, 0x00, 0x34, 0x00, 0x00, 0x00, 0xAB, 0x00, 0x00, 0x00, 0xAA, 0x00, 0x00, 0x00,
	0x86, 0x00, 0x05, 0x00, 0x34, 0x00, 0x00, 0x00, 0xAC, 0x00, 0x00, 0x00, 0xAB, 0x00, 0x00, 0x00,
	0x3F, 0x00, 0x00, 0x00, 0x3E, 0x00, 0x03, 0x00, 0xA4, 0x00, 0x00, 0x00, 0xAC, 0x00, 0x00, 0x00,
	0x3D, 0x00, 0x04, 0x00, 0x3C, 0x00, 0x00, 0x00, 0xAD, 0x00, 0x00, 0x00, 0x42, 0x00, 0x00, 0x00,
	0xAB, 0x00, 0x05, 0x00, 0x45, 0x00, 0x00, 0x00, 0xAE, 0x00, 0x00, 0x00, 0xAD, 0x00, 0x00, 0x00,
	0x44, 0x00, 0x00, 0x00, 0x3D, 0x00, 0x04, 0x00, 0x34, 0x00, 0x00, 0x00, 0xAF, 0x00, 0x00, 0x00,
	0xA4, 0x00, 0x00, 0x00, 0xAA, 0x00, 0x05, 0x00, 0x45, 0x00, 0x00, 0x00, 0xB0, 0x00, 0x00, 0x00,
	0xAF, 0x00, 0x00, 0x00, 0x48, 0x00, 0x00, 0x00, 0xA6, 0x00, 0x05, 0x00, 0x45, 0x00, 0x00, 0x00,
	0xB1, 0x00, 0x00, 0x00, 0xAE, 0x00, 0x00, 0x00, 0xB0, 0x00, 0x00, 0x00, 0xF7, 0x00, 0x03, 0x00,
	0xB3, 0x00, 0x00, 0x00, 0x00, 0x00, 0x00, 0x00, 0xFA, 0x00, 0x04, 0x00, 0xB1, 0x00, 0x00, 0x00,
	0xB2, 0x00, 0x00, 0x00, 0xB3, 0x00, 0x00, 0x00, 0xF8, 0x00, 0x02, 0x00, 0xB2, 0x00, 0x00, 0x00,
	0xFE, 0x00, 0x02, 0x00, 0xB4, 0x00, 0x00, 0x00, 0xF8, 0x00, 0x02, 0x00, 0xB3, 0x00, 0x00, 0x00,
	0x3D, 0x00, 0x04, 0x00, 0x3C, 0x00, 0x00, 0x00, 0xB6, 0x00, 0x00, 0x00, 0x50, 0x00, 0x00, 0x00,
	0xB1, 0x00, 0x05, 0x00, 0x45, 0x00, 0x00, 0x00, 0xB7, 0x00, 0x00, 0x00, 0xB6, 0x00, 0x00, 0x00,
	0x44, 0x00, 0x00, 0x00, 0xA8, 0x00, 0x04, 0x00, 0x45, 0x00, 0x00, 0x00, 0xB8, 0x00, 0x00, 0x00,
	0xB7, 0x00, 0x00, 0x00, 0xF7, 0x00, 0x03, 0x00, 0xBA, 0x00, 0x00, 0x00, 0x00, 0x00, 0x00, 0x00,
	0xFA, 0x00, 0x04, 0x00, 0xB8, 0x00, 0x00, 0x00, 0xB9, 0x00, 0x00, 0x00, 0xBA, 0x00, 0x00, 0x00,
	0xF8, 0x00, 0x02, 0x00, 0xB9, 0x00, 0x00, 0x00, 0x3D, 0x00, 0x04, 0x00, 0x3C, 0x00, 0x00, 0x00,
	0xBB, 0x00, 0x00, 0x00, 0x50, 0x00, 0x00, 0x00, 0x7C, 0x00, 0x04, 0x00, 0x34, 0x00, 0x00, 0x00,
	0xBC, 0x00, 0x00, 0x00, 0xBB, 0x00, 0x00, 0x00, 0x3D, 0x00, 0x04, 0x00, 0x34, 0x00, 0x00, 0x00,
	0xBD, 0x00, 0x00, 0x00, 0xA4, 0x00, 0x00, 0x00, 0xAE, 0x00, 0x05, 0x00, 0x45, 0x00, 0x00, 0x00,
	0xBE, 0x00, 0x00, 0x00, 0xBC, 0x00, 0x00, 0x00, 0xBD, 0x00, 0x00, 0x00, 0xF9, 0x00, 0x02, 0x00,
	0xBA, 0x00, 0x00, 0x00, 0xF8, 0x00, 0x02, 0x00, 0xBA, 0x00, 0x00, 0x00, 0xF5, 0x00, 0x07, 0x00,
	0x45, 0x00, 0x00, 0x00, 0xBF, 0x00, 0x00, 0x00, 0xB7, 0x00, 0x00, 0x00, 0xB3, 0x00, 0x00, 0x00,
	0xBE, 0x00, 0x00, 0x00, 0xB9, 0x00, 0x00, 0x00, 0xF7, 0x00, 0x03, 0x00, 0xC1, 0x00, 0x00, 0x00,
	0x00, 0x00, 0x00, 0x00, 0xFA, 0x00, 0x04, 0x00, 0xBF, 0x00, 0x00, 0x00, 0xC0, 0x00, 0x00, 0x00,
	0xC1, 0x00, 0x00, 0x00, 0xF8, 0x00, 0x02, 0x00, 0xC0, 0x00, 0x00, 0x00, 0xFE, 0x00, 0x02, 0x00,
	0xB4, 0x00, 0x00, 0x00, 0xF8, 0x00, 0x02, 0x00, 0xC1, 0x00, 0x00, 0x00, 0x3D, 0x00, 0x04, 0x00,
	0x3C, 0x00, 0x00, 0x00, 0xC4, 0x00, 0x00, 0x00, 0x50, 0x00, 0x00, 0x00, 0x7C, 0x00, 0x04, 0x00,
	0x34, 0x00, 0x00, 0x00, 0xC5, 0x00, 0x00, 0x00, 0xC4, 0x00, 0x00, 0x00, 0x84, 0x00, 0x05, 0x00,
	0x34, 0x00, 0x00, 0x00, 0xC6, 0x00, 0x00, 0x00, 0xC5, 0x00, 0x00, 0x00, 0x3F, 0x00, 0x00, 0x00,
	0x3E, 0x00, 0x03, 0x00, 0xC3, 0x00, 0x00, 0x00, 0xC6, 0x00, 0x00, 0x00, 0x3D, 0x00, 0x04, 0x00,
	0x34, 0x00, 0x00, 0x00, 0xC8, 0x00, 0x00, 0x00, 0xC3, 0x00, 0x00, 0x00, 0x41, 0x00, 0x06, 0x00,
	0x63, 0x00, 0x00, 0x00, 0xC9, 0x00, 0x00, 0x00, 0xA8, 0x00, 0x00, 0x00, 0x44, 0x00, 0x00, 0x00,
	0xC8, 0x00, 0x00, 0x00, 0x3D, 0x00, 0x04, 0x00, 0x06, 0x00, 0x00, 0x00, 0xCA, 0x00, 0x00, 0x00,
	0xC9, 0x00, 0x00, 0x00, 0x3D, 0x00, 0x04, 0x00, 0x34, 0x00, 0x00, 0x00, 0xCB, 0x00, 0x00, 0x00,
	0xC3, 0x00, 0x00, 0x00, 0x80, 0x00, 0x05, 0x00, 0x34, 0x00, 0x00, 0x00, 0xCC, 0x00, 0x00, 0x00,
	0xCB, 0x00, 0x00, 0x00, 0x67, 0x00, 0x00, 0x00, 0x41, 0x00, 0x06, 0x00, 0x63, 0x00, 0x00, 0x00,
	0xCD, 0x00, 0x00, 0x00, 0xA8, 0x00, 0x00, 0x00, 0x44, 0x00, 0x00, 0x00, 0xCC, 0x00, 0x00, 0x00,
	0x3D, 0x00, 0x04, 0x00, 0x06, 0x00, 0x00, 0x00, 0xCE, 0x00, 0x00, 0x00, 0xCD, 0x00, 0x00, 0x00,
	0x3D, 0x00, 0x04, 0x00, 0x34, 0x00, 0x00, 0x00, 0xCF, 0x00, 0x00, 0x00, 0xC3, 0x00, 0x00, 0x00,
	0x80, 0x00, 0x05, 0x00, 0x34, 0x00, 0x00, 0x00, 0xD0, 0x00, 0x00, 0x00, 0xCF, 0x00, 0x00, 0x00,
	0x6C, 0x00, 0x00, 0x00, 0x41, 0x00, 0x06, 0x00, 0x63, 0x00, 0x00, 0x00, 0xD1, 0x00, 0x00, 0x00,
	0xA8, 0x00, 0x00, 0x00, 0x44, 0x00, 0x00, 0x00, 0xD0, 0x00, 0x00, 0x00, 0x3D, 0x00, 0x04, 0x00,
	0x06, 0x00, 0x00, 0x00, 0xD2, 0x00, 0x00, 0x00, 0xD1, 0x00, 0x00, 0x00, 0x50, 0x00, 0x06, 0x00,
	0x0A, 0x00, 0x00, 0x00, 0xD3, 0x00, 0x00, 0x00, 0xCA, 0x00, 0x00, 0x00, 0xCE, 0x00, 0x00, 0x00,
	0xD2, 0x00, 0x00, 0x00, 0x3E, 0x00, 0x03, 0x00, 0xC7, 0x00, 0x00, 0x00, 0xD3, 0x00, 0x00, 0x00,
	0x3D, 0x00, 0x04, 0x00, 0x0A, 0x00, 0x00, 0x00, 0xD6, 0x00, 0x00, 0x00, 0xC7, 0x00, 0x00, 0x00,
	0x3D, 0x00, 0x04, 0x00, 0x0A, 0x00, 0x00, 0x00, 0xD7, 0x00, 0x00, 0x00, 0xC7, 0x00, 0x00, 0x00,
	0x94, 0x00, 0x05, 0x00, 0x06, 0x00, 0x00, 0x00, 0xD8, 0x00, 0x00, 0x00, 0xD6, 0x00, 0x00, 0x00,
	0xD7, 0x00, 0x00, 0x00, 0x3E, 0x00, 0x03, 0x00, 0xD5, 0x00, 0x00, 0x00, 0xD8, 0x00, 0x00, 0x00,
	0x3D, 0x00, 0x04, 0x00, 0x06, 0x00, 0x00, 0x00, 0xD9, 0x00, 0x00, 0x00, 0xD5, 0x00, 0x00, 0x00,
	0xB8, 0x00, 0x05, 0x00, 0x45, 0x00, 0x00, 0x00, 0xDB, 0x00, 0x00, 0x00, 0xD9, 0x00, 0x00, 0x00,
	0xDA, 0x00, 0x00, 0x00, 0xF7, 0x00, 0x03, 0x00, 0xDD, 0x00, 0x00, 0x00, 0x00, 0x00, 0x00, 0x00,
	0xFA, 0x00, 0x04, 0x00, 0xDB, 0x00, 0x00, 0x00, 0xDC, 0x00, 0x00, 0x00, 0xDD, 0x00, 0x00, 0x00,
	0xF8, 0x00, 0x02, 0x00, 0xDC, 0x00, 0x00, 0x00, 0xFE, 0x00, 0x02, 0x00, 0xB4, 0x00, 0x00, 0x00,
	0xF8, 0x00, 0x02, 0x00, 0xDD, 0x00, 0x00, 0x00, 0x3D, 0x00, 0x04, 0x00, 0x0A, 0x00, 0x00, 0x00,
	0xDF, 0x00, 0x00, 0x00, 0xC7, 0x00, 0x00, 0x00, 0x3D, 0x00, 0x04, 0x00, 0x06, 0x00, 0x00, 0x00,
	0xE0, 0x00, 0x00, 0x00, 0xD5, 0x00, 0x00, 0x00, 0x0C, 0x00, 0x06, 0x00, 0x06, 0x00, 0x00, 0x00,
	0xE1, 0x00, 0x00, 0x00, 0x01, 0x00, 0x00, 0x00, 0x20, 0x00, 0x00, 0x00, 0xE0, 0x00, 0x00, 0x00,
	0x8E, 0x00, 0x05, 0x00, 0x0A, 0x00, 0x00, 0x00, 0xE2, 0x00, 0x00, 0x00, 0xDF, 0x00, 0x00, 0x00,
	0xE1, 0x00, 0x00, 0x00, 0xFE, 0x00, 0x02, 0x00, 0xE2, 0x00, 0x00, 0x00, 0x38, 0x00, 0x01, 0x00,
	0x36, 0x00, 0x05, 0x00, 0x0A, 0x00, 0x00, 0x00, 0x1A, 0x00, 0x00, 0x00, 0x00, 0x00, 0x00, 0x00,
	0x11, 0x00, 0x00, 0x00, 0xF8, 0x00, 0x02, 0x00, 0x1B, 0x00, 0x00, 0x00, 0x3B, 0x00, 0x04, 0x00,
	0x35, 0x00, 0x00, 0x00, 0xE5, 0x00, 0x00, 0x00, 0x07, 0x00, 0x00, 0x00, 0x3B, 0x00, 0x04, 0x00,
	0x35, 0x00, 0x00, 0x00, 0x03, 0x01, 0x00, 0x00, 0x07, 0x00, 0x00, 0x00, 0x3B, 0x00, 0x04, 0x00,
	0x0B, 0x00, 0x00, 0x00, 0x07, 0x01, 0x00, 0x00, 0x07, 0x00, 0x00, 0x00, 0x3B, 0x00, 0x04, 0x00,
	0xD4, 0x00, 0x00, 0x00, 0x14, 0x01, 0x00, 0x00, 0x07, 0x00, 0x00, 0x00, 0x44, 0x00, 0x05, 0x00,
	0x34, 0x00, 0x00, 0x00, 0xEA, 0x00, 0x00, 0x00, 0xE9, 0x00, 0x00, 0x00, 0x00, 0x00, 0x00, 0x00,
	0x7C, 0x00, 0x04, 0x00, 0x3C, 0x00, 0x00, 0x00, 0xEB, 0x00, 0x00, 0x00, 0xEA, 0x00, 0x00, 0x00,
	0x7C, 0x00, 0x04, 0x00, 0x34, 0x00, 0x00, 0x00, 0xEC, 0x00, 0x00, 0x00, 0xEB, 0x00, 0x00, 0x00,
	0x86, 0x00, 0x05, 0x00, 0x34, 0x00, 0x00, 0x00, 0xED, 0x00, 0x00, 0x00, 0xEC, 0x00, 0x00, 0x00,
	0x3F, 0x00, 0x00, 0x00, 0x3E, 0x00, 0x03, 0x00, 0xE5, 0x00, 0x00, 0x00, 0xED, 0x00, 0x00, 0x00,
	0x3D, 0x00, 0x04, 0x00, 0x3C, 0x00, 0x00, 0x00, 0xEE, 0x00, 0x00, 0x00, 0x42, 0x00, 0x00, 0x00,
	0xAB, 0x00, 0x05, 0x00, 0x45, 0x00, 0x00, 0x00, 0xEF, 0x00, 0x00, 0x00, 0xEE, 0x00, 0x00, 0x00,
	0x7D, 0x00, 0x00, 0x00, 0x3D, 0x00, 0x04, 0x00, 0x34, 0x00, 0x00, 0x00, 0xF0, 0x00, 0x00, 0x00,
	0xE5, 0x00, 0x00, 0x00, 0xAA, 0x00, 0x05, 0x00, 0x45, 0x00, 0x00, 0x00, 0xF1, 0x00, 0x00, 0x00,
	0xF0, 0x00, 0x00, 0x00, 0x48, 0x00, 0x00, 0x00, 0xA6, 0x00, 0x05, 0x00, 0x45, 0x00, 0x00, 0x00,
	0xF2, 0x00, 0x00, 0x00, 0xEF, 0x00, 0x00, 0x00, 0xF1, 0x00, 0x00, 0x00, 0xF7, 0x00, 0x03, 0x00,
	0xF4, 0x00, 0x00, 0x00, 0x00, 0x00, 0x00, 0x00, 0xFA, 0x00, 0x04, 0x00, 0xF2, 0x00, 0x00, 0x00,
	0xF3, 0x00, 0x00, 0x00, 0xF4, 0x00, 0x00, 0x00, 0xF8, 0x00, 0x02, 0x00, 0xF3, 0x00, 0x00, 0x00,
	0xFE, 0x00, 0x02, 0x00, 0xB4, 0x00, 0x00, 0x00, 0xF8, 0x00, 0x02, 0x00, 0xF4, 0x00, 0x00, 0x00,
	0x3D, 0x00, 0x04, 0x00, 0x3C, 0x00, 0x00, 0x00, 0xF6, 0x00, 0x00, 0x00, 0x50, 0x00, 0x00, 0x00,
	0xB1, 0x00, 0x05, 0x00, 0x45, 0x00, 0x00, 0x00, 0xF7, 0x00, 0x00, 0x00, 0xF6, 0x00, 0x00, 0x00,
	0x44, 0x00, 0x00, 0x00, 0xA8, 0x00, 0x04, 0x00, 0x45, 0x00, 0x00, 0x00, 0xF8, 0x00, 0x00, 0x00,
	0xF7, 0x00, 0x00, 0x00, 0xF7, 0x00, 0x03, 0x00, 0xFA, 0x00, 0x00, 0x00, 0x00, 0x00, 0x00, 0x00,
	0xFA, 0x00, 0x04, 0x00, 0xF8, 0x00, 0x00, 0x00, 0xF9, 0x00, 0x00, 0x00, 0xFA, 0x00, 0x00, 0x00,
	0xF8, 0x00, 0x02, 0x00, 0xF9, 0x00, 0x00, 0x00, 0x3D, 0x00, 0x04, 0x00, 0x3C, 0x00, 0x00, 0x00,
	0xFB, 0x00, 0x00, 0x00, 0x50, 0x00, 0x00, 0x00, 0x7C, 0x00, 0x04, 0x00, 0x34, 0x00, 0x00, 0x00,
	0xFC, 0x00, 0x00, 0x00, 0xFB, 0x00, 0x00, 0x00, 0x3D, 0x00, 0x04, 0x00, 0x34, 0x00, 0x00, 0x00,
	0xFD, 0x00, 0x00, 0x00, 0xE5, 0x00, 0x00, 0x00, 0xAE, 0x00, 0x05, 0x00, 0x45, 0x00, 0x00, 0x00,
	0xFE, 0x00, 0x00, 0x00, 0xFC, 0x00, 0x00, 0x00, 0xFD, 0x00, 0x00, 0x00, 0xF9, 0x00, 0x02, 0x00,
	0xFA, 0x00, 0x00, 0x00, 0xF8, 0x00, 0x02, 0x00, 0xFA, 0x00, 0x00, 0x00, 0xF5, 0x00, 0x07, 0x00,
	0x45, 0x00, 0x00, 0x00, 0xFF, 0x00, 0x00, 0x00, 0xF7, 0x00, 0x00, 0x00, 0xF4, 0x00, 0x00, 0x00,
	0xFE, 0x00, 0x00, 0x00, 0xF9, 0x00, 0x00, 0x00, 0xF7, 0x00, 0x03, 0x00, 0x01, 0x01, 0x00, 0x00,
	0x00, 0x00, 0x00, 0x00, 0xFA, 0x00, 0x04, 0x00, 0xFF, 0x00, 0x00, 0x00, 0x00, 0x01, 0x00, 0x00,
	0x01, 0x01, 0x00, 0x00, 0xF8, 0x00, 0x02, 0x00, 0x00, 0x01, 0x00, 0x00, 0xFE, 0x00, 0x02, 0x00,
	0xB4, 0x00, 0x00, 0x00, 0xF8, 0x00, 0x02, 0x00, 0x01, 0x01, 0x00, 0x00, 0x3D, 0x00, 0x04, 0x00,
	0x3C, 0x00, 0x00, 0x00, 0x04, 0x01, 0x00, 0x00, 0x50, 0x00, 0x00, 0x00, 0x7C, 0x00, 0x04, 0x00,
	0x34, 0x00, 0x00, 0x00, 0x05, 0x01, 0x00, 0x00, 0x04, 0x01, 0x00, 0x00, 0x84, 0x00, 0x05, 0x00,
	0x34, 0x00, 0x00, 0x00, 0x06, 0x01, 0x00, 0x00, 0x05, 0x01, 0x00, 0x00, 0x3F, 0x00, 0x00, 0x00,
	0x3E, 0x00, 0x03, 0x00, 0x03, 0x01, 0x00, 0x00, 0x06, 0x01, 0x00, 0x00, 0x3D, 0x00, 0x04, 0x00,
	0x34, 0x00, 0x00, 0x00, 0x08, 0x01, 0x00, 0x00, 0x03, 0x01, 0x00, 0x00, 0x41, 0x00, 0x06, 0x00,
	0x63, 0x00, 0x00, 0x00, 0x09, 0x01, 0x00, 0x00, 0xE9, 0x00, 0x00, 0x00, 0x44, 0x00, 0x00, 0x00,
	0x08, 0x01, 0x00, 0x00, 0x3D, 0x00, 0x04, 0x00, 0x06, 0x00, 0x00, 0x00, 0x0A, 0x01, 0x00, 0x00,
	0x09, 0x01, 0x00, 0x00, 0x3D, 0x00, 0x04, 0x00, 0x34, 0x00, 0x00, 0x00, 0x0B, 0x01, 0x00, 0x00,
	0x03, 0x01, 0x00, 0x00, 0x80, 0x00, 0x05, 0x00, 0x34, 0x00, 0x00, 0x00, 0x0C, 0x01, 0x00, 0x00,
	0x0B, 0x01, 0x00, 0x00, 0x67, 0x00, 0x00, 0x00, 0x41, 0x00, 0x06, 0x00, 0x63, 0x00, 0x00, 0x00,
	0x0D, 0x01, 0x00, 0x00, 0xE9, 0x00, 0x00, 0x00, 0x44, 0x00, 0x00, 0x00, 0x0C, 0x01, 0x00, 0x00,
	0x3D, 0x00, 0x04, 0x00, 0x06, 0x00, 0x00, 0x00, 0x0E, 0x01, 0x00, 0x00, 0x0D, 0x01, 0x00, 0x00,
	0x3D, 0x00, 0x04, 0x00, 0x34, 0x00, 0x00, 0x00, 0x0F, 0x01, 0x00, 0x00, 0x03, 0x01, 0x00, 0x00,
	0x80, 0x00, 0x05, 0x00, 0x34, 0x00, 0x00, 0x00, 0x10, 0x01, 0x00, 0x00, 0x0F, 0x01, 0x00, 0x00,
	0x6C, 0x00, 0x00, 0x00, 0x41, 0x00, 0x06, 0x00, 0x63, 0x00, 0x00, 0x00, 0x11, 0x01, 0x00, 0x00,
	0xE9, 0x00, 0x00, 0x00, 0x44, 0x00, 0x00, 0x00, 0x10, 0x01, 0x00, 0x00, 0x3D, 0x00, 0x04, 0x00,
	0x06, 0x00, 0x00, 0x00, 0x12, 0x01, 0x00, 0x00, 0x11, 0x01, 0x00, 0x00, 0x50, 0x00, 0x06, 0x00,
	0x0A, 0x00, 0x00, 0x00, 0x13, 0x01, 0x00, 0x00, 0x0A, 0x01, 0x00, 0x00, 0x0E, 0x01, 0x00, 0x00,
	0x12, 0x01, 0x00, 0x00, 0x3E, 0x00, 0x03, 0x00, 0x07, 0x01, 0x00, 0x00, 0x13, 0x01, 0x00, 0x00,
	0x3D, 0x00, 0x04, 0x00, 0x0A, 0x00, 0x00, 0x00, 0x15, 0x01, 0x00, 0x00, 0x07, 0x01, 0x00, 0x00,
	0x3D, 0x00, 0x04, 0x00, 0x0A, 0x00, 0x00, 0x00, 0x16, 0x01, 0x00, 0x00, 0x07, 0x01, 0x00, 0x00,
	0x94, 0x00, 0x05, 0x00, 0x06, 0x00, 0x00, 0x00, 0x17, 0x01, 0x00, 0x00, 0x15, 0x01, 0x00, 0x00,
	0x16, 0x01, 0x00, 0x00, 0x3E, 0x00, 0x03, 0x00, 0x14, 0x01, 0x00, 0x00, 0x17, 0x01, 0x00, 0x00,
	0x3D, 0x00, 0x04, 0x00, 0x06, 0x00, 0x00, 0x00, 0x18, 0x01, 0x00, 0x00, 0x14, 0x01, 0x00, 0x00,
	0xB8, 0x00, 0x05, 0x00, 0x45, 0x00, 0x00, 0x00, 0x19, 0x01, 0x00, 0x00, 0x18, 0x01, 0x00, 0x00,
	0xDA, 0x00, 0x00, 0x00, 0xF7, 0x00, 0x03, 0x00, 0x1B, 0x01, 0x00, 0x00, 0x00, 0x00, 0x00, 0x00,
	0xFA, 0x00, 0x04, 0x00, 0x19, 0x01, 0x00, 0x00, 0x1A, 0x01, 0x00, 0x00, 0x1B, 0x01, 0x00, 0x00,
	0xF8, 0x00, 0x02, 0x00, 0x1A, 0x01, 0x00, 0x00, 0xFE, 0x00, 0x02, 0x00, 0xB4, 0x00, 0x00, 0x00,
	0xF8, 0x00, 0x02, 0x00, 0x1B, 0x01, 0x00, 0x00, 0x3D, 0x00, 0x04, 0x00, 0x0A, 0x00, 0x00, 0x00,
	0x1D, 0x01, 0x00, 0x00, 0x07, 0x01, 0x00, 0x00, 0x3D, 0x00, 0x04, 0x00, 0x06, 0x00, 0x00, 0x00,
	0x1E, 0x01, 0x00, 0x00, 0x14, 0x01, 0x00, 0x00, 0x0C, 0x00, 0x06, 0x00, 0x06, 0x00, 0x00, 0x00,
	0x1F, 0x01, 0x00, 0x00, 0x01, 0x00, 0x00, 0x00, 0x20, 0x00, 0x00, 0x00, 0x1E, 0x01, 0x00, 0x00,
	0x8E, 0x00, 0x05, 0x00, 0x0A, 0x00, 0x00, 0x00, 0x20, 0x01, 0x00, 0x00, 0x1D, 0x01, 0x00, 0x00,
	0x1F, 0x01, 0x00, 0x00, 0xFE, 0x00, 0x02, 0x00, 0x20, 0x01, 0x00, 0x00, 0x38, 0x00, 0x01, 0x00,
	0x36, 0x00, 0x05, 0x00, 0x0A, 0x00, 0x00, 0x00, 0x1C, 0x00, 0x00, 0x00, 0x00, 0x00, 0x00, 0x00,
	0x11, 0x00, 0x00, 0x00, 0xF8, 0x00, 0x02, 0x00, 0x1D, 0x00, 0x00, 0x00, 0x3B, 0x00, 0x04, 0x00,
	0x0B, 0x00, 0x00, 0x00, 0x23, 0x01, 0x00, 0x00, 0x07, 0x00, 0x00, 0x00, 0x3B, 0x00, 0x04, 0x00,
	0x0B, 0x00, 0x00, 0x00, 0x2C, 0x01, 0x00, 0x00, 0x07, 0x00, 0x00, 0x00, 0x39, 0x00, 0x04, 0x00,
	0x0A, 0x00, 0x00, 0x00, 0x24, 0x01, 0x00, 0x00, 0x18, 0x00, 0x00, 0x00, 0x3E, 0x00, 0x03, 0x00,
	0x23, 0x01, 0x00, 0x00, 0x24, 0x01, 0x00, 0x00, 0x3D, 0x00, 0x04, 0x00, 0x0A, 0x00, 0x00, 0x00,
	0x25, 0x01, 0x00, 0x00, 0x23, 0x01, 0x00, 0x00, 0x3D, 0x00, 0x04, 0x00, 0x0A, 0x00, 0x00, 0x00,
	0x26, 0x01, 0x00, 0x00, 0x23, 0x01, 0x00, 0x00, 0x94, 0x00, 0x05, 0x00, 0x06, 0x00, 0x00, 0x00,
	0x27, 0x01, 0x00, 0x00, 0x25, 0x01, 0x00, 0x00, 0x26, 0x01, 0x00, 0x00, 0xB8, 0x00, 0x05, 0x00,
	0x45, 0x00, 0x00, 0x00, 0x28, 0x01, 0x00, 0x00, 0x27, 0x01, 0x00, 0x00, 0xDA, 0x00, 0x00, 0x00,
	0xF7, 0x00, 0x03, 0x00, 0x2A, 0x01, 0x00, 0x00, 0x00, 0x00, 0x00, 0x00, 0xFA, 0x00, 0x04, 0x00,
	0x28, 0x01, 0x00, 0x00, 0x29, 0x01, 0x00, 0x00, 0x2A, 0x01, 0x00, 0x00, 0xF8, 0x00, 0x02, 0x00,
	0x29, 0x01, 0x00, 0x00, 0x39, 0x00, 0x04, 0x00, 0x0A, 0x00, 0x00, 0x00, 0x2B, 0x01, 0x00, 0x00,
	0x1A, 0x00, 0x00, 0x00, 0x3E, 0x00, 0x03, 0x00, 0x23, 0x01, 0x00, 0x00, 0x2B, 0x01, 0x00, 0x00,
	0xF9, 0x00, 0x02, 0x00, 0x2A, 0x01, 0x00, 0x00, 0xF8, 0x00, 0x02, 0x00, 0x2A, 0x01, 0x00, 0x00,
	0x3D, 0x00, 0x04, 0x00, 0x0A, 0x00, 0x00, 0x00, 0x2F, 0x01, 0x00, 0x00, 0x2E, 0x01, 0x00, 0x00,
	0x7F, 0x00, 0x04, 0x00, 0x0A, 0x00, 0x00, 0x00, 0x30, 0x01, 0x00, 0x00, 0x2F, 0x01, 0x00, 0x00,
	0x0C, 0x00, 0x06, 0x00, 0x0A, 0x00, 0x00, 0x00, 0x31, 0x01, 0x00, 0x00, 0x01, 0x00, 0x00, 0x00,
	0x45, 0x00, 0x00, 0x00, 0x30, 0x01, 0x00, 0x00, 0x3E, 0x00, 0x03, 0x00, 0x2C, 0x01, 0x00, 0x00,
	0x31, 0x01, 0x00, 0x00, 0x3D, 0x00, 0x04, 0x00, 0x0A, 0x00, 0x00, 0x00, 0x32, 0x01, 0x00, 0x00,
	0x23, 0x01, 0x00, 0x00, 0x3D, 0x00, 0x04, 0x00, 0x0A, 0x00, 0x00, 0x00, 0x33, 0x01, 0x00, 0x00,
	0x23, 0x01, 0x00, 0x00, 0x94, 0x00, 0x05, 0x00, 0x06, 0x00, 0x00, 0x00, 0x34, 0x01, 0x00, 0x00,
	0x32, 0x01, 0x00, 0x00, 0x33, 0x01, 0x00, 0x00, 0xB8, 0x00, 0x05, 0x00, 0x45, 0x00, 0x00, 0x00,
	0x35, 0x01, 0x00, 0x00, 0x34, 0x01, 0x00, 0x00, 0xDA, 0x00, 0x00, 0x00, 0xF7, 0x00, 0x03, 0x00,
	0x37, 0x01, 0x00, 0x00, 0x00, 0x00, 0x00, 0x00, 0xFA, 0x00, 0x04, 0x00, 0x35, 0x01, 0x00, 0x00,
	0x36, 0x01, 0x00, 0x00, 0x37, 0x01, 0x00, 0x00, 0xF8, 0x00, 0x02, 0x00, 0x36, 0x01, 0x00, 0x00,
	0x3D, 0x00, 0x04, 0x00, 0x0A, 0x00, 0x00, 0x00, 0x38, 0x01, 0x00, 0x00, 0x2C, 0x01, 0x00, 0x00,
	0xFE, 0x00, 0x02, 0x00, 0x38, 0x01, 0x00, 0x00, 0xF8, 0x00, 0x02, 0x00, 0x37, 0x01, 0x00, 0x00,
	0x3D, 0x00, 0x04, 0x00, 0x0A, 0x00, 0x00, 0x00, 0x3A, 0x01, 0x00, 0x00, 0x23, 0x01, 0x00, 0x00,
	0x3D, 0x00, 0x04, 0x00, 0x0A, 0x00, 0x00, 0x00, 0x3B, 0x01, 0x00, 0x00, 0x2C, 0x01, 0x00, 0x00,
	0x94, 0x00, 0x05, 0x00, 0x06, 0x00, 0x00, 0x00, 0x3C, 0x01, 0x00, 0x00, 0x3A, 0x01, 0x00, 0x00,
	0x3B, 0x01, 0x00, 0x00, 0xB8, 0x00, 0x05, 0x00, 0x45, 0x00, 0x00, 0x00, 0x3D, 0x01, 0x00, 0x00,
	0x3C, 0x01, 0x00, 0x00, 0x29, 0x00, 0x00, 0x00, 0xF7, 0x00, 0x03, 0x00, 0x3F, 0x01, 0x00, 0x00,
	0x00, 0x00, 0x00, 0x00, 0xFA, 0x00, 0x04, 0x00, 0x3D, 0x01, 0x00, 0x00, 0x3E, 0x01, 0x00, 0x00,
	0x3F, 0x01, 0x00, 0x00, 0xF8, 0x00, 0x02, 0x00, 0x3E, 0x01, 0x00, 0x00, 0x3D, 0x00, 0x04, 0x00,
	0x0A, 0x00, 0x00, 0x00, 0x40, 0x01, 0x00, 0x00, 0x23, 0x01, 0x00, 0x00, 0x7F, 0x00, 0x04, 0x00,
	0x0A, 0x00, 0x00, 0x00, 0x41, 0x01, 0x00, 0x00, 0x40, 0x01, 0x00, 0x00, 0x3E, 0x00, 0x03, 0x00,
	0x23, 0x01, 0x00, 0x00, 0x41, 0x01, 0x00, 0x00, 0xF9, 0x00, 0x02, 0x00, 0x3F, 0x01, 0x00, 0x00,
	0xF8, 0x00, 0x02, 0x00, 0x3F, 0x01, 0x00, 0x00, 0x3D, 0x00, 0x04, 0x00, 0x0A, 0x00, 0x00, 0x00,
	0x42, 0x01, 0x00, 0x00, 0x23, 0x01, 0x00, 0x00, 0xFE, 0x00, 0x02, 0x00, 0x42, 0x01, 0x00, 0x00,
	0x38, 0x00, 0x01, 0x00, 0x36, 0x00, 0x05, 0x00, 0x0A, 0x00, 0x00, 0x00, 0x23, 0x00, 0x00, 0x00,
	0x00, 0x00, 0x00, 0x00, 0x21, 0x00, 0x00, 0x00, 0x37, 0x00, 0x03, 0x00, 0x20, 0x00, 0x00, 0x00,
	0x22, 0x00, 0x00, 0x00, 0xF8, 0x00, 0x02, 0x00, 0x24, 0x00, 0x00, 0x00, 0x3B, 0x00, 0x04, 0x00,
	0x35, 0x00, 0x00, 0x00, 0x49, 0x01, 0x00, 0x00, 0x07, 0x00, 0x00, 0x00, 0x3B, 0x00, 0x04, 0x00,
	0x35, 0x00, 0x00, 0x00, 0x52, 0x01, 0x00, 0x00, 0x07, 0x00, 0x00, 0x00, 0x3B, 0x00, 0x04, 0x00,
	0x35, 0x00, 0x00, 0x00, 0x5E, 0x01, 0x00, 0x00, 0x07, 0x00, 0x00, 0x00, 0x3B, 0x00, 0x04, 0x00,
	0x69, 0x01, 0x00, 0x00, 0x6A, 0x01, 0x00, 0x00, 0x07, 0x00, 0x00, 0x00, 0x3B, 0x00, 0x04, 0x00,
	0x0B, 0x00, 0x00, 0x00, 0x7B, 0x01, 0x00, 0x00, 0x07, 0x00, 0x00, 0x00, 0x3B, 0x00, 0x04, 0x00,
	0xD4, 0x00, 0x00, 0x00, 0x98, 0x01, 0x00, 0x00, 0x07, 0x00, 0x00, 0x00, 0x3B, 0x00, 0x04, 0x00,
	0x0B, 0x00, 0x00, 0x00, 0x9C, 0x01, 0x00, 0x00, 0x07, 0x00, 0x00, 0x00, 0x3B, 0x00, 0x04, 0x00,
	0xA3, 0x01, 0x00, 0x00, 0xA4, 0x01, 0x00, 0x00, 0x07, 0x00, 0x00, 0x00, 0x3B, 0x00, 0x04, 0x00,
	0x69, 0x01, 0x00, 0x00, 0xB9, 0x01, 0x00, 0x00, 0x07, 0x00, 0x00, 0x00, 0x3B, 0x00, 0x04, 0x00,
	0x0B, 0x00, 0x00, 0x00, 0xDF, 0x01, 0x00, 0x00, 0x07, 0x00, 0x00, 0x00, 0x3D, 0x00, 0x04, 0x00,
	0x3C, 0x00, 0x00, 0x00, 0x45, 0x01, 0x00, 0x00, 0x42, 0x00, 0x00, 0x00, 0xAA, 0x00, 0x05, 0x00,
	0x45, 0x00, 0x00, 0x00, 0x46, 0x01, 0x00, 0x00, 0x45, 0x01, 0x00, 0x00, 0x44, 0x00, 0x00, 0x00,
	0xF7, 0x00, 0x03, 0x00, 0x48, 0x01, 0x00, 0x00, 0x00, 0x00, 0x00, 0x00, 0xFA, 0x00, 0x04, 0x00,
	0x46, 0x01, 0x00, 0x00, 0x47, 0x01, 0x00, 0x00, 0x48, 0x01, 0x00, 0x00, 0xF8, 0x00, 0x02, 0x00,
	0x47, 0x01, 0x00, 0x00, 0x44, 0x00, 0x05, 0x00, 0x34, 0x00, 0x00, 0x00, 0x4F, 0x01, 0x00, 0x00,
	0x4E, 0x01, 0x00, 0x00, 0x00, 0x00, 0x00, 0x00, 0x7C, 0x00, 0x04, 0x00, 0x3C, 0x00, 0x00, 0x00,
	0x50, 0x01, 0x00, 0x00, 0x4F, 0x01, 0x00, 0x00, 0x7C, 0x00, 0x04, 0x00, 0x34, 0x00, 0x00, 0x00,
	0x51, 0x01, 0x00, 0x00, 0x50, 0x01, 0x00, 0x00, 0x3E, 0x00, 0x03, 0x00, 0x49, 0x01, 0x00, 0x00,
	0x51, 0x01, 0x00, 0x00, 0x3D, 0x00, 0x04, 0x00, 0x3C, 0x00, 0x00, 0x00, 0x53, 0x01, 0x00, 0x00,
	0x50, 0x00, 0x00, 0x00, 0x0C, 0x00, 0x07, 0x00, 0x3C, 0x00, 0x00, 0x00, 0x54, 0x01, 0x00, 0x00,
	0x01, 0x00, 0x00, 0x00, 0x2A, 0x00, 0x00, 0x00, 0x53, 0x01, 0x00, 0x00, 0x44, 0x00, 0x00, 0x00,
	0x7C, 0x00, 0x04, 0x00, 0x34, 0x00, 0x00, 0x00, 0x55, 0x01, 0x00, 0x00, 0x54, 0x01, 0x00, 0x00,
	0x3E, 0x00, 0x03, 0x00, 0x52, 0x01, 0x00, 0x00, 0x55, 0x01, 0x00, 0x00, 0x3D, 0x00, 0x04, 0x00,
	0x34, 0x00, 0x00, 0x00, 0x56, 0x01, 0x00, 0x00, 0x49, 0x01, 0x00, 0x00, 0xAC, 0x00, 0x05, 0x00,
	0x45, 0x00, 0x00, 0x00, 0x57, 0x01, 0x00, 0x00, 0x56, 0x01, 0x00, 0x00, 0x48, 0x00, 0x00, 0x00,
	0x3D, 0x00, 0x04, 0x00, 0x34, 0x00, 0x00, 0x00, 0x58, 0x01, 0x00, 0x00, 0x52, 0x01, 0x00, 0x00,
	0x3D, 0x00, 0x04, 0x00, 0x34, 0x00, 0x00, 0x00, 0x59, 0x01, 0x00, 0x00, 0x49, 0x01, 0x00, 0x00,
	0xB0, 0x00, 0x05, 0x00, 0x45, 0x00, 0x00, 0x00, 0x5A, 0x01, 0x00, 0x00, 0x58, 0x01, 0x00, 0x00,
	0x59, 0x01, 0x00, 0x00, 0xA7, 0x00, 0x05, 0x00, 0x45, 0x00, 0x00, 0x00, 0x5B, 0x01, 0x00, 0x00,
	0x57, 0x01, 0x00, 0x00, 0x5A, 0x01, 0x00, 0x00, 0xF7, 0x00, 0x03, 0x00, 0x5D, 0x01, 0x00, 0x00,
	0x00, 0x00, 0x00, 0x00, 0xFA, 0x00, 0x04, 0x00, 0x5B, 0x01, 0x00, 0x00, 0x5C, 0x01, 0x00, 0x00,
	0x5D, 0x01, 0x00, 0x00, 0xF8, 0x00, 0x02, 0x00, 0x5C, 0x01, 0x00, 0x00, 0x3D, 0x00, 0x04, 0x00,
	0x34, 0x00, 0x00, 0x00, 0x5F, 0x01, 0x00, 0x00, 0x52, 0x01, 0x00, 0x00, 0x41, 0x00, 0x07, 0x00,
	0x60, 0x01, 0x00, 0x00, 0x61, 0x01, 0x00, 0x00, 0x4E, 0x01, 0x00, 0x00, 0x44, 0x00, 0x00, 0x00,
	0x5F, 0x01, 0x00, 0x00, 0x44, 0x00, 0x00, 0x00, 0x3D, 0x00, 0x04, 0x00, 0x34, 0x00, 0x00, 0x00,
	0x62, 0x01, 0x00, 0x00, 0x61, 0x01, 0x00, 0x00, 0x3E, 0x00, 0x03, 0x00, 0x5E, 0x01, 0x00, 0x00,
	0x62, 0x01, 0x00, 0x00, 0x3D, 0x00, 0x04, 0x00, 0x34, 0x00, 0x00, 0x00, 0x63, 0x01, 0x00, 0x00,
	0x5E, 0x01, 0x00, 0x00, 0xAB, 0x00, 0x05, 0x00, 0x45, 0x00, 0x00, 0x00, 0x65, 0x01, 0x00, 0x00,
	0x63, 0x01, 0x00, 0x00, 0x64, 0x01, 0x00, 0x00, 0xF7, 0x00, 0x03, 0x00, 0x67, 0x01, 0x00, 0x00,
	0x00, 0x00, 0x00, 0x00, 0xFA, 0x00, 0x04, 0x00, 0x65, 0x01, 0x00, 0x00, 0x66, 0x01, 0x00, 0x00,
	0x67, 0x01, 0x00, 0x00, 0xF8, 0x00, 0x02, 0x00, 0x66, 0x01, 0x00, 0x00, 0x3D, 0x00, 0x04, 0x00,
	0x1F, 0x00, 0x00, 0x00, 0x6C, 0x01, 0x00, 0x00, 0x6B, 0x01, 0x00, 0x00, 0x64, 0x00, 0x04, 0x00,
	0x1E, 0x00, 0x00, 0x00, 0x6D, 0x01, 0x00, 0x00, 0x6C, 0x01, 0x00, 0x00, 0x67, 0x00, 0x05, 0x00,
	0x6E, 0x01, 0x00, 0x00, 0x6F, 0x01, 0x00, 0x00, 0x6D, 0x01, 0x00, 0x00, 0x44, 0x00, 0x00, 0x00,
	0x6F, 0x00, 0x04, 0x00, 0x68, 0x01, 0x00, 0x00, 0x70, 0x01, 0x00, 0x00, 0x6F, 0x01, 0x00, 0x00,
	0x3E, 0x00, 0x03, 0x00, 0x6A, 0x01, 0x00, 0x00, 0x70, 0x01, 0x00, 0x00, 0x41, 0x00, 0x05, 0x00,
	0xD4, 0x00, 0x00, 0x00, 0x71, 0x01, 0x00, 0x00, 0x6A, 0x01, 0x00, 0x00, 0x48, 0x00, 0x00, 0x00,
	0x3D, 0x00, 0x04, 0x00, 0x06, 0x00, 0x00, 0x00, 0x72, 0x01, 0x00, 0x00, 0x71, 0x01, 0x00, 0x00,
	0xB8, 0x00, 0x05, 0x00, 0x45, 0x00, 0x00, 0x00, 0x73, 0x01, 0x00, 0x00, 0x72, 0x01, 0x00, 0x00,
	0x29, 0x00, 0x00, 0x00, 0xF7, 0x00, 0x03, 0x00, 0x75, 0x01, 0x00, 0x00, 0x00, 0x00, 0x00, 0x00,
	0xFA, 0x00, 0x04, 0x00, 0x73, 0x01, 0x00, 0x00, 0x74, 0x01, 0x00, 0x00, 0x75, 0x01, 0x00, 0x00,
	0xF8, 0x00, 0x02, 0x00, 0x74, 0x01, 0x00, 0x00, 0x3D, 0x00, 0x04, 0x00, 0x68, 0x01, 0x00, 0x00,
	0x76, 0x01, 0x00, 0x00, 0x6A, 0x01, 0x00, 0x00, 0x51, 0x00, 0x05, 0x00, 0x06, 0x00, 0x00, 0x00,
	0x77, 0x01, 0x00, 0x00, 0x76, 0x01, 0x00, 0x00, 0x00, 0x00, 0x00, 0x00, 0x51, 0x00, 0x05, 0x00,
	0x06, 0x00, 0x00, 0x00, 0x78, 0x01, 0x00, 0x00, 0x76, 0x01, 0x00, 0x00, 0x01, 0x00, 0x00, 0x00,
	0x50, 0x00, 0x06, 0x00, 0x0A, 0x00, 0x00, 0x00, 0x79, 0x01, 0x00, 0x00, 0x77, 0x01, 0x00, 0x00,
	0x78, 0x01, 0x00, 0x00, 0x29, 0x00, 0x00, 0x00, 0xFE, 0x00, 0x02, 0x00, 0x79, 0x01, 0x00, 0x00,
	0xF8, 0x00, 0x02, 0x00, 0x75, 0x01, 0x00, 0x00, 0xF9, 0x00, 0x02, 0x00, 0x67, 0x01, 0x00, 0x00,
	0xF8, 0x00, 0x02, 0x00, 0x67, 0x01, 0x00, 0x00, 0xF9, 0x00, 0x02, 0x00, 0x5D, 0x01, 0x00, 0x00,
	0xF8, 0x00, 0x02, 0x00, 0x5D, 0x01, 0x00, 0x00, 0xF9, 0x00, 0x02, 0x00, 0x48, 0x01, 0x00, 0x00,
	0xF8, 0x00, 0x02, 0x00, 0x48, 0x01, 0x00, 0x00, 0x39, 0x00, 0x04, 0x00, 0x0A, 0x00, 0x00, 0x00,
	0x7C, 0x01, 0x00, 0x00, 0x14, 0x00, 0x00, 0x00, 0x3E, 0x00, 0x03, 0x00, 0x7B, 0x01, 0x00, 0x00,
	0x7C, 0x01, 0x00, 0x00, 0x41, 0x00, 0x05, 0x00, 0xD4, 0x00, 0x00, 0x00, 0x7D, 0x01, 0x00, 0x00,
	0x7B, 0x01, 0x00, 0x00, 0x48, 0x00, 0x00, 0x00, 0x3D, 0x00, 0x04, 0x00, 0x06, 0x00, 0x00, 0x00,
	0x7E, 0x01, 0x00, 0x00, 0x7D, 0x01, 0x00, 0x00, 0xB8, 0x00, 0x05, 0x00, 0x45, 0x00, 0x00, 0x00,
	0x7F, 0x01, 0x00, 0x00, 0x7E, 0x01, 0x00, 0x00, 0x29, 0x00, 0x00, 0x00, 0xF7, 0x00, 0x03, 0x00,
	0x81, 0x01, 0x00, 0x00, 0x00, 0x00, 0x00, 0x00, 0xFA, 0x00, 0x04, 0x00, 0x7F, 0x01, 0x00, 0x00,
	0x80, 0x01, 0x00, 0x00, 0x81, 0x01, 0x00, 0x00, 0xF8, 0x00, 0x02, 0x00, 0x80, 0x01, 0x00, 0x00,
	0x39, 0x00, 0x04, 0x00, 0x0A, 0x00, 0x00, 0x00, 0x82, 0x01, 0x00, 0x00, 0x16, 0x00, 0x00, 0x00,
	0x3E, 0x00, 0x03, 0x00, 0x7B, 0x01, 0x00, 0x00, 0x82, 0x01, 0x00, 0x00, 0xF9, 0x00, 0x02, 0x00,
	0x81, 0x01, 0x00, 0x00, 0xF8, 0x00, 0x02, 0x00, 0x81, 0x01, 0x00, 0x00, 0x41, 0x00, 0x05, 0x00,
	0xD4, 0x00, 0x00, 0x00, 0x83, 0x01, 0x00, 0x00, 0x7B, 0x01, 0x00, 0x00, 0x48, 0x00, 0x00, 0x00,
	0x3D, 0x00, 0x04, 0x00, 0x06, 0x00, 0x00, 0x00, 0x84, 0x01, 0x00, 0x00, 0x83, 0x01, 0x00, 0x00,
	0xBE, 0x00, 0x05, 0x00, 0x45, 0x00, 0x00, 0x00, 0x85, 0x01, 0x00, 0x00, 0x84, 0x01, 0x00, 0x00,
	0x29, 0x00, 0x00, 0x00, 0xF7, 0x00, 0x03, 0x00, 0x87, 0x01, 0x00, 0x00, 0x00, 0x00, 0x00, 0x00,
	0xFA, 0x00, 0x04, 0x00, 0x85, 0x01, 0x00, 0x00, 0x86, 0x01, 0x00, 0x00, 0x87, 0x01, 0x00, 0x00,
	0xF8, 0x00, 0x02, 0x00, 0x86, 0x01, 0x00, 0x00, 0x3D, 0x00, 0x04, 0x00, 0x0A, 0x00, 0x00, 0x00,
	0x88, 0x01, 0x00, 0x00, 0x7B, 0x01, 0x00, 0x00, 0xFE, 0x00, 0x02, 0x00, 0x88, 0x01, 0x00, 0x00,
	0xF8, 0x00, 0x02, 0x00, 0x87, 0x01, 0x00, 0x00, 0x41, 0x00, 0x06, 0x00, 0x8F, 0x01, 0x00, 0x00,
	0x90, 0x01, 0x00, 0x00, 0x8D, 0x01, 0x00, 0x00, 0x8E, 0x01, 0x00, 0x00, 0x6C, 0x00, 0x00, 0x00,
	0x3D, 0x00, 0x04, 0x00, 0x06, 0x00, 0x00, 0x00, 0x91, 0x01, 0x00, 0x00, 0x90, 0x01, 0x00, 0x00,
	0xBC, 0x00, 0x05, 0x00, 0x45, 0x00, 0x00, 0x00, 0x93, 0x01, 0x00, 0x00, 0x91, 0x01, 0x00, 0x00,
	0x92, 0x01, 0x00, 0x00, 0xF7, 0x00, 0x03, 0x00, 0x95, 0x01, 0x00, 0x00, 0x00, 0x00, 0x00, 0x00,
	0xFA, 0x00, 0x04, 0x00, 0x93, 0x01, 0x00, 0x00, 0x94, 0x01, 0x00, 0x00, 0x95, 0x01, 0x00, 0x00,
	0xF8, 0x00, 0x02, 0x00, 0x94, 0x01, 0x00, 0x00, 0x39, 0x00, 0x04, 0x00, 0x0A, 0x00, 0x00, 0x00,
	0x96, 0x01, 0x00, 0x00, 0x12, 0x00, 0x00, 0x00, 0xFE, 0x00, 0x02, 0x00, 0x96, 0x01, 0x00, 0x00,
	0xF8, 0x00, 0x02, 0x00, 0x95, 0x01, 0x00, 0x00, 0x3D, 0x00, 0x04, 0x00, 0x06, 0x00, 0x00, 0x00,
	0x9B, 0x01, 0x00, 0x00, 0x9A, 0x01, 0x00, 0x00, 0x3E, 0x00, 0x03, 0x00, 0x98, 0x01, 0x00, 0x00,
	0x9B, 0x01, 0x00, 0x00, 0x3D, 0x00, 0x04, 0x00, 0x0A, 0x00, 0x00, 0x00, 0x9E, 0x01, 0x00, 0x00,
	0x9D, 0x01, 0x00, 0x00, 0x3D, 0x00, 0x04, 0x00, 0x0A, 0x00, 0x00, 0x00, 0x9F, 0x01, 0x00, 0x00,
	0x2E, 0x01, 0x00, 0x00, 0x3D, 0x00, 0x04, 0x00, 0x06, 0x00, 0x00, 0x00, 0xA0, 0x01, 0x00, 0x00,
	0x98, 0x01, 0x00, 0x00, 0x8E, 0x00, 0x05, 0x00, 0x0A, 0x00, 0x00, 0x00, 0xA1, 0x01, 0x00, 0x00,
	0x9F, 0x01, 0x00, 0x00, 0xA0, 0x01, 0x00, 0x00, 0x81, 0x00, 0x05, 0x00, 0x0A, 0x00, 0x00, 0x00,
	0xA2, 0x01, 0x00, 0x00, 0x9E, 0x01, 0x00, 0x00, 0xA1, 0x01, 0x00, 0x00, 0x3E, 0x00, 0x03, 0x00,
	0x9C, 0x01, 0x00, 0x00, 0xA2, 0x01, 0x00, 0x00, 0x41, 0x00, 0x05, 0x00, 0xA6, 0x01, 0x00, 0x00,
	0xA7, 0x01, 0x00, 0x00, 0x8D, 0x01, 0x00, 0x00, 0xA5, 0x01, 0x00, 0x00, 0x3D, 0x00, 0x04, 0x00,
	0x8A, 0x01, 0x00, 0x00, 0xA8, 0x01, 0x00, 0x00, 0xA7, 0x01, 0x00, 0x00, 0x3D, 0x00, 0x04, 0x00,
	0x0A, 0x00, 0x00, 0x00, 0xA9, 0x01, 0x00, 0x00, 0x9C, 0x01, 0x00, 0x00, 0x51, 0x00, 0x05, 0x00,
	0x06, 0x00, 0x00, 0x00, 0xAB, 0x01, 0x00, 0x00, 0xA9, 0x01, 0x00, 0x00, 0x00, 0x00, 0x00, 0x00,
	0x51, 0x00, 0x05, 0x00, 0x06, 0x00, 0x00, 0x00, 0xAC, 0x01, 0x00, 0x00, 0xA9, 0x01, 0x00, 0x00,
	0x01, 0x00, 0x00, 0x00, 0x51, 0x00, 0x05, 0x00, 0x06, 0x00, 0x00, 0x00, 0xAD, 0x01, 0x00, 0x00,
	0xA9, 0x01, 0x00, 0x00, 0x02, 0x00, 0x00, 0x00, 0x50, 0x00, 0x07, 0x00, 0x28, 0x00, 0x00, 0x00,
	0xAE, 0x01, 0x00, 0x00, 0xAB, 0x01, 0x00, 0x00, 0xAC, 0x01, 0x00, 0x00, 0xAD, 0x01, 0x00, 0x00,
	0xAA, 0x01, 0x00, 0x00, 0x91, 0x00, 0x05, 0x00, 0x28, 0x00, 0x00, 0x00, 0xAF, 0x01, 0x00, 0x00,
	0xA8, 0x01, 0x00, 0x00, 0xAE, 0x01, 0x00, 0x00, 0x3E, 0x00, 0x03, 0x00, 0xA4, 0x01, 0x00, 0x00,
	0xAF, 0x01, 0x00, 0x00, 0x41, 0x00, 0x05, 0x00, 0xD4, 0x00, 0x00, 0x00, 0xB0, 0x01, 0x00, 0x00,
	0xA4, 0x01, 0x00, 0x00, 0x3F, 0x00, 0x00, 0x00, 0x3D, 0x00, 0x04, 0x00, 0x06, 0x00, 0x00, 0x00,
	0xB1, 0x01, 0x00, 0x00, 0xB0, 0x01, 0x00, 0x00, 0x0C, 0x00, 0x06, 0x00, 0x06, 0x00, 0x00, 0x00,
	0xB2, 0x01, 0x00, 0x00, 0x01, 0x00, 0x00, 0x00, 0x04, 0x00, 0x00, 0x00, 0xB1, 0x01, 0x00, 0x00,
	0xB8, 0x00, 0x05, 0x00, 0x45, 0x00, 0x00, 0x00, 0xB4, 0x01, 0x00, 0x00, 0xB2, 0x01, 0x00, 0x00,
	0xB3, 0x01, 0x00, 0x00, 0xF7, 0x00, 0x03, 0x00, 0xB6, 0x01, 0x00, 0x00, 0x00, 0x00, 0x00, 0x00,
	0xFA, 0x00, 0x04, 0x00, 0xB4, 0x01, 0x00, 0x00, 0xB5, 0x01, 0x00, 0x00, 0xB6, 0x01, 0x00, 0x00,
	0xF8, 0x00, 0x02, 0x00, 0xB5, 0x01, 0x00, 0x00, 0x39, 0x00, 0x04, 0x00, 0x0A, 0x00, 0x00, 0x00,
	0xB7, 0x01, 0x00, 0x00, 0x12, 0x00, 0x00, 0x00, 0xFE, 0x00, 0x02, 0x00, 0xB7, 0x01, 0x00, 0x00,
	0xF8, 0x00, 0x02, 0x00, 0xB6, 0x01, 0x00, 0x00, 0x3D, 0x00, 0x04, 0x00, 0x28, 0x00, 0x00, 0x00,
	0xBA, 0x01, 0x00, 0x00, 0xA4, 0x01, 0x00, 0x00, 0x4F, 0x00, 0x07, 0x00, 0x68, 0x01, 0x00, 0x00,
	0xBB, 0x01, 0x00, 0x00, 0xBA, 0x01, 0x00, 0x00, 0xBA, 0x01, 0x00, 0x00, 0x00, 0x00, 0x00, 0x00,
	0x01, 0x00, 0x00, 0x00, 0x41, 0x00, 0x05, 0x00, 0xD4, 0x00, 0x00, 0x00, 0xBC, 0x01, 0x00, 0x00,
	0xA4, 0x01, 0x00, 0x00, 0x3F, 0x00, 0x00, 0x00, 0x3D, 0x00, 0x04, 0x00, 0x06, 0x00, 0x00, 0x00,
	0xBD, 0x01, 0x00, 0x00, 0xBC, 0x01, 0x00, 0x00, 0x50, 0x00, 0x05, 0x00, 0x68, 0x01, 0x00, 0x00,
	0xBE, 0x01, 0x00, 0x00, 0xBD, 0x01, 0x00, 0x00, 0xBD, 0x01, 0x00, 0x00, 0x88, 0x00, 0x05, 0x00,
	0x68, 0x01, 0x00, 0x00, 0xBF, 0x01, 0x00, 0x00, 0xBB, 0x01, 0x00, 0x00, 0xBE, 0x01, 0x00, 0x00,
	0x8E, 0x00, 0x05, 0x00, 0x68, 0x01, 0x00, 0x00, 0xC0, 0x01, 0x00, 0x00, 0xBF, 0x01, 0x00, 0x00,
	0x92, 0x01, 0x00, 0x00, 0x50, 0x00, 0x05, 0x00, 0x68, 0x01, 0x00, 0x00, 0xC1, 0x01, 0x00, 0x00,
	0x92, 0x01, 0x00, 0x00, 0x92, 0x01, 0x00, 0x00, 0x81, 0x00, 0x05, 0x00, 0x68, 0x01, 0x00, 0x00,
	0xC2, 0x01, 0x00, 0x00, 0xC0, 0x01, 0x00, 0x00, 0xC1, 0x01, 0x00, 0x00, 0x3E, 0x00, 0x03, 0x00,
	0xB9, 0x01, 0x00, 0x00, 0xC2, 0x01, 0x00, 0x00, 0x41, 0x00, 0x05, 0x00, 0xD4, 0x00, 0x00, 0x00,
	0xC3, 0x01, 0x00, 0x00, 0xB9, 0x01, 0x00, 0x00, 0x48, 0x00, 0x00, 0x00, 0x3D, 0x00, 0x04, 0x00,
	0x06, 0x00, 0x00, 0x00, 0xC4, 0x01, 0x00, 0x00, 0xC3, 0x01, 0x00, 0x00, 0xB8, 0x00, 0x05, 0x00,
	0x45, 0x00, 0x00, 0x00, 0xC5, 0x01, 0x00, 0x00, 0xC4, 0x01, 0x00, 0x00, 0x29, 0x00, 0x00, 0x00,
	0xA8, 0x00, 0x04, 0x00, 0x45, 0x00, 0x00, 0x00, 0xC6, 0x01, 0x00, 0x00, 0xC5, 0x01, 0x00, 0x00,
	0xF7, 0x00, 0x03, 0x00, 0xC8, 0x01, 0x00, 0x00, 0x00, 0x00, 0x00, 0x00, 0xFA, 0x00, 0x04, 0x00,
	0xC6, 0x01, 0x00, 0x00, 0xC7, 0x01, 0x00, 0x00, 0xC8, 0x01, 0x00, 0x00, 0xF8, 0x00, 0x02, 0x00,
	0xC7, 0x01, 0x00, 0x00, 0x41, 0x00, 0x05, 0x00, 0xD4, 0x00, 0x00, 0x00, 0xC9, 0x01, 0x00, 0x00,
	0xB9, 0x01, 0x00, 0x00, 0x48, 0x00, 0x00, 0x00, 0x3D, 0x00, 0x04, 0x00, 0x06, 0x00, 0x00, 0x00,
	0xCA, 0x01, 0x00, 0x00, 0xC9, 0x01, 0x00, 0x00, 0xBA, 0x00, 0x05, 0x00, 0x45, 0x00, 0x00, 0x00,
	0xCB, 0x01, 0x00, 0x00, 0xCA, 0x01, 0x00, 0x00, 0xAA, 0x01, 0x00, 0x00, 0xF9, 0x00, 0x02, 0x00,
	0xC8, 0x01, 0x00, 0x00, 0xF8, 0x00, 0x02, 0x00, 0xC8, 0x01, 0x00, 0x00, 0xF5, 0x00, 0x07, 0x00,
	0x45, 0x00, 0x00, 0x00, 0xCC, 0x01, 0x00, 0x00, 0xC5, 0x01, 0x00, 0x00, 0xB6, 0x01, 0x00, 0x00,
	0xCB, 0x01, 0x00, 0x00, 0xC7, 0x01, 0x00, 0x00, 0xA8, 0x00, 0x04, 0x00, 0x45, 0x00, 0x00, 0x00,
	0xCD, 0x01, 0x00, 0x00, 0xCC, 0x01, 0x00, 0x00, 0xF7, 0x00, 0x03, 0x00, 0xCF, 0x01, 0x00, 0x00,
	0x00, 0x00, 0x00, 0x00, 0xFA, 0x00, 0x04, 0x00, 0xCD, 0x01, 0x00, 0x00, 0xCE, 0x01, 0x00, 0x00,
	0xCF, 0x01, 0x00, 0x00, 0xF8, 0x00, 0x02, 0x00, 0xCE, 0x01, 0x00, 0x00, 0x41, 0x00, 0x05, 0x00,
	0xD4, 0x00, 0x00, 0x00, 0xD0, 0x01, 0x00, 0x00, 0xB9, 0x01, 0x00, 0x00, 0x67, 0x00, 0x00, 0x00,
	0x3D, 0x00, 0x04, 0x00, 0x06, 0x00, 0x00, 0x00, 0xD1, 0x01, 0x00, 0x00, 0xD0, 0x01, 0x00, 0x00,
	0xB8, 0x00, 0x05, 0x00, 0x45, 0x00, 0x00, 0x00, 0xD2, 0x01, 0x00, 0x00, 0xD1, 0x01, 0x00, 0x00,
	0x29, 0x00, 0x00, 0x00, 0xF9, 0x00, 0x02, 0x00, 0xCF, 0x01, 0x00, 0x00, 0xF8, 0x00, 0x02, 0x00,
	0xCF, 0x01, 0x00, 0x00, 0xF5, 0x00, 0x07, 0x00, 0x45, 0x00, 0x00, 0x00, 0xD3, 0x01, 0x00, 0x00,
	0xCC, 0x01, 0x00, 0x00, 0xC8, 0x01, 0x00, 0x00, 0xD2, 0x01, 0x00, 0x00, 0xCE, 0x01, 0x00, 0x00,
	0xA8, 0x00, 0x04, 0x00, 0x45, 0x00, 0x00, 0x00, 0xD4, 0x01, 0x00, 0x00, 0xD3, 0x01, 0x00, 0x00,
	0xF7, 0x00, 0x03, 0x00, 0xD6, 0x01, 0x00, 0x00, 0x00, 0x00, 0x00, 0x00, 0xFA, 0x00, 0x04, 0x00,
	0xD4, 0x01, 0x00, 0x00, 0xD5, 0x01, 0x00, 0x00, 0xD6, 0x01, 0x00, 0x00, 0xF8, 0x00, 0x02, 0x00,
	0xD5, 0x01, 0x00, 0x00, 0x41, 0x00, 0x05, 0x00, 0xD4, 0x00, 0x00, 0x00, 0xD7, 0x01, 0x00, 0x00,
	0xB9, 0x01, 0x00, 0x00, 0x67, 0x00, 0x00, 0x00, 0x3D, 0x00, 0x04, 0x00, 0x06, 0x00, 0x00, 0x00,
	0xD8, 0x01, 0x00, 0x00, 0xD7, 0x01, 0x00, 0x00, 0xBA, 0x00, 0x05, 0x00, 0x45, 0x00, 0x00, 0x00,
	0xD9, 0x01, 0x00, 0x00, 0xD8, 0x01, 0x00, 0x00, 0xAA, 0x01, 0x00, 0x00, 0xF9, 0x00, 0x02, 0x00,
	0xD6, 0x01, 0x00, 0x00, 0xF8, 0x00, 0x02, 0x00, 0xD6, 0x01, 0x00, 0x00, 0xF5, 0x00, 0x07, 0x00,
	0x45, 0x00, 0x00, 0x00, 0xDA, 0x01, 0x00, 0x00, 0xD3, 0x01, 0x00, 0x00, 0xCF, 0x01, 0x00, 0x00,
	0xD9, 0x01, 0x00, 0x00, 0xD5, 0x01, 0x00, 0x00, 0xF7, 0x00, 0x03, 0x00, 0xDC, 0x01, 0x00, 0x00,
	0x00, 0x00, 0x00, 0x00, 0xFA, 0x00, 0x04, 0x00, 0xDA, 0x01, 0x00, 0x00, 0xDB, 0x01, 0x00, 0x00,
	0xDC, 0x01, 0x00, 0x00, 0xF8, 0x00, 0x02, 0x00, 0xDB, 0x01, 0x00, 0x00, 0x39, 0x00, 0x04, 0x00,
	0x0A, 0x00, 0x00, 0x00, 0xDD, 0x01, 0x00, 0x00, 0x12, 0x00, 0x00, 0x00, 0xFE, 0x00, 0x02, 0x00,
	0xDD, 0x01, 0x00, 0x00, 0xF8, 0x00, 0x02, 0x00, 0xDC, 0x01, 0x00, 0x00, 0x3D, 0x00, 0x04, 0x00,
	0x1F, 0x00, 0x00, 0x00, 0xE0, 0x01, 0x00, 0x00, 0x22, 0x00, 0x00, 0x00, 0x3D, 0x00, 0x04, 0x00,
	0x68, 0x01, 0x00, 0x00, 0xE1, 0x01, 0x00, 0x00, 0xB9, 0x01, 0x00, 0x00, 0x58, 0x00, 0x07, 0x00,
	0x28, 0x00, 0x00, 0x00, 0xE2, 0x01, 0x00, 0x00, 0xE0, 0x01, 0x00, 0x00, 0xE1, 0x01, 0x00, 0x00,
	0x02, 0x00, 0x00, 0x00, 0x29, 0x00, 0x00, 0x00, 0x4F, 0x00, 0x08, 0x00, 0x0A, 0x00, 0x00, 0x00,
	0xE3, 0x01, 0x00, 0x00, 0xE2, 0x01, 0x00, 0x00, 0xE2, 0x01, 0x00, 0x00, 0x00, 0x00, 0x00, 0x00,
	0x01, 0x00, 0x00, 0x00, 0x02, 0x00, 0x00, 0x00, 0x3E, 0x00, 0x03, 0x00, 0xDF, 0x01, 0x00, 0x00,
	0xE3, 0x01, 0x00, 0x00, 0x3D, 0x00, 0x04, 0x00, 0x0A, 0x00, 0x00, 0x00, 0xE4, 0x01, 0x00, 0x00,
	0xDF, 0x01, 0x00, 0x00, 0x3D, 0x00, 0x04, 0x00, 0x0A, 0x00, 0x00, 0x00, 0xE5, 0x01, 0x00, 0x00,
	0xDF, 0x01, 0x00, 0x00, 0x94, 0x00, 0x05, 0x00, 0x06, 0x00, 0x00, 0x00, 0xE6, 0x01, 0x00, 0x00,
	0xE4, 0x01, 0x00, 0x00, 0xE5, 0x01, 0x00, 0x00, 0xB8, 0x00, 0x05, 0x00, 0x45, 0x00, 0x00, 0x00,
	0xE7, 0x01, 0x00, 0x00, 0xE6, 0x01, 0x00, 0x00, 0xB3, 0x01, 0x00, 0x00, 0xF7, 0x00, 0x03, 0x00,
	0xE9, 0x01, 0x00, 0x00, 0x00, 0x00, 0x00, 0x00, 0xFA, 0x00, 0x04, 0x00, 0xE7, 0x01, 0x00, 0x00,
	0xE8, 0x01, 0x00, 0x00, 0xE9, 0x01, 0x00, 0x00, 0xF8, 0x00, 0x02, 0x00, 0xE8, 0x01, 0x00, 0x00,
	0x39, 0x00, 0x04, 0x00, 0x0A, 0x00, 0x00, 0x00, 0xEA, 0x01, 0x00, 0x00, 0x12, 0x00, 0x00, 0x00,
	0xFE, 0x00, 0x02, 0x00, 0xEA, 0x01, 0x00, 0x00, 0xF8, 0x00, 0x02, 0x00, 0xE9, 0x01, 0x00, 0x00,
	0x3D, 0x00, 0x04, 0x00, 0x0A, 0x00, 0x00, 0x00, 0xEC, 0x01, 0x00, 0x00, 0xDF, 0x01, 0x00, 0x00,
	0xFE, 0x00, 0x02, 0x00, 0xEC, 0x01, 0x00, 0x00, 0x38, 0x00, 0x01, 0x00
};
#define VK_HYBRID1_DIFFUSE_RCHIT_SPV_SIZE (13788u)

/* hybrid1_temporal_cs.spv 17708 bytes */
static const uint8_t vk_hybrid1_temporal_cs_spv[] = {
	0x03, 0x02, 0x23, 0x07, 0x00, 0x05, 0x01, 0x00, 0x0B, 0x00, 0x08, 0x00, 0xB9, 0x02, 0x00, 0x00,
	0x00, 0x00, 0x00, 0x00, 0x11, 0x00, 0x02, 0x00, 0x01, 0x00, 0x00, 0x00, 0x0B, 0x00, 0x06, 0x00,
	0x01, 0x00, 0x00, 0x00, 0x47, 0x4C, 0x53, 0x4C, 0x2E, 0x73, 0x74, 0x64, 0x2E, 0x34, 0x35, 0x30,
	0x00, 0x00, 0x00, 0x00, 0x0E, 0x00, 0x03, 0x00, 0x00, 0x00, 0x00, 0x00, 0x01, 0x00, 0x00, 0x00,
	0x0F, 0x00, 0x10, 0x00, 0x05, 0x00, 0x00, 0x00, 0x04, 0x00, 0x00, 0x00, 0x6D, 0x61, 0x69, 0x6E,
	0x00, 0x00, 0x00, 0x00, 0x49, 0x01, 0x00, 0x00, 0x50, 0x01, 0x00, 0x00, 0x76, 0x01, 0x00, 0x00,
	0x83, 0x01, 0x00, 0x00, 0x89, 0x01, 0x00, 0x00, 0x8F, 0x01, 0x00, 0x00, 0x94, 0x01, 0x00, 0x00,
	0xB3, 0x01, 0x00, 0x00, 0xDB, 0x01, 0x00, 0x00, 0xE0, 0x01, 0x00, 0x00, 0xB8, 0x02, 0x00, 0x00,
	0x10, 0x00, 0x06, 0x00, 0x04, 0x00, 0x00, 0x00, 0x11, 0x00, 0x00, 0x00, 0x08, 0x00, 0x00, 0x00,
	0x08, 0x00, 0x00, 0x00, 0x01, 0x00, 0x00, 0x00, 0x03, 0x00, 0x03, 0x00, 0x02, 0x00, 0x00, 0x00,
	0xC2, 0x01, 0x00, 0x00, 0x04, 0x00, 0x0A, 0x00, 0x47, 0x4C, 0x5F, 0x47, 0x4F, 0x4F, 0x47, 0x4C,
	0x45, 0x5F, 0x63, 0x70, 0x70, 0x5F, 0x73, 0x74, 0x79, 0x6C, 0x65, 0x5F, 0x6C, 0x69, 0x6E, 0x65,
	0x5F, 0x64, 0x69, 0x72, 0x65, 0x63, 0x74, 0x69, 0x76, 0x65, 0x00, 0x00, 0x04, 0x00, 0x08, 0x00,
	0x47, 0x4C, 0x5F, 0x47, 0x4F, 0x4F, 0x47, 0x4C, 0x45, 0x5F, 0x69, 0x6E, 0x63, 0x6C, 0x75, 0x64,
	0x65, 0x5F, 0x64, 0x69, 0x72, 0x65, 0x63, 0x74, 0x69, 0x76, 0x65, 0x00, 0x05, 0x00, 0x04, 0x00,
	0x04, 0x00, 0x00, 0x00, 0x6D, 0x61, 0x69, 0x6E, 0x00, 0x00, 0x00, 0x00, 0x05, 0x00, 0x0C, 0x00,
	0x12, 0x00, 0x00, 0x00, 0x68, 0x79, 0x62, 0x72, 0x69, 0x64, 0x31, 0x5F, 0x77, 0x6F, 0x72, 0x6C,
	0x64, 0x50, 0x6F, 0x73, 0x46, 0x72, 0x6F, 0x6D, 0x44, 0x65, 0x70, 0x74, 0x68, 0x28, 0x6D, 0x66,
	0x34, 0x34, 0x3B, 0x76, 0x66, 0x32, 0x3B, 0x66, 0x31, 0x3B, 0x00, 0x00, 0x05, 0x00, 0x05, 0x00,
	0x0F, 0x00, 0x00, 0x00, 0x69, 0x6E, 0x76, 0x56, 0x69, 0x65, 0x77, 0x50, 0x72, 0x6F, 0x6A, 0x00,
	0x05, 0x00, 0x03, 0x00, 0x10, 0x00, 0x00, 0x00, 0x75, 0x76, 0x00, 0x00, 0x05, 0x00, 0x04, 0x00,
	0x11, 0x00, 0x00, 0x00, 0x64, 0x65, 0x70, 0x74, 0x68, 0x00, 0x00, 0x00, 0x05, 0x00, 0x0C, 0x00,
	0x19, 0x00, 0x00, 0x00, 0x68, 0x79, 0x62, 0x72, 0x69, 0x64, 0x31, 0x5F, 0x72, 0x65, 0x70, 0x72,
	0x6F, 0x6A, 0x65, 0x63, 0x74, 0x55, 0x56, 0x28, 0x6D, 0x66, 0x34, 0x34, 0x3B, 0x6D, 0x66, 0x34,
	0x34, 0x3B, 0x76, 0x66, 0x32, 0x3B, 0x66, 0x31, 0x3B, 0x00, 0x00, 0x00, 0x05, 0x00, 0x05, 0x00,
	0x15, 0x00, 0x00, 0x00, 0x69, 0x6E, 0x76, 0x56, 0x69, 0x65, 0x77, 0x50, 0x72, 0x6F, 0x6A, 0x00,
	0x05, 0x00, 0x06, 0x00, 0x16, 0x00, 0x00, 0x00, 0x70, 0x72, 0x65, 0x76, 0x56, 0x69, 0x65, 0x77,
	0x50, 0x72, 0x6F, 0x6A, 0x00, 0x00, 0x00, 0x00, 0x05, 0x00, 0x03, 0x00, 0x17, 0x00, 0x00, 0x00,
	0x75, 0x76, 0x00, 0x00, 0x05, 0x00, 0x04, 0x00, 0x18, 0x00, 0x00, 0x00, 0x64, 0x65, 0x70, 0x74,
	0x68, 0x00, 0x00, 0x00, 0x05, 0x00, 0x0D, 0x00, 0x27, 0x00, 0x00, 0x00, 0x68, 0x79, 0x62, 0x72,
	0x69, 0x64, 0x31, 0x5F, 0x68, 0x69, 0x73, 0x74, 0x6F, 0x72, 0x79, 0x55, 0x56, 0x28, 0x6D, 0x66,
	0x34, 0x34, 0x3B, 0x6D, 0x66, 0x34, 0x34, 0x3B, 0x76, 0x66, 0x32, 0x3B, 0x66, 0x31, 0x3B, 0x73,
	0x32, 0x31, 0x3B, 0x75, 0x31, 0x3B, 0x00, 0x00, 0x05, 0x00, 0x05, 0x00, 0x21, 0x00, 0x00, 0x00,
	0x69, 0x6E, 0x76, 0x56, 0x69, 0x65, 0x77, 0x50, 0x72, 0x6F, 0x6A, 0x00, 0x05, 0x00, 0x06, 0x00,
	0x22, 0x00, 0x00, 0x00, 0x70, 0x72, 0x65, 0x76, 0x56, 0x69, 0x65, 0x77, 0x50, 0x72, 0x6F, 0x6A,
	0x00, 0x00, 0x00, 0x00, 0x05, 0x00, 0x03, 0x00, 0x23, 0x00, 0x00, 0x00, 0x75, 0x76, 0x00, 0x00,
	0x05, 0x00, 0x04, 0x00, 0x24, 0x00, 0x00, 0x00, 0x64, 0x65, 0x70, 0x74, 0x68, 0x00, 0x00, 0x00,
	0x05, 0x00, 0x05, 0x00, 0x25, 0x00, 0x00, 0x00, 0x6D, 0x6F, 0x74, 0x69, 0x6F, 0x6E, 0x54, 0x65,
	0x78, 0x00, 0x00, 0x00, 0x05, 0x00, 0x05, 0x00, 0x26, 0x00, 0x00, 0x00, 0x75, 0x73, 0x65, 0x4D,
	0x6F, 0x74, 0x69, 0x6F, 0x6E, 0x00, 0x00, 0x00, 0x05, 0x00, 0x11, 0x00, 0x33, 0x00, 0x00, 0x00,
	0x68, 0x79, 0x62, 0x72, 0x69, 0x64, 0x31, 0x5F, 0x76, 0x61, 0x72, 0x69, 0x61, 0x6E, 0x63, 0x65,
	0x43, 0x6F, 0x6C, 0x6F, 0x72, 0x43, 0x6C, 0x61, 0x6D, 0x70, 0x33, 0x28, 0x73, 0x32, 0x31, 0x3B,
	0x76, 0x66, 0x32, 0x3B, 0x76, 0x66, 0x32, 0x3B, 0x66, 0x31, 0x3B, 0x76, 0x66, 0x33, 0x3B, 0x76,
	0x66, 0x33, 0x3B, 0x76, 0x66, 0x33, 0x3B, 0x76, 0x66, 0x33, 0x3B, 0x00, 0x05, 0x00, 0x04, 0x00,
	0x2B, 0x00, 0x00, 0x00, 0x73, 0x72, 0x63, 0x54, 0x65, 0x78, 0x00, 0x00, 0x05, 0x00, 0x03, 0x00,
	0x2C, 0x00, 0x00, 0x00, 0x75, 0x76, 0x00, 0x00, 0x05, 0x00, 0x04, 0x00, 0x2D, 0x00, 0x00, 0x00,
	0x74, 0x65, 0x78, 0x65, 0x6C, 0x00, 0x00, 0x00, 0x05, 0x00, 0x04, 0x00, 0x2E, 0x00, 0x00, 0x00,
	0x67, 0x61, 0x6D, 0x6D, 0x61, 0x00, 0x00, 0x00, 0x05, 0x00, 0x03, 0x00, 0x2F, 0x00, 0x00, 0x00,
	0x6D, 0x6E, 0x00, 0x00, 0x05, 0x00, 0x03, 0x00, 0x30, 0x00, 0x00, 0x00, 0x6D, 0x78, 0x00, 0x00,
	0x05, 0x00, 0x04, 0x00, 0x31, 0x00, 0x00, 0x00, 0x6D, 0x65, 0x61, 0x6E, 0x00, 0x00, 0x00, 0x00,
	0x05, 0x00, 0x05, 0x00, 0x32, 0x00, 0x00, 0x00, 0x76, 0x61, 0x72, 0x69, 0x61, 0x6E, 0x63, 0x65,
	0x00, 0x00, 0x00, 0x00, 0x05, 0x00, 0x10, 0x00, 0x3E, 0x00, 0x00, 0x00, 0x68, 0x79, 0x62, 0x72,
	0x69, 0x64, 0x31, 0x5F, 0x76, 0x61, 0x72, 0x69, 0x61, 0x6E, 0x63, 0x65, 0x43, 0x6F, 0x6C, 0x6F,
	0x72, 0x43, 0x6C, 0x61, 0x6D, 0x70, 0x31, 0x28, 0x73, 0x32, 0x31, 0x3B, 0x76, 0x66, 0x32, 0x3B,
	0x76, 0x66, 0x32, 0x3B, 0x66, 0x31, 0x3B, 0x66, 0x31, 0x3B, 0x66, 0x31, 0x3B, 0x66, 0x31, 0x3B,
	0x66, 0x31, 0x3B, 0x00, 0x05, 0x00, 0x04, 0x00, 0x36, 0x00, 0x00, 0x00, 0x73, 0x72, 0x63, 0x54,
	0x65, 0x78, 0x00, 0x00, 0x05, 0x00, 0x03, 0x00, 0x37, 0x00, 0x00, 0x00, 0x75, 0x76, 0x00, 0x00,
	0x05, 0x00, 0x04, 0x00, 0x38, 0x00, 0x00, 0x00, 0x74, 0x65, 0x78, 0x65, 0x6C, 0x00, 0x00, 0x00,
	0x05, 0x00, 0x04, 0x00, 0x39, 0x00, 0x00, 0x00, 0x67, 0x61, 0x6D, 0x6D, 0x61, 0x00, 0x00, 0x00,
	0x05, 0x00, 0x03, 0x00, 0x3A, 0x00, 0x00, 0x00, 0x6D, 0x6E, 0x00, 0x00, 0x05, 0x00, 0x03, 0x00,
	0x3B, 0x00, 0x00, 0x00, 0x6D, 0x78, 0x00, 0x00, 0x05, 0x00, 0x04, 0x00, 0x3C, 0x00, 0x00, 0x00,
	0x6D, 0x65, 0x61, 0x6E, 0x00, 0x00, 0x00, 0x00, 0x05, 0x00, 0x05, 0x00, 0x3D, 0x00, 0x00, 0x00,
	0x76, 0x61, 0x72, 0x69, 0x61, 0x6E, 0x63, 0x65, 0x00, 0x00, 0x00, 0x00, 0x05, 0x00, 0x0A, 0x00,
	0x44, 0x00, 0x00, 0x00, 0x68, 0x79, 0x62, 0x72, 0x69, 0x64, 0x31, 0x5F, 0x63, 0x6C, 0x61, 0x6D,
	0x70, 0x56, 0x65, 0x63, 0x33, 0x28, 0x76, 0x66, 0x33, 0x3B, 0x76, 0x66, 0x33, 0x3B, 0x76, 0x66,
	0x33, 0x3B, 0x00, 0x00, 0x05, 0x00, 0x03, 0x00, 0x41, 0x00, 0x00, 0x00, 0x76, 0x00, 0x00, 0x00,
	0x05, 0x00, 0x03, 0x00, 0x42, 0x00, 0x00, 0x00, 0x6D, 0x6E, 0x00, 0x00, 0x05, 0x00, 0x03, 0x00,
	0x43, 0x00, 0x00, 0x00, 0x6D, 0x78, 0x00, 0x00, 0x05, 0x00, 0x0A, 0x00, 0x4A, 0x00, 0x00, 0x00,
	0x68, 0x79, 0x62, 0x72, 0x69, 0x64, 0x31, 0x5F, 0x63, 0x6C, 0x61, 0x6D, 0x70, 0x46, 0x6C, 0x6F,
	0x61, 0x74, 0x28, 0x66, 0x31, 0x3B, 0x66, 0x31, 0x3B, 0x66, 0x31, 0x3B, 0x00, 0x00, 0x00, 0x00,
	0x05, 0x00, 0x03, 0x00, 0x47, 0x00, 0x00, 0x00, 0x76, 0x00, 0x00, 0x00, 0x05, 0x00, 0x03, 0x00,
	0x48, 0x00, 0x00, 0x00, 0x6D, 0x6E, 0x00, 0x00, 0x05, 0x00, 0x03, 0x00, 0x49, 0x00, 0x00, 0x00,
	0x6D, 0x78, 0x00, 0x00, 0x05, 0x00, 0x04, 0x00, 0x4D, 0x00, 0x00, 0x00, 0x63, 0x6C, 0x69, 0x70,
	0x00, 0x00, 0x00, 0x00, 0x05, 0x00, 0x05, 0x00, 0x58, 0x00, 0x00, 0x00, 0x77, 0x6F, 0x72, 0x6C,
	0x64, 0x50, 0x6F, 0x73, 0x00, 0x00, 0x00, 0x00, 0x05, 0x00, 0x05, 0x00, 0x69, 0x00, 0x00, 0x00,
	0x77, 0x6F, 0x72, 0x6C, 0x64, 0x50, 0x6F, 0x73, 0x00, 0x00, 0x00, 0x00, 0x05, 0x00, 0x04, 0x00,
	0x6A, 0x00, 0x00, 0x00, 0x70, 0x61, 0x72, 0x61, 0x6D, 0x00, 0x00, 0x00, 0x05, 0x00, 0x04, 0x00,
	0x6C, 0x00, 0x00, 0x00, 0x70, 0x61, 0x72, 0x61, 0x6D, 0x00, 0x00, 0x00, 0x05, 0x00, 0x04, 0x00,
	0x6E, 0x00, 0x00, 0x00, 0x70, 0x61, 0x72, 0x61, 0x6D, 0x00, 0x00, 0x00, 0x05, 0x00, 0x05, 0x00,
	0x71, 0x00, 0x00, 0x00, 0x70, 0x72, 0x65, 0x76, 0x43, 0x6C, 0x69, 0x70, 0x00, 0x00, 0x00, 0x00,
	0x05, 0x00, 0x04, 0x00, 0x8C, 0x00, 0x00, 0x00, 0x6D, 0x6F, 0x74, 0x69, 0x6F, 0x6E, 0x00, 0x00,
	0x05, 0x00, 0x04, 0x00, 0x96, 0x00, 0x00, 0x00, 0x70, 0x61, 0x72, 0x61, 0x6D, 0x00, 0x00, 0x00,
	0x05, 0x00, 0x04, 0x00, 0x98, 0x00, 0x00, 0x00, 0x70, 0x61, 0x72, 0x61, 0x6D, 0x00, 0x00, 0x00,
	0x05, 0x00, 0x04, 0x00, 0x9A, 0x00, 0x00, 0x00, 0x70, 0x61, 0x72, 0x61, 0x6D, 0x00, 0x00, 0x00,
	0x05, 0x00, 0x04, 0x00, 0x9C, 0x00, 0x00, 0x00, 0x70, 0x61, 0x72, 0x61, 0x6D, 0x00, 0x00, 0x00,
	0x05, 0x00, 0x03, 0x00, 0xA1, 0x00, 0x00, 0x00, 0x6D, 0x31, 0x00, 0x00, 0x05, 0x00, 0x03, 0x00,
	0xA3, 0x00, 0x00, 0x00, 0x6D, 0x32, 0x00, 0x00, 0x05, 0x00, 0x03, 0x00, 0xAA, 0x00, 0x00, 0x00,
	0x79, 0x00, 0x00, 0x00, 0x05, 0x00, 0x03, 0x00, 0xB4, 0x00, 0x00, 0x00, 0x78, 0x00, 0x00, 0x00,
	0x05, 0x00, 0x03, 0x00, 0xBC, 0x00, 0x00, 0x00, 0x73, 0x00, 0x00, 0x00, 0x05, 0x00, 0x04, 0x00,
	0xE5, 0x00, 0x00, 0x00, 0x73, 0x69, 0x67, 0x6D, 0x61, 0x00, 0x00, 0x00, 0x05, 0x00, 0x03, 0x00,
	0xF0, 0x00, 0x00, 0x00, 0x6D, 0x31, 0x00, 0x00, 0x05, 0x00, 0x03, 0x00, 0xF1, 0x00, 0x00, 0x00,
	0x6D, 0x32, 0x00, 0x00, 0x05, 0x00, 0x03, 0x00, 0xF2, 0x00, 0x00, 0x00, 0x79, 0x00, 0x00, 0x00,
	0x05, 0x00, 0x03, 0x00, 0xFA, 0x00, 0x00, 0x00, 0x78, 0x00, 0x00, 0x00, 0x05, 0x00, 0x03, 0x00,
	0x02, 0x01, 0x00, 0x00, 0x73, 0x00, 0x00, 0x00, 0x05, 0x00, 0x04, 0x00, 0x2A, 0x01, 0x00, 0x00,
	0x73, 0x69, 0x67, 0x6D, 0x61, 0x00, 0x00, 0x00, 0x05, 0x00, 0x03, 0x00, 0x46, 0x01, 0x00, 0x00,
	0x70, 0x69, 0x78, 0x00, 0x05, 0x00, 0x08, 0x00, 0x49, 0x01, 0x00, 0x00, 0x67, 0x6C, 0x5F, 0x47,
	0x6C, 0x6F, 0x62, 0x61, 0x6C, 0x49, 0x6E, 0x76, 0x6F, 0x63, 0x61, 0x74, 0x69, 0x6F, 0x6E, 0x49,
	0x44, 0x00, 0x00, 0x00, 0x05, 0x00, 0x07, 0x00, 0x4E, 0x01, 0x00, 0x00, 0x48, 0x79, 0x62, 0x72,
	0x69, 0x64, 0x31, 0x54, 0x65, 0x6D, 0x70, 0x6F, 0x72, 0x61, 0x6C, 0x50, 0x75, 0x73, 0x68, 0x00,
	0x06, 0x00, 0x06, 0x00, 0x4E, 0x01, 0x00, 0x00, 0x00, 0x00, 0x00, 0x00, 0x69, 0x6E, 0x76, 0x56,
	0x69, 0x65, 0x77, 0x50, 0x72, 0x6F, 0x6A, 0x00, 0x06, 0x00, 0x07, 0x00, 0x4E, 0x01, 0x00, 0x00,
	0x01, 0x00, 0x00, 0x00, 0x70, 0x72, 0x65, 0x76, 0x56, 0x69, 0x65, 0x77, 0x50, 0x72, 0x6F, 0x6A,
	0x00, 0x00, 0x00, 0x00, 0x06, 0x00, 0x05, 0x00, 0x4E, 0x01, 0x00, 0x00, 0x02, 0x00, 0x00, 0x00,
	0x65, 0x78, 0x74, 0x65, 0x6E, 0x74, 0x00, 0x00, 0x06, 0x00, 0x05, 0x00, 0x4E, 0x01, 0x00, 0x00,
	0x03, 0x00, 0x00, 0x00, 0x70, 0x61, 0x72, 0x61, 0x6D, 0x73, 0x00, 0x00, 0x06, 0x00, 0x06, 0x00,
	0x4E, 0x01, 0x00, 0x00, 0x04, 0x00, 0x00, 0x00, 0x68, 0x61, 0x73, 0x47, 0x42, 0x75, 0x66, 0x66,
	0x65, 0x72, 0x00, 0x00, 0x06, 0x00, 0x06, 0x00, 0x4E, 0x01, 0x00, 0x00, 0x05, 0x00, 0x00, 0x00,
	0x66, 0x69, 0x72, 0x73, 0x74, 0x46, 0x72, 0x61, 0x6D, 0x65, 0x00, 0x00, 0x06, 0x00, 0x06, 0x00,
	0x4E, 0x01, 0x00, 0x00, 0x06, 0x00, 0x00, 0x00, 0x75, 0x73, 0x65, 0x4D, 0x6F, 0x74, 0x69, 0x6F,
	0x6E, 0x00, 0x00, 0x00, 0x06, 0x00, 0x05, 0x00, 0x4E, 0x01, 0x00, 0x00, 0x07, 0x00, 0x00, 0x00,
	0x70, 0x61, 0x64, 0x31, 0x00, 0x00, 0x00, 0x00, 0x05, 0x00, 0x03, 0x00, 0x50, 0x01, 0x00, 0x00,
	0x70, 0x63, 0x00, 0x00, 0x05, 0x00, 0x03, 0x00, 0x65, 0x01, 0x00, 0x00, 0x75, 0x76, 0x00, 0x00,
	0x05, 0x00, 0x04, 0x00, 0x6F, 0x01, 0x00, 0x00, 0x74, 0x65, 0x78, 0x65, 0x6C, 0x00, 0x00, 0x00,
	0x05, 0x00, 0x04, 0x00, 0x75, 0x01, 0x00, 0x00, 0x64, 0x65, 0x70, 0x74, 0x68, 0x00, 0x00, 0x00,
	0x05, 0x00, 0x05, 0x00, 0x76, 0x01, 0x00, 0x00, 0x64, 0x65, 0x70, 0x74, 0x68, 0x54, 0x65, 0x78,
	0x00, 0x00, 0x00, 0x00, 0x05, 0x00, 0x03, 0x00, 0x82, 0x01, 0x00, 0x00, 0x72, 0x61, 0x77, 0x00,
	0x05, 0x00, 0x04, 0x00, 0x83, 0x01, 0x00, 0x00, 0x72, 0x61, 0x77, 0x54, 0x65, 0x78, 0x00, 0x00,
	0x05, 0x00, 0x05, 0x00, 0x89, 0x01, 0x00, 0x00, 0x66, 0x69, 0x6C, 0x74, 0x65, 0x72, 0x65, 0x64,
	0x4F, 0x75, 0x74, 0x00, 0x05, 0x00, 0x05, 0x00, 0x8F, 0x01, 0x00, 0x00, 0x68, 0x69, 0x73, 0x74,
	0x6F, 0x72, 0x79, 0x4F, 0x75, 0x74, 0x00, 0x00, 0x05, 0x00, 0x05, 0x00, 0x94, 0x01, 0x00, 0x00,
	0x76, 0x61, 0x72, 0x69, 0x61, 0x6E, 0x63, 0x65, 0x4F, 0x75, 0x74, 0x00, 0x05, 0x00, 0x03, 0x00,
	0x9A, 0x01, 0x00, 0x00, 0x72, 0x61, 0x77, 0x00, 0x05, 0x00, 0x04, 0x00, 0xA4, 0x01, 0x00, 0x00,
	0x72, 0x61, 0x77, 0x56, 0x69, 0x73, 0x00, 0x00, 0x05, 0x00, 0x04, 0x00, 0xA7, 0x01, 0x00, 0x00,
	0x68, 0x69, 0x73, 0x74, 0x56, 0x69, 0x73, 0x00, 0x05, 0x00, 0x05, 0x00, 0xA9, 0x01, 0x00, 0x00,
	0x76, 0x61, 0x72, 0x69, 0x61, 0x6E, 0x63, 0x65, 0x00, 0x00, 0x00, 0x00, 0x05, 0x00, 0x04, 0x00,
	0xB1, 0x01, 0x00, 0x00, 0x68, 0x69, 0x73, 0x74, 0x55, 0x76, 0x00, 0x00, 0x05, 0x00, 0x05, 0x00,
	0xB3, 0x01, 0x00, 0x00, 0x6D, 0x6F, 0x74, 0x69, 0x6F, 0x6E, 0x54, 0x65, 0x78, 0x00, 0x00, 0x00,
	0x05, 0x00, 0x04, 0x00, 0xB5, 0x01, 0x00, 0x00, 0x70, 0x61, 0x72, 0x61, 0x6D, 0x00, 0x00, 0x00,
	0x05, 0x00, 0x04, 0x00, 0xB9, 0x01, 0x00, 0x00, 0x70, 0x61, 0x72, 0x61, 0x6D, 0x00, 0x00, 0x00,
	0x05, 0x00, 0x04, 0x00, 0xBC, 0x01, 0x00, 0x00, 0x70, 0x61, 0x72, 0x61, 0x6D, 0x00, 0x00, 0x00,
	0x05, 0x00, 0x04, 0x00, 0xBE, 0x01, 0x00, 0x00, 0x70, 0x61, 0x72, 0x61, 0x6D, 0x00, 0x00, 0x00,
	0x05, 0x00, 0x04, 0x00, 0xC0, 0x01, 0x00, 0x00, 0x70, 0x61, 0x72, 0x61, 0x6D, 0x00, 0x00, 0x00,
	0x05, 0x00, 0x05, 0x00, 0xDB, 0x01, 0x00, 0x00, 0x68, 0x69, 0x73, 0x74, 0x6F, 0x72, 0x79, 0x54,
	0x65, 0x78, 0x00, 0x00, 0x05, 0x00, 0x06, 0x00, 0xE0, 0x01, 0x00, 0x00, 0x76, 0x61, 0x72, 0x69,
	0x61, 0x6E, 0x63, 0x65, 0x48, 0x69, 0x73, 0x74, 0x54, 0x65, 0x78, 0x00, 0x05, 0x00, 0x03, 0x00,
	0xEB, 0x01, 0x00, 0x00, 0x6D, 0x6E, 0x00, 0x00, 0x05, 0x00, 0x03, 0x00, 0xEC, 0x01, 0x00, 0x00,
	0x6D, 0x78, 0x00, 0x00, 0x05, 0x00, 0x04, 0x00, 0xED, 0x01, 0x00, 0x00, 0x6D, 0x65, 0x61, 0x6E,
	0x00, 0x00, 0x00, 0x00, 0x05, 0x00, 0x04, 0x00, 0xEE, 0x01, 0x00, 0x00, 0x76, 0x61, 0x72, 0x4E,
	0x00, 0x00, 0x00, 0x00, 0x05, 0x00, 0x04, 0x00, 0xEF, 0x01, 0x00, 0x00, 0x70, 0x61, 0x72, 0x61,
	0x6D, 0x00, 0x00, 0x00, 0x05, 0x00, 0x04, 0x00, 0xF1, 0x01, 0x00, 0x00, 0x70, 0x61, 0x72, 0x61,
	0x6D, 0x00, 0x00, 0x00, 0x05, 0x00, 0x04, 0x00, 0xF3, 0x01, 0x00, 0x00, 0x70, 0x61, 0x72, 0x61,
	0x6D, 0x00, 0x00, 0x00, 0x05, 0x00, 0x04, 0x00, 0xF6, 0x01, 0x00, 0x00, 0x70, 0x61, 0x72, 0x61,
	0x6D, 0x00, 0x00, 0x00, 0x05, 0x00, 0x04, 0x00, 0xF7, 0x01, 0x00, 0x00, 0x70, 0x61, 0x72, 0x61,
	0x6D, 0x00, 0x00, 0x00, 0x05, 0x00, 0x04, 0x00, 0xF8, 0x01, 0x00, 0x00, 0x70, 0x61, 0x72, 0x61,
	0x6D, 0x00, 0x00, 0x00, 0x05, 0x00, 0x04, 0x00, 0xF9, 0x01, 0x00, 0x00, 0x70, 0x61, 0x72, 0x61,
	0x6D, 0x00, 0x00, 0x00, 0x05, 0x00, 0x04, 0x00, 0xFF, 0x01, 0x00, 0x00, 0x70, 0x61, 0x72, 0x61,
	0x6D, 0x00, 0x00, 0x00, 0x05, 0x00, 0x04, 0x00, 0x01, 0x02, 0x00, 0x00, 0x70, 0x61, 0x72, 0x61,
	0x6D, 0x00, 0x00, 0x00, 0x05, 0x00, 0x04, 0x00, 0x03, 0x02, 0x00, 0x00, 0x70, 0x61, 0x72, 0x61,
	0x6D, 0x00, 0x00, 0x00, 0x05, 0x00, 0x04, 0x00, 0x06, 0x02, 0x00, 0x00, 0x61, 0x6C, 0x70, 0x68,
	0x61, 0x00, 0x00, 0x00, 0x05, 0x00, 0x05, 0x00, 0x09, 0x02, 0x00, 0x00, 0x66, 0x69, 0x6C, 0x74,
	0x65, 0x72, 0x65, 0x64, 0x00, 0x00, 0x00, 0x00, 0x05, 0x00, 0x05, 0x00, 0x1F, 0x02, 0x00, 0x00,
	0x68, 0x69, 0x73, 0x74, 0x57, 0x72, 0x69, 0x74, 0x65, 0x00, 0x00, 0x00, 0x05, 0x00, 0x05, 0x00,
	0x25, 0x02, 0x00, 0x00, 0x76, 0x61, 0x72, 0x57, 0x72, 0x69, 0x74, 0x65, 0x00, 0x00, 0x00, 0x00,
	0x05, 0x00, 0x04, 0x00, 0x29, 0x02, 0x00, 0x00, 0x72, 0x61, 0x77, 0x52, 0x67, 0x62, 0x00, 0x00,
	0x05, 0x00, 0x04, 0x00, 0x2C, 0x02, 0x00, 0x00, 0x68, 0x69, 0x73, 0x74, 0x52, 0x67, 0x62, 0x00,
	0x05, 0x00, 0x05, 0x00, 0x2E, 0x02, 0x00, 0x00, 0x76, 0x61, 0x72, 0x69, 0x61, 0x6E, 0x63, 0x65,
	0x00, 0x00, 0x00, 0x00, 0x05, 0x00, 0x04, 0x00, 0x34, 0x02, 0x00, 0x00, 0x68, 0x69, 0x73, 0x74,
	0x55, 0x76, 0x00, 0x00, 0x05, 0x00, 0x04, 0x00, 0x35, 0x02, 0x00, 0x00, 0x70, 0x61, 0x72, 0x61,
	0x6D, 0x00, 0x00, 0x00, 0x05, 0x00, 0x04, 0x00, 0x38, 0x02, 0x00, 0x00, 0x70, 0x61, 0x72, 0x61,
	0x6D, 0x00, 0x00, 0x00, 0x05, 0x00, 0x04, 0x00, 0x3B, 0x02, 0x00, 0x00, 0x70, 0x61, 0x72, 0x61,
	0x6D, 0x00, 0x00, 0x00, 0x05, 0x00, 0x04, 0x00, 0x3D, 0x02, 0x00, 0x00, 0x70, 0x61, 0x72, 0x61,
	0x6D, 0x00, 0x00, 0x00, 0x05, 0x00, 0x04, 0x00, 0x3F, 0x02, 0x00, 0x00, 0x70, 0x61, 0x72, 0x61,
	0x6D, 0x00, 0x00, 0x00, 0x05, 0x00, 0x03, 0x00, 0x67, 0x02, 0x00, 0x00, 0x6D, 0x6E, 0x00, 0x00,
	0x05, 0x00, 0x03, 0x00, 0x68, 0x02, 0x00, 0x00, 0x6D, 0x78, 0x00, 0x00, 0x05, 0x00, 0x04, 0x00,
	0x69, 0x02, 0x00, 0x00, 0x6D, 0x65, 0x61, 0x6E, 0x00, 0x00, 0x00, 0x00, 0x05, 0x00, 0x04, 0x00,
	0x6A, 0x02, 0x00, 0x00, 0x76, 0x61, 0x72, 0x4E, 0x00, 0x00, 0x00, 0x00, 0x05, 0x00, 0x04, 0x00,
	0x6B, 0x02, 0x00, 0x00, 0x70, 0x61, 0x72, 0x61, 0x6D, 0x00, 0x00, 0x00, 0x05, 0x00, 0x04, 0x00,
	0x6D, 0x02, 0x00, 0x00, 0x70, 0x61, 0x72, 0x61, 0x6D, 0x00, 0x00, 0x00, 0x05, 0x00, 0x04, 0x00,
	0x6F, 0x02, 0x00, 0x00, 0x70, 0x61, 0x72, 0x61, 0x6D, 0x00, 0x00, 0x00, 0x05, 0x00, 0x04, 0x00,
	0x72, 0x02, 0x00, 0x00, 0x70, 0x61, 0x72, 0x61, 0x6D, 0x00, 0x00, 0x00, 0x05, 0x00, 0x04, 0x00,
	0x73, 0x02, 0x00, 0x00, 0x70, 0x61, 0x72, 0x61, 0x6D, 0x00, 0x00, 0x00, 0x05, 0x00, 0x04, 0x00,
	0x74, 0x02, 0x00, 0x00, 0x70, 0x61, 0x72, 0x61, 0x6D, 0x00, 0x00, 0x00, 0x05, 0x00, 0x04, 0x00,
	0x75, 0x02, 0x00, 0x00, 0x70, 0x61, 0x72, 0x61, 0x6D, 0x00, 0x00, 0x00, 0x05, 0x00, 0x04, 0x00,
	0x7B, 0x02, 0x00, 0x00, 0x70, 0x61, 0x72, 0x61, 0x6D, 0x00, 0x00, 0x00, 0x05, 0x00, 0x04, 0x00,
	0x7D, 0x02, 0x00, 0x00, 0x70, 0x61, 0x72, 0x61, 0x6D, 0x00, 0x00, 0x00, 0x05, 0x00, 0x04, 0x00,
	0x7F, 0x02, 0x00, 0x00, 0x70, 0x61, 0x72, 0x61, 0x6D, 0x00, 0x00, 0x00, 0x05, 0x00, 0x04, 0x00,
	0x82, 0x02, 0x00, 0x00, 0x61, 0x6C, 0x70, 0x68, 0x61, 0x00, 0x00, 0x00, 0x05, 0x00, 0x05, 0x00,
	0xB8, 0x02, 0x00, 0x00, 0x6E, 0x6F, 0x72, 0x6D, 0x61, 0x6C, 0x54, 0x65, 0x78, 0x00, 0x00, 0x00,
	0x47, 0x00, 0x04, 0x00, 0x49, 0x01, 0x00, 0x00, 0x0B, 0x00, 0x00, 0x00, 0x1C, 0x00, 0x00, 0x00,
	0x47, 0x00, 0x03, 0x00, 0x4E, 0x01, 0x00, 0x00, 0x02, 0x00, 0x00, 0x00, 0x48, 0x00, 0x04, 0x00,
	0x4E, 0x01, 0x00, 0x00, 0x00, 0x00, 0x00, 0x00, 0x05, 0x00, 0x00, 0x00, 0x48, 0x00, 0x05, 0x00,
	0x4E, 0x01, 0x00, 0x00, 0x00, 0x00, 0x00, 0x00, 0x07, 0x00, 0x00, 0x00, 0x10, 0x00, 0x00, 0x00,
	0x48, 0x00, 0x05, 0x00, 0x4E, 0x01, 0x00, 0x00, 0x00, 0x00, 0x00, 0x00, 0x23, 0x00, 0x00, 0x00,
	0x00, 0x00, 0x00, 0x00, 0x48, 0x00, 0x04, 0x00, 0x4E, 0x01, 0x00, 0x00, 0x01, 0x00, 0x00, 0x00,
	0x05, 0x00, 0x00, 0x00, 0x48, 0x00, 0x05, 0x00, 0x4E, 0x01, 0x00, 0x00, 0x01, 0x00, 0x00, 0x00,
	0x07, 0x00, 0x00, 0x00, 0x10, 0x00, 0x00, 0x00, 0x48, 0x00, 0x05, 0x00, 0x4E, 0x01, 0x00, 0x00,
	0x01, 0x00, 0x00, 0x00, 0x23, 0x00, 0x00, 0x00, 0x40, 0x00, 0x00, 0x00, 0x48, 0x00, 0x05, 0x00,
	0x4E, 0x01, 0x00, 0x00, 0x02, 0x00, 0x00, 0x00, 0x23, 0x00, 0x00, 0x00, 0x80, 0x00, 0x00, 0x00,
	0x48, 0x00, 0x05, 0x00, 0x4E, 0x01, 0x00, 0x00, 0x03, 0x00, 0x00, 0x00, 0x23, 0x00, 0x00, 0x00,
	0x90, 0x00, 0x00, 0x00, 0x48, 0x00, 0x05, 0x00, 0x4E, 0x01, 0x00, 0x00, 0x04, 0x00, 0x00, 0x00,
	0x23, 0x00, 0x00, 0x00, 0xA0, 0x00, 0x00, 0x00, 0x48, 0x00, 0x05, 0x00, 0x4E, 0x01, 0x00, 0x00,
	0x05, 0x00, 0x00, 0x00, 0x23, 0x00, 0x00, 0x00, 0xA4, 0x00, 0x00, 0x00, 0x48, 0x00, 0x05, 0x00,
	0x4E, 0x01, 0x00, 0x00, 0x06, 0x00, 0x00, 0x00, 0x23, 0x00, 0x00, 0x00, 0xA8, 0x00, 0x00, 0x00,
	0x48, 0x00, 0x05, 0x00, 0x4E, 0x01, 0x00, 0x00, 0x07, 0x00, 0x00, 0x00, 0x23, 0x00, 0x00, 0x00,
	0xAC, 0x00, 0x00, 0x00, 0x47, 0x00, 0x04, 0x00, 0x76, 0x01, 0x00, 0x00, 0x21, 0x00, 0x00, 0x00,
	0x00, 0x00, 0x00, 0x00, 0x47, 0x00, 0x04, 0x00, 0x76, 0x01, 0x00, 0x00, 0x22, 0x00, 0x00, 0x00,
	0x00, 0x00, 0x00, 0x00, 0x47, 0x00, 0x04, 0x00, 0x83, 0x01, 0x00, 0x00, 0x21, 0x00, 0x00, 0x00,
	0x02, 0x00, 0x00, 0x00, 0x47, 0x00, 0x04, 0x00, 0x83, 0x01, 0x00, 0x00, 0x22, 0x00, 0x00, 0x00,
	0x00, 0x00, 0x00, 0x00, 0x47, 0x00, 0x03, 0x00, 0x89, 0x01, 0x00, 0x00, 0x19, 0x00, 0x00, 0x00,
	0x47, 0x00, 0x04, 0x00, 0x89, 0x01, 0x00, 0x00, 0x21, 0x00, 0x00, 0x00, 0x04, 0x00, 0x00, 0x00,
	0x47, 0x00, 0x04, 0x00, 0x89, 0x01, 0x00, 0x00, 0x22, 0x00, 0x00, 0x00, 0x00, 0x00, 0x00, 0x00,
	0x47, 0x00, 0x03, 0x00, 0x8F, 0x01, 0x00, 0x00, 0x19, 0x00, 0x00, 0x00, 0x47, 0x00, 0x04, 0x00,
	0x8F, 0x01, 0x00, 0x00, 0x21, 0x00, 0x00, 0x00, 0x05, 0x00, 0x00, 0x00, 0x47, 0x00, 0x04, 0x00,
	0x8F, 0x01, 0x00, 0x00, 0x22, 0x00, 0x00, 0x00, 0x00, 0x00, 0x00, 0x00, 0x47, 0x00, 0x03, 0x00,
	0x94, 0x01, 0x00, 0x00, 0x19, 0x00, 0x00, 0x00, 0x47, 0x00, 0x04, 0x00, 0x94, 0x01, 0x00, 0x00,
	0x21, 0x00, 0x00, 0x00, 0x07, 0x00, 0x00, 0x00, 0x47, 0x00, 0x04, 0x00, 0x94, 0x01, 0x00, 0x00,
	0x22, 0x00, 0x00, 0x00, 0x00, 0x00, 0x00, 0x00, 0x47, 0x00, 0x04, 0x00, 0xB3, 0x01, 0x00, 0x00,
	0x21, 0x00, 0x00, 0x00, 0x08, 0x00, 0x00, 0x00, 0x47, 0x00, 0x04, 0x00, 0xB3, 0x01, 0x00, 0x00,
	0x22, 0x00, 0x00, 0x00, 0x00, 0x00, 0x00, 0x00, 0x47, 0x00, 0x04, 0x00, 0xDB, 0x01, 0x00, 0x00,
	0x21, 0x00, 0x00, 0x00, 0x03, 0x00, 0x00, 0x00, 0x47, 0x00, 0x04, 0x00, 0xDB, 0x01, 0x00, 0x00,
	0x22, 0x00, 0x00, 0x00, 0x00, 0x00, 0x00, 0x00, 0x47, 0x00, 0x04, 0x00, 0xE0, 0x01, 0x00, 0x00,
	0x21, 0x00, 0x00, 0x00, 0x06, 0x00, 0x00, 0x00, 0x47, 0x00, 0x04, 0x00, 0xE0, 0x01, 0x00, 0x00,
	0x22, 0x00, 0x00, 0x00, 0x00, 0x00, 0x00, 0x00, 0x47, 0x00, 0x04, 0x00, 0xB7, 0x02, 0x00, 0x00,
	0x0B, 0x00, 0x00, 0x00, 0x19, 0x00, 0x00, 0x00, 0x47, 0x00, 0x04, 0x00, 0xB8, 0x02, 0x00, 0x00,
	0x21, 0x00, 0x00, 0x00, 0x01, 0x00, 0x00, 0x00, 0x47, 0x00, 0x04, 0x00, 0xB8, 0x02, 0x00, 0x00,
	0x22, 0x00, 0x00, 0x00, 0x00, 0x00, 0x00, 0x00, 0x13, 0x00, 0x02, 0x00, 0x02, 0x00, 0x00, 0x00,
	0x21, 0x00, 0x03, 0x00, 0x03, 0x00, 0x00, 0x00, 0x02, 0x00, 0x00, 0x00, 0x16, 0x00, 0x03, 0x00,
	0x06, 0x00, 0x00, 0x00, 0x20, 0x00, 0x00, 0x00, 0x17, 0x00, 0x04, 0x00, 0x07, 0x00, 0x00, 0x00,
	0x06, 0x00, 0x00, 0x00, 0x04, 0x00, 0x00, 0x00, 0x18, 0x00, 0x04, 0x00, 0x08, 0x00, 0x00, 0x00,
	0x07, 0x00, 0x00, 0x00, 0x04, 0x00, 0x00, 0x00, 0x20, 0x00, 0x04, 0x00, 0x09, 0x00, 0x00, 0x00,
	0x07, 0x00, 0x00, 0x00, 0x08, 0x00, 0x00, 0x00, 0x17, 0x00, 0x04, 0x00, 0x0A, 0x00, 0x00, 0x00,
	0x06, 0x00, 0x00, 0x00, 0x02, 0x00, 0x00, 0x00, 0x20, 0x00, 0x04, 0x00, 0x0B, 0x00, 0x00, 0x00,
	0x07, 0x00, 0x00, 0x00, 0x0A, 0x00, 0x00, 0x00, 0x20, 0x00, 0x04, 0x00, 0x0C, 0x00, 0x00, 0x00,
	0x07, 0x00, 0x00, 0x00, 0x06, 0x00, 0x00, 0x00, 0x17, 0x00, 0x04, 0x00, 0x0D, 0x00, 0x00, 0x00,
	0x06, 0x00, 0x00, 0x00, 0x03, 0x00, 0x00, 0x00, 0x21, 0x00, 0x06, 0x00, 0x0E, 0x00, 0x00, 0x00,
	0x0D, 0x00, 0x00, 0x00, 0x09, 0x00, 0x00, 0x00, 0x0B, 0x00, 0x00, 0x00, 0x0C, 0x00, 0x00, 0x00,
	0x21, 0x00, 0x07, 0x00, 0x14, 0x00, 0x00, 0x00, 0x0A, 0x00, 0x00, 0x00, 0x09, 0x00, 0x00, 0x00,
	0x09, 0x00, 0x00, 0x00, 0x0B, 0x00, 0x00, 0x00, 0x0C, 0x00, 0x00, 0x00, 0x19, 0x00, 0x09, 0x00,
	0x1B, 0x00, 0x00, 0x00, 0x06, 0x00, 0x00, 0x00, 0x01, 0x00, 0x00, 0x00, 0x00, 0x00, 0x00, 0x00,
	0x00, 0x00, 0x00, 0x00, 0x00, 0x00, 0x00, 0x00, 0x01, 0x00, 0x00, 0x00, 0x00, 0x00, 0x00, 0x00,
	0x1B, 0x00, 0x03, 0x00, 0x1C, 0x00, 0x00, 0x00, 0x1B, 0x00, 0x00, 0x00, 0x20, 0x00, 0x04, 0x00,
	0x1D, 0x00, 0x00, 0x00, 0x00, 0x00, 0x00, 0x00, 0x1C, 0x00, 0x00, 0x00, 0x15, 0x00, 0x04, 0x00,
	0x1E, 0x00, 0x00, 0x00, 0x20, 0x00, 0x00, 0x00, 0x00, 0x00, 0x00, 0x00, 0x20, 0x00, 0x04, 0x00,
	0x1F, 0x00, 0x00, 0x00, 0x07, 0x00, 0x00, 0x00, 0x1E, 0x00, 0x00, 0x00, 0x21, 0x00, 0x09, 0x00,
	0x20, 0x00, 0x00, 0x00, 0x0A, 0x00, 0x00, 0x00, 0x09, 0x00, 0x00, 0x00, 0x09, 0x00, 0x00, 0x00,
	0x0B, 0x00, 0x00, 0x00, 0x0C, 0x00, 0x00, 0x00, 0x1D, 0x00, 0x00, 0x00, 0x1F, 0x00, 0x00, 0x00,
	0x20, 0x00, 0x04, 0x00, 0x29, 0x00, 0x00, 0x00, 0x07, 0x00, 0x00, 0x00, 0x0D, 0x00, 0x00, 0x00,
	0x21, 0x00, 0x0B, 0x00, 0x2A, 0x00, 0x00, 0x00, 0x02, 0x00, 0x00, 0x00, 0x1D, 0x00, 0x00, 0x00,
	0x0B, 0x00, 0x00, 0x00, 0x0B, 0x00, 0x00, 0x00, 0x0C, 0x00, 0x00, 0x00, 0x29, 0x00, 0x00, 0x00,
	0x29, 0x00, 0x00, 0x00, 0x29, 0x00, 0x00, 0x00, 0x29, 0x00, 0x00, 0x00, 0x21, 0x00, 0x0B, 0x00,
	0x35, 0x00, 0x00, 0x00, 0x06, 0x00, 0x00, 0x00, 0x1D, 0x00, 0x00, 0x00, 0x0B, 0x00, 0x00, 0x00,
	0x0B, 0x00, 0x00, 0x00, 0x0C, 0x00, 0x00, 0x00, 0x0C, 0x00, 0x00, 0x00, 0x0C, 0x00, 0x00, 0x00,
	0x0C, 0x00, 0x00, 0x00, 0x0C, 0x00, 0x00, 0x00, 0x21, 0x00, 0x06, 0x00, 0x40, 0x00, 0x00, 0x00,
	0x0D, 0x00, 0x00, 0x00, 0x29, 0x00, 0x00, 0x00, 0x29, 0x00, 0x00, 0x00, 0x29, 0x00, 0x00, 0x00,
	0x21, 0x00, 0x06, 0x00, 0x46, 0x00, 0x00, 0x00, 0x06, 0x00, 0x00, 0x00, 0x0C, 0x00, 0x00, 0x00,
	0x0C, 0x00, 0x00, 0x00, 0x0C, 0x00, 0x00, 0x00, 0x20, 0x00, 0x04, 0x00, 0x4C, 0x00, 0x00, 0x00,
	0x07, 0x00, 0x00, 0x00, 0x07, 0x00, 0x00, 0x00, 0x2B, 0x00, 0x04, 0x00, 0x06, 0x00, 0x00, 0x00,
	0x4F, 0x00, 0x00, 0x00, 0x00, 0x00, 0x00, 0x40, 0x2B, 0x00, 0x04, 0x00, 0x06, 0x00, 0x00, 0x00,
	0x51, 0x00, 0x00, 0x00, 0x00, 0x00, 0x80, 0x3F, 0x2B, 0x00, 0x04, 0x00, 0x1E, 0x00, 0x00, 0x00,
	0x5C, 0x00, 0x00, 0x00, 0x03, 0x00, 0x00, 0x00, 0x2B, 0x00, 0x04, 0x00, 0x06, 0x00, 0x00, 0x00,
	0x60, 0x00, 0x00, 0x00, 0xBD, 0x37, 0x86, 0x35, 0x2B, 0x00, 0x04, 0x00, 0x06, 0x00, 0x00, 0x00,
	0x80, 0x00, 0x00, 0x00, 0x00, 0x00, 0x00, 0x3F, 0x2B, 0x00, 0x04, 0x00, 0x1E, 0x00, 0x00, 0x00,
	0x87, 0x00, 0x00, 0x00, 0x00, 0x00, 0x00, 0x00, 0x14, 0x00, 0x02, 0x00, 0x88, 0x00, 0x00, 0x00,
	0x2B, 0x00, 0x04, 0x00, 0x06, 0x00, 0x00, 0x00, 0x8F, 0x00, 0x00, 0x00, 0x00, 0x00, 0x00, 0x00,
	0x2C, 0x00, 0x06, 0x00, 0x0D, 0x00, 0x00, 0x00, 0xA2, 0x00, 0x00, 0x00, 0x8F, 0x00, 0x00, 0x00,
	0x8F, 0x00, 0x00, 0x00, 0x8F, 0x00, 0x00, 0x00, 0x2B, 0x00, 0x04, 0x00, 0x06, 0x00, 0x00, 0x00,
	0xA4, 0x00, 0x00, 0x00, 0xCA, 0xF2, 0x49, 0x71, 0x2C, 0x00, 0x06, 0x00, 0x0D, 0x00, 0x00, 0x00,
	0xA5, 0x00, 0x00, 0x00, 0xA4, 0x00, 0x00, 0x00, 0xA4, 0x00, 0x00, 0x00, 0xA4, 0x00, 0x00, 0x00,
	0x2B, 0x00, 0x04, 0x00, 0x06, 0x00, 0x00, 0x00, 0xA6, 0x00, 0x00, 0x00, 0xCA, 0xF2, 0x49, 0xF1,
	0x2C, 0x00, 0x06, 0x00, 0x0D, 0x00, 0x00, 0x00, 0xA7, 0x00, 0x00, 0x00, 0xA6, 0x00, 0x00, 0x00,
	0xA6, 0x00, 0x00, 0x00, 0xA6, 0x00, 0x00, 0x00, 0x15, 0x00, 0x04, 0x00, 0xA8, 0x00, 0x00, 0x00,
	0x20, 0x00, 0x00, 0x00, 0x01, 0x00, 0x00, 0x00, 0x20, 0x00, 0x04, 0x00, 0xA9, 0x00, 0x00, 0x00,
	0x07, 0x00, 0x00, 0x00, 0xA8, 0x00, 0x00, 0x00, 0x2B, 0x00, 0x04, 0x00, 0xA8, 0x00, 0x00, 0x00,
	0xAB, 0x00, 0x00, 0x00, 0xFF, 0xFF, 0xFF, 0xFF, 0x2B, 0x00, 0x04, 0x00, 0xA8, 0x00, 0x00, 0x00,
	0xB2, 0x00, 0x00, 0x00, 0x01, 0x00, 0x00, 0x00, 0x2B, 0x00, 0x04, 0x00, 0x06, 0x00, 0x00, 0x00,
	0xDC, 0x00, 0x00, 0x00, 0x39, 0x8E, 0xE3, 0x3D, 0x17, 0x00, 0x04, 0x00, 0x44, 0x01, 0x00, 0x00,
	0x1E, 0x00, 0x00, 0x00, 0x02, 0x00, 0x00, 0x00, 0x20, 0x00, 0x04, 0x00, 0x45, 0x01, 0x00, 0x00,
	0x07, 0x00, 0x00, 0x00, 0x44, 0x01, 0x00, 0x00, 0x17, 0x00, 0x04, 0x00, 0x47, 0x01, 0x00, 0x00,
	0x1E, 0x00, 0x00, 0x00, 0x03, 0x00, 0x00, 0x00, 0x20, 0x00, 0x04, 0x00, 0x48, 0x01, 0x00, 0x00,
	0x01, 0x00, 0x00, 0x00, 0x47, 0x01, 0x00, 0x00, 0x3B, 0x00, 0x04, 0x00, 0x48, 0x01, 0x00, 0x00,
	0x49, 0x01, 0x00, 0x00, 0x01, 0x00, 0x00, 0x00, 0x1E, 0x00, 0x0A, 0x00, 0x4E, 0x01, 0x00, 0x00,
	0x08, 0x00, 0x00, 0x00, 0x08, 0x00, 0x00, 0x00, 0x07, 0x00, 0x00, 0x00, 0x07, 0x00, 0x00, 0x00,
	0x1E, 0x00, 0x00, 0x00, 0x1E, 0x00, 0x00, 0x00, 0x1E, 0x00, 0x00, 0x00, 0x1E, 0x00, 0x00, 0x00,
	0x20, 0x00, 0x04, 0x00, 0x4F, 0x01, 0x00, 0x00, 0x09, 0x00, 0x00, 0x00, 0x4E, 0x01, 0x00, 0x00,
	0x3B, 0x00, 0x04, 0x00, 0x4F, 0x01, 0x00, 0x00, 0x50, 0x01, 0x00, 0x00, 0x09, 0x00, 0x00, 0x00,
	0x2B, 0x00, 0x04, 0x00, 0xA8, 0x00, 0x00, 0x00, 0x51, 0x01, 0x00, 0x00, 0x02, 0x00, 0x00, 0x00,
	0x20, 0x00, 0x04, 0x00, 0x52, 0x01, 0x00, 0x00, 0x09, 0x00, 0x00, 0x00, 0x06, 0x00, 0x00, 0x00,
	0x2B, 0x00, 0x04, 0x00, 0x1E, 0x00, 0x00, 0x00, 0x5A, 0x01, 0x00, 0x00, 0x01, 0x00, 0x00, 0x00,
	0x20, 0x00, 0x04, 0x00, 0x6A, 0x01, 0x00, 0x00, 0x09, 0x00, 0x00, 0x00, 0x07, 0x00, 0x00, 0x00,
	0x3B, 0x00, 0x04, 0x00, 0x1D, 0x00, 0x00, 0x00, 0x76, 0x01, 0x00, 0x00, 0x00, 0x00, 0x00, 0x00,
	0x3B, 0x00, 0x04, 0x00, 0x1D, 0x00, 0x00, 0x00, 0x83, 0x01, 0x00, 0x00, 0x00, 0x00, 0x00, 0x00,
	0x19, 0x00, 0x09, 0x00, 0x87, 0x01, 0x00, 0x00, 0x06, 0x00, 0x00, 0x00, 0x01, 0x00, 0x00, 0x00,
	0x00, 0x00, 0x00, 0x00, 0x00, 0x00, 0x00, 0x00, 0x00, 0x00, 0x00, 0x00, 0x02, 0x00, 0x00, 0x00,
	0x02, 0x00, 0x00, 0x00, 0x20, 0x00, 0x04, 0x00, 0x88, 0x01, 0x00, 0x00, 0x00, 0x00, 0x00, 0x00,
	0x87, 0x01, 0x00, 0x00, 0x3B, 0x00, 0x04, 0x00, 0x88, 0x01, 0x00, 0x00, 0x89, 0x01, 0x00, 0x00,
	0x00, 0x00, 0x00, 0x00, 0x17, 0x00, 0x04, 0x00, 0x8C, 0x01, 0x00, 0x00, 0xA8, 0x00, 0x00, 0x00,
	0x02, 0x00, 0x00, 0x00, 0x3B, 0x00, 0x04, 0x00, 0x88, 0x01, 0x00, 0x00, 0x8F, 0x01, 0x00, 0x00,
	0x00, 0x00, 0x00, 0x00, 0x3B, 0x00, 0x04, 0x00, 0x88, 0x01, 0x00, 0x00, 0x94, 0x01, 0x00, 0x00,
	0x00, 0x00, 0x00, 0x00, 0x2C, 0x00, 0x07, 0x00, 0x07, 0x00, 0x00, 0x00, 0x98, 0x01, 0x00, 0x00,
	0x8F, 0x00, 0x00, 0x00, 0x8F, 0x00, 0x00, 0x00, 0x8F, 0x00, 0x00, 0x00, 0x8F, 0x00, 0x00, 0x00,
	0x2B, 0x00, 0x04, 0x00, 0xA8, 0x00, 0x00, 0x00, 0x9E, 0x01, 0x00, 0x00, 0x03, 0x00, 0x00, 0x00,
	0x2B, 0x00, 0x04, 0x00, 0xA8, 0x00, 0x00, 0x00, 0xAA, 0x01, 0x00, 0x00, 0x05, 0x00, 0x00, 0x00,
	0x20, 0x00, 0x04, 0x00, 0xAB, 0x01, 0x00, 0x00, 0x09, 0x00, 0x00, 0x00, 0x1E, 0x00, 0x00, 0x00,
	0x2B, 0x00, 0x04, 0x00, 0xA8, 0x00, 0x00, 0x00, 0xB2, 0x01, 0x00, 0x00, 0x00, 0x00, 0x00, 0x00,
	0x3B, 0x00, 0x04, 0x00, 0x1D, 0x00, 0x00, 0x00, 0xB3, 0x01, 0x00, 0x00, 0x00, 0x00, 0x00, 0x00,
	0x2B, 0x00, 0x04, 0x00, 0xA8, 0x00, 0x00, 0x00, 0xB4, 0x01, 0x00, 0x00, 0x06, 0x00, 0x00, 0x00,
	0x20, 0x00, 0x04, 0x00, 0xB6, 0x01, 0x00, 0x00, 0x09, 0x00, 0x00, 0x00, 0x08, 0x00, 0x00, 0x00,
	0x3B, 0x00, 0x04, 0x00, 0x1D, 0x00, 0x00, 0x00, 0xDB, 0x01, 0x00, 0x00, 0x00, 0x00, 0x00, 0x00,
	0x3B, 0x00, 0x04, 0x00, 0x1D, 0x00, 0x00, 0x00, 0xE0, 0x01, 0x00, 0x00, 0x00, 0x00, 0x00, 0x00,
	0x2B, 0x00, 0x04, 0x00, 0x1E, 0x00, 0x00, 0x00, 0xE5, 0x01, 0x00, 0x00, 0x02, 0x00, 0x00, 0x00,
	0x2B, 0x00, 0x04, 0x00, 0x06, 0x00, 0x00, 0x00, 0x1D, 0x02, 0x00, 0x00, 0xCD, 0xCC, 0x4C, 0x3E,
	0x2C, 0x00, 0x06, 0x00, 0x0D, 0x00, 0x00, 0x00, 0x92, 0x02, 0x00, 0x00, 0x1D, 0x02, 0x00, 0x00,
	0x1D, 0x02, 0x00, 0x00, 0x1D, 0x02, 0x00, 0x00, 0x2B, 0x00, 0x04, 0x00, 0x06, 0x00, 0x00, 0x00,
	0xB2, 0x02, 0x00, 0x00, 0xD0, 0xB3, 0x59, 0x3E, 0x2B, 0x00, 0x04, 0x00, 0x06, 0x00, 0x00, 0x00,
	0xB3, 0x02, 0x00, 0x00, 0x59, 0x17, 0x37, 0x3F, 0x2B, 0x00, 0x04, 0x00, 0x06, 0x00, 0x00, 0x00,
	0xB4, 0x02, 0x00, 0x00, 0x98, 0xDD, 0x93, 0x3D, 0x2C, 0x00, 0x06, 0x00, 0x0D, 0x00, 0x00, 0x00,
	0xB5, 0x02, 0x00, 0x00, 0xB2, 0x02, 0x00, 0x00, 0xB3, 0x02, 0x00, 0x00, 0xB4, 0x02, 0x00, 0x00,
	0x2B, 0x00, 0x04, 0x00, 0x1E, 0x00, 0x00, 0x00, 0xB6, 0x02, 0x00, 0x00, 0x08, 0x00, 0x00, 0x00,
	0x2C, 0x00, 0x06, 0x00, 0x47, 0x01, 0x00, 0x00, 0xB7, 0x02, 0x00, 0x00, 0xB6, 0x02, 0x00, 0x00,
	0xB6, 0x02, 0x00, 0x00, 0x5A, 0x01, 0x00, 0x00, 0x3B, 0x00, 0x04, 0x00, 0x1D, 0x00, 0x00, 0x00,
	0xB8, 0x02, 0x00, 0x00, 0x00, 0x00, 0x00, 0x00, 0x36, 0x00, 0x05, 0x00, 0x02, 0x00, 0x00, 0x00,
	0x04, 0x00, 0x00, 0x00, 0x00, 0x00, 0x00, 0x00, 0x03, 0x00, 0x00, 0x00, 0xF8, 0x00, 0x02, 0x00,
	0x05, 0x00, 0x00, 0x00, 0x3B, 0x00, 0x04, 0x00, 0x45, 0x01, 0x00, 0x00, 0x46, 0x01, 0x00, 0x00,
	0x07, 0x00, 0x00, 0x00, 0x3B, 0x00, 0x04, 0x00, 0x0B, 0x00, 0x00, 0x00, 0x65, 0x01, 0x00, 0x00,
	0x07, 0x00, 0x00, 0x00, 0x3B, 0x00, 0x04, 0x00, 0x0B, 0x00, 0x00, 0x00, 0x6F, 0x01, 0x00, 0x00,
	0x07, 0x00, 0x00, 0x00, 0x3B, 0x00, 0x04, 0x00, 0x0C, 0x00, 0x00, 0x00, 0x75, 0x01, 0x00, 0x00,
	0x07, 0x00, 0x00, 0x00, 0x3B, 0x00, 0x04, 0x00, 0x4C, 0x00, 0x00, 0x00, 0x82, 0x01, 0x00, 0x00,
	0x07, 0x00, 0x00, 0x00, 0x3B, 0x00, 0x04, 0x00, 0x4C, 0x00, 0x00, 0x00, 0x9A, 0x01, 0x00, 0x00,
	0x07, 0x00, 0x00, 0x00, 0x3B, 0x00, 0x04, 0x00, 0x0C, 0x00, 0x00, 0x00, 0xA4, 0x01, 0x00, 0x00,
	0x07, 0x00, 0x00, 0x00, 0x3B, 0x00, 0x04, 0x00, 0x0C, 0x00, 0x00, 0x00, 0xA7, 0x01, 0x00, 0x00,
	0x07, 0x00, 0x00, 0x00, 0x3B, 0x00, 0x04, 0x00, 0x0C, 0x00, 0x00, 0x00, 0xA9, 0x01, 0x00, 0x00,
	0x07, 0x00, 0x00, 0x00, 0x3B, 0x00, 0x04, 0x00, 0x0B, 0x00, 0x00, 0x00, 0xB1, 0x01, 0x00, 0x00,
	0x07, 0x00, 0x00, 0x00, 0x3B, 0x00, 0x04, 0x00, 0x09, 0x00, 0x00, 0x00, 0xB5, 0x01, 0x00, 0x00,
	0x07, 0x00, 0x00, 0x00, 0x3B, 0x00, 0x04, 0x00, 0x09, 0x00, 0x00, 0x00, 0xB9, 0x01, 0x00, 0x00,
	0x07, 0x00, 0x00, 0x00, 0x3B, 0x00, 0x04, 0x00, 0x0B, 0x00, 0x00, 0x00, 0xBC, 0x01, 0x00, 0x00,
	0x07, 0x00, 0x00, 0x00, 0x3B, 0x00, 0x04, 0x00, 0x0C, 0x00, 0x00, 0x00, 0xBE, 0x01, 0x00, 0x00,
	0x07, 0x00, 0x00, 0x00, 0x3B, 0x00, 0x04, 0x00, 0x1F, 0x00, 0x00, 0x00, 0xC0, 0x01, 0x00, 0x00,
	0x07, 0x00, 0x00, 0x00, 0x3B, 0x00, 0x04, 0x00, 0x0C, 0x00, 0x00, 0x00, 0xEB, 0x01, 0x00, 0x00,
	0x07, 0x00, 0x00, 0x00, 0x3B, 0x00, 0x04, 0x00, 0x0C, 0x00, 0x00, 0x00, 0xEC, 0x01, 0x00, 0x00,
	0x07, 0x00, 0x00, 0x00, 0x3B, 0x00, 0x04, 0x00, 0x0C, 0x00, 0x00, 0x00, 0xED, 0x01, 0x00, 0x00,
	0x07, 0x00, 0x00, 0x00, 0x3B, 0x00, 0x04, 0x00, 0x0C, 0x00, 0x00, 0x00, 0xEE, 0x01, 0x00, 0x00,
	0x07, 0x00, 0x00, 0x00, 0x3B, 0x00, 0x04, 0x00, 0x0B, 0x00, 0x00, 0x00, 0xEF, 0x01, 0x00, 0x00,
	0x07, 0x00, 0x00, 0x00, 0x3B, 0x00, 0x04, 0x00, 0x0B, 0x00, 0x00, 0x00, 0xF1, 0x01, 0x00, 0x00,
	0x07, 0x00, 0x00, 0x00, 0x3B, 0x00, 0x04, 0x00, 0x0C, 0x00, 0x00, 0x00, 0xF3, 0x01, 0x00, 0x00,
	0x07, 0x00, 0x00, 0x00, 0x3B, 0x00, 0x04, 0x00, 0x0C, 0x00, 0x00, 0x00, 0xF6, 0x01, 0x00, 0x00,
	0x07, 0x00, 0x00, 0x00, 0x3B, 0x00, 0x04, 0x00, 0x0C, 0x00, 0x00, 0x00, 0xF7, 0x01, 0x00, 0x00,
	0x07, 0x00, 0x00, 0x00, 0x3B, 0x00, 0x04, 0x00, 0x0C, 0x00, 0x00, 0x00, 0xF8, 0x01, 0x00, 0x00,
	0x07, 0x00, 0x00, 0x00, 0x3B, 0x00, 0x04, 0x00, 0x0C, 0x00, 0x00, 0x00, 0xF9, 0x01, 0x00, 0x00,
	0x07, 0x00, 0x00, 0x00, 0x3B, 0x00, 0x04, 0x00, 0x0C, 0x00, 0x00, 0x00, 0xFF, 0x01, 0x00, 0x00,
	0x07, 0x00, 0x00, 0x00, 0x3B, 0x00, 0x04, 0x00, 0x0C, 0x00, 0x00, 0x00, 0x01, 0x02, 0x00, 0x00,
	0x07, 0x00, 0x00, 0x00, 0x3B, 0x00, 0x04, 0x00, 0x0C, 0x00, 0x00, 0x00, 0x03, 0x02, 0x00, 0x00,
	0x07, 0x00, 0x00, 0x00, 0x3B, 0x00, 0x04, 0x00, 0x0C, 0x00, 0x00, 0x00, 0x06, 0x02, 0x00, 0x00,
	0x07, 0x00, 0x00, 0x00, 0x3B, 0x00, 0x04, 0x00, 0x29, 0x00, 0x00, 0x00, 0x09, 0x02, 0x00, 0x00,
	0x07, 0x00, 0x00, 0x00, 0x3B, 0x00, 0x04, 0x00, 0x29, 0x00, 0x00, 0x00, 0x1F, 0x02, 0x00, 0x00,
	0x07, 0x00, 0x00, 0x00, 0x3B, 0x00, 0x04, 0x00, 0x29, 0x00, 0x00, 0x00, 0x25, 0x02, 0x00, 0x00,
	0x07, 0x00, 0x00, 0x00, 0x3B, 0x00, 0x04, 0x00, 0x29, 0x00, 0x00, 0x00, 0x29, 0x02, 0x00, 0x00,
	0x07, 0x00, 0x00, 0x00, 0x3B, 0x00, 0x04, 0x00, 0x29, 0x00, 0x00, 0x00, 0x2C, 0x02, 0x00, 0x00,
	0x07, 0x00, 0x00, 0x00, 0x3B, 0x00, 0x04, 0x00, 0x29, 0x00, 0x00, 0x00, 0x2E, 0x02, 0x00, 0x00,
	0x07, 0x00, 0x00, 0x00, 0x3B, 0x00, 0x04, 0x00, 0x0B, 0x00, 0x00, 0x00, 0x34, 0x02, 0x00, 0x00,
	0x07, 0x00, 0x00, 0x00, 0x3B, 0x00, 0x04, 0x00, 0x09, 0x00, 0x00, 0x00, 0x35, 0x02, 0x00, 0x00,
	0x07, 0x00, 0x00, 0x00, 0x3B, 0x00, 0x04, 0x00, 0x09, 0x00, 0x00, 0x00, 0x38, 0x02, 0x00, 0x00,
	0x07, 0x00, 0x00, 0x00, 0x3B, 0x00, 0x04, 0x00, 0x0B, 0x00, 0x00, 0x00, 0x3B, 0x02, 0x00, 0x00,
	0x07, 0x00, 0x00, 0x00, 0x3B, 0x00, 0x04, 0x00, 0x0C, 0x00, 0x00, 0x00, 0x3D, 0x02, 0x00, 0x00,
	0x07, 0x00, 0x00, 0x00, 0x3B, 0x00, 0x04, 0x00, 0x1F, 0x00, 0x00, 0x00, 0x3F, 0x02, 0x00, 0x00,
	0x07, 0x00, 0x00, 0x00, 0x3B, 0x00, 0x04, 0x00, 0x29, 0x00, 0x00, 0x00, 0x67, 0x02, 0x00, 0x00,
	0x07, 0x00, 0x00, 0x00, 0x3B, 0x00, 0x04, 0x00, 0x29, 0x00, 0x00, 0x00, 0x68, 0x02, 0x00, 0x00,
	0x07, 0x00, 0x00, 0x00, 0x3B, 0x00, 0x04, 0x00, 0x29, 0x00, 0x00, 0x00, 0x69, 0x02, 0x00, 0x00,
	0x07, 0x00, 0x00, 0x00, 0x3B, 0x00, 0x04, 0x00, 0x29, 0x00, 0x00, 0x00, 0x6A, 0x02, 0x00, 0x00,
	0x07, 0x00, 0x00, 0x00, 0x3B, 0x00, 0x04, 0x00, 0x0B, 0x00, 0x00, 0x00, 0x6B, 0x02, 0x00, 0x00,
	0x07, 0x00, 0x00, 0x00, 0x3B, 0x00, 0x04, 0x00, 0x0B, 0x00, 0x00, 0x00, 0x6D, 0x02, 0x00, 0x00,
	0x07, 0x00, 0x00, 0x00, 0x3B, 0x00, 0x04, 0x00, 0x0C, 0x00, 0x00, 0x00, 0x6F, 0x02, 0x00, 0x00,
	0x07, 0x00, 0x00, 0x00, 0x3B, 0x00, 0x04, 0x00, 0x29, 0x00, 0x00, 0x00, 0x72, 0x02, 0x00, 0x00,
	0x07, 0x00, 0x00, 0x00, 0x3B, 0x00, 0x04, 0x00, 0x29, 0x00, 0x00, 0x00, 0x73, 0x02, 0x00, 0x00,
	0x07, 0x00, 0x00, 0x00, 0x3B, 0x00, 0x04, 0x00, 0x29, 0x00, 0x00, 0x00, 0x74, 0x02, 0x00, 0x00,
	0x07, 0x00, 0x00, 0x00, 0x3B, 0x00, 0x04, 0x00, 0x29, 0x00, 0x00, 0x00, 0x75, 0x02, 0x00, 0x00,
	0x07, 0x00, 0x00, 0x00, 0x3B, 0x00, 0x04, 0x00, 0x29, 0x00, 0x00, 0x00, 0x7B, 0x02, 0x00, 0x00,
	0x07, 0x00, 0x00, 0x00, 0x3B, 0x00, 0x04, 0x00, 0x29, 0x00, 0x00, 0x00, 0x7D, 0x02, 0x00, 0x00,
	0x07, 0x00, 0x00, 0x00, 0x3B, 0x00, 0x04, 0x00, 0x29, 0x00, 0x00, 0x00, 0x7F, 0x02, 0x00, 0x00,
	0x07, 0x00, 0x00, 0x00, 0x3B, 0x00, 0x04, 0x00, 0x0C, 0x00, 0x00, 0x00, 0x82, 0x02, 0x00, 0x00,
	0x07, 0x00, 0x00, 0x00, 0x3D, 0x00, 0x04, 0x00, 0x47, 0x01, 0x00, 0x00, 0x4A, 0x01, 0x00, 0x00,
	0x49, 0x01, 0x00, 0x00, 0x4F, 0x00, 0x07, 0x00, 0x44, 0x01, 0x00, 0x00, 0x4B, 0x01, 0x00, 0x00,
	0x4A, 0x01, 0x00, 0x00, 0x4A, 0x01, 0x00, 0x00, 0x00, 0x00, 0x00, 0x00, 0x01, 0x00, 0x00, 0x00,
	0x3E, 0x00, 0x03, 0x00, 0x46, 0x01, 0x00, 0x00, 0x4B, 0x01, 0x00, 0x00, 0x41, 0x00, 0x05, 0x00,
	0x1F, 0x00, 0x00, 0x00, 0x4C, 0x01, 0x00, 0x00, 0x46, 0x01, 0x00, 0x00, 0x87, 0x00, 0x00, 0x00,
	0x3D, 0x00, 0x04, 0x00, 0x1E, 0x00, 0x00, 0x00, 0x4D, 0x01, 0x00, 0x00, 0x4C, 0x01, 0x00, 0x00,
	0x41, 0x00, 0x06, 0x00, 0x52, 0x01, 0x00, 0x00, 0x53, 0x01, 0x00, 0x00, 0x50, 0x01, 0x00, 0x00,
	0x51, 0x01, 0x00, 0x00, 0x87, 0x00, 0x00, 0x00, 0x3D, 0x00, 0x04, 0x00, 0x06, 0x00, 0x00, 0x00,
	0x54, 0x01, 0x00, 0x00, 0x53, 0x01, 0x00, 0x00, 0x6D, 0x00, 0x04, 0x00, 0x1E, 0x00, 0x00, 0x00,
	0x55, 0x01, 0x00, 0x00, 0x54, 0x01, 0x00, 0x00, 0xAE, 0x00, 0x05, 0x00, 0x88, 0x00, 0x00, 0x00,
	0x56, 0x01, 0x00, 0x00, 0x4D, 0x01, 0x00, 0x00, 0x55, 0x01, 0x00, 0x00, 0xA8, 0x00, 0x04, 0x00,
	0x88, 0x00, 0x00, 0x00, 0x57, 0x01, 0x00, 0x00, 0x56, 0x01, 0x00, 0x00, 0xF7, 0x00, 0x03, 0x00,
	0x59, 0x01, 0x00, 0x00, 0x00, 0x00, 0x00, 0x00, 0xFA, 0x00, 0x04, 0x00, 0x57, 0x01, 0x00, 0x00,
	0x58, 0x01, 0x00, 0x00, 0x59, 0x01, 0x00, 0x00, 0xF8, 0x00, 0x02, 0x00, 0x58, 0x01, 0x00, 0x00,
	0x41, 0x00, 0x05, 0x00, 0x1F, 0x00, 0x00, 0x00, 0x5B, 0x01, 0x00, 0x00, 0x46, 0x01, 0x00, 0x00,
	0x5A, 0x01, 0x00, 0x00, 0x3D, 0x00, 0x04, 0x00, 0x1E, 0x00, 0x00, 0x00, 0x5C, 0x01, 0x00, 0x00,
	0x5B, 0x01, 0x00, 0x00, 0x41, 0x00, 0x06, 0x00, 0x52, 0x01, 0x00, 0x00, 0x5D, 0x01, 0x00, 0x00,
	0x50, 0x01, 0x00, 0x00, 0x51, 0x01, 0x00, 0x00, 0x5A, 0x01, 0x00, 0x00, 0x3D, 0x00, 0x04, 0x00,
	0x06, 0x00, 0x00, 0x00, 0x5E, 0x01, 0x00, 0x00, 0x5D, 0x01, 0x00, 0x00, 0x6D, 0x00, 0x04, 0x00,
	0x1E, 0x00, 0x00, 0x00, 0x5F, 0x01, 0x00, 0x00, 0x5E, 0x01, 0x00, 0x00, 0xAE, 0x00, 0x05, 0x00,
	0x88, 0x00, 0x00, 0x00, 0x60, 0x01, 0x00, 0x00, 0x5C, 0x01, 0x00, 0x00, 0x5F, 0x01, 0x00, 0x00,
	0xF9, 0x00, 0x02, 0x00, 0x59, 0x01, 0x00, 0x00, 0xF8, 0x00, 0x02, 0x00, 0x59, 0x01, 0x00, 0x00,
	0xF5, 0x00, 0x07, 0x00, 0x88, 0x00, 0x00, 0x00, 0x61, 0x01, 0x00, 0x00, 0x56, 0x01, 0x00, 0x00,
	0x05, 0x00, 0x00, 0x00, 0x60, 0x01, 0x00, 0x00, 0x58, 0x01, 0x00, 0x00, 0xF7, 0x00, 0x03, 0x00,
	0x63, 0x01, 0x00, 0x00, 0x00, 0x00, 0x00, 0x00, 0xFA, 0x00, 0x04, 0x00, 0x61, 0x01, 0x00, 0x00,
	0x62, 0x01, 0x00, 0x00, 0x63, 0x01, 0x00, 0x00, 0xF8, 0x00, 0x02, 0x00, 0x62, 0x01, 0x00, 0x00,
	0xFD, 0x00, 0x01, 0x00, 0xF8, 0x00, 0x02, 0x00, 0x63, 0x01, 0x00, 0x00, 0x3D, 0x00, 0x04, 0x00,
	0x44, 0x01, 0x00, 0x00, 0x66, 0x01, 0x00, 0x00, 0x46, 0x01, 0x00, 0x00, 0x70, 0x00, 0x04, 0x00,
	0x0A, 0x00, 0x00, 0x00, 0x67, 0x01, 0x00, 0x00, 0x66, 0x01, 0x00, 0x00, 0x50, 0x00, 0x05, 0x00,
	0x0A, 0x00, 0x00, 0x00, 0x68, 0x01, 0x00, 0x00, 0x80, 0x00, 0x00, 0x00, 0x80, 0x00, 0x00, 0x00,
	0x81, 0x00, 0x05, 0x00, 0x0A, 0x00, 0x00, 0x00, 0x69, 0x01, 0x00, 0x00, 0x67, 0x01, 0x00, 0x00,
	0x68, 0x01, 0x00, 0x00, 0x41, 0x00, 0x05, 0x00, 0x6A, 0x01, 0x00, 0x00, 0x6B, 0x01, 0x00, 0x00,
	0x50, 0x01, 0x00, 0x00, 0x51, 0x01, 0x00, 0x00, 0x3D, 0x00, 0x04, 0x00, 0x07, 0x00, 0x00, 0x00,
	0x6C, 0x01, 0x00, 0x00, 0x6B, 0x01, 0x00, 0x00, 0x4F, 0x00, 0x07, 0x00, 0x0A, 0x00, 0x00, 0x00,
	0x6D, 0x01, 0x00, 0x00, 0x6C, 0x01, 0x00, 0x00, 0x6C, 0x01, 0x00, 0x00, 0x00, 0x00, 0x00, 0x00,
	0x01, 0x00, 0x00, 0x00, 0x88, 0x00, 0x05, 0x00, 0x0A, 0x00, 0x00, 0x00, 0x6E, 0x01, 0x00, 0x00,
	0x69, 0x01, 0x00, 0x00, 0x6D, 0x01, 0x00, 0x00, 0x3E, 0x00, 0x03, 0x00, 0x65, 0x01, 0x00, 0x00,
	0x6E, 0x01, 0x00, 0x00, 0x41, 0x00, 0x05, 0x00, 0x6A, 0x01, 0x00, 0x00, 0x70, 0x01, 0x00, 0x00,
	0x50, 0x01, 0x00, 0x00, 0x51, 0x01, 0x00, 0x00, 0x3D, 0x00, 0x04, 0x00, 0x07, 0x00, 0x00, 0x00,
	0x71, 0x01, 0x00, 0x00, 0x70, 0x01, 0x00, 0x00, 0x4F, 0x00, 0x07, 0x00, 0x0A, 0x00, 0x00, 0x00,
	0x72, 0x01, 0x00, 0x00, 0x71, 0x01, 0x00, 0x00, 0x71, 0x01, 0x00, 0x00, 0x00, 0x00, 0x00, 0x00,
	0x01, 0x00, 0x00, 0x00, 0x50, 0x00, 0x05, 0x00, 0x0A, 0x00, 0x00, 0x00, 0x73, 0x01, 0x00, 0x00,
	0x51, 0x00, 0x00, 0x00, 0x51, 0x00, 0x00, 0x00, 0x88, 0x00, 0x05, 0x00, 0x0A, 0x00, 0x00, 0x00,
	0x74, 0x01, 0x00, 0x00, 0x73, 0x01, 0x00, 0x00, 0x72, 0x01, 0x00, 0x00, 0x3E, 0x00, 0x03, 0x00,
	0x6F, 0x01, 0x00, 0x00, 0x74, 0x01, 0x00, 0x00, 0x3D, 0x00, 0x04, 0x00, 0x1C, 0x00, 0x00, 0x00,
	0x77, 0x01, 0x00, 0x00, 0x76, 0x01, 0x00, 0x00, 0x3D, 0x00, 0x04, 0x00, 0x0A, 0x00, 0x00, 0x00,
	0x78, 0x01, 0x00, 0x00, 0x65, 0x01, 0x00, 0x00, 0x58, 0x00, 0x07, 0x00, 0x07, 0x00, 0x00, 0x00,
	0x79, 0x01, 0x00, 0x00, 0x77, 0x01, 0x00, 0x00, 0x78, 0x01, 0x00, 0x00, 0x02, 0x00, 0x00, 0x00,
	0x8F, 0x00, 0x00, 0x00, 0x51, 0x00, 0x05, 0x00, 0x06, 0x00, 0x00, 0x00, 0x7A, 0x01, 0x00, 0x00,
	0x79, 0x01, 0x00, 0x00, 0x00, 0x00, 0x00, 0x00, 0x3E, 0x00, 0x03, 0x00, 0x75, 0x01, 0x00, 0x00,
	0x7A, 0x01, 0x00, 0x00, 0x3D, 0x00, 0x04, 0x00, 0x06, 0x00, 0x00, 0x00, 0x7B, 0x01, 0x00, 0x00,
	0x75, 0x01, 0x00, 0x00, 0xBC, 0x00, 0x05, 0x00, 0x88, 0x00, 0x00, 0x00, 0x7C, 0x01, 0x00, 0x00,
	0x7B, 0x01, 0x00, 0x00, 0x8F, 0x00, 0x00, 0x00, 0x3D, 0x00, 0x04, 0x00, 0x06, 0x00, 0x00, 0x00,
	0x7D, 0x01, 0x00, 0x00, 0x75, 0x01, 0x00, 0x00, 0xBE, 0x00, 0x05, 0x00, 0x88, 0x00, 0x00, 0x00,
	0x7E, 0x01, 0x00, 0x00, 0x7D, 0x01, 0x00, 0x00, 0x51, 0x00, 0x00, 0x00, 0xA6, 0x00, 0x05, 0x00,
	0x88, 0x00, 0x00, 0x00, 0x7F, 0x01, 0x00, 0x00, 0x7C, 0x01, 0x00, 0x00, 0x7E, 0x01, 0x00, 0x00,
	0xF7, 0x00, 0x03, 0x00, 0x81, 0x01, 0x00, 0x00, 0x00, 0x00, 0x00, 0x00, 0xFA, 0x00, 0x04, 0x00,
	0x7F, 0x01, 0x00, 0x00, 0x80, 0x01, 0x00, 0x00, 0x81, 0x01, 0x00, 0x00, 0xF8, 0x00, 0x02, 0x00,
	0x80, 0x01, 0x00, 0x00, 0x3D, 0x00, 0x04, 0x00, 0x1C, 0x00, 0x00, 0x00, 0x84, 0x01, 0x00, 0x00,
	0x83, 0x01, 0x00, 0x00, 0x3D, 0x00, 0x04, 0x00, 0x0A, 0x00, 0x00, 0x00, 0x85, 0x01, 0x00, 0x00,
	0x65, 0x01, 0x00, 0x00, 0x58, 0x00, 0x07, 0x00, 0x07, 0x00, 0x00, 0x00, 0x86, 0x01, 0x00, 0x00,
	0x84, 0x01, 0x00, 0x00, 0x85, 0x01, 0x00, 0x00, 0x02, 0x00, 0x00, 0x00, 0x8F, 0x00, 0x00, 0x00,
	0x3E, 0x00, 0x03, 0x00, 0x82, 0x01, 0x00, 0x00, 0x86, 0x01, 0x00, 0x00, 0x3D, 0x00, 0x04, 0x00,
	0x87, 0x01, 0x00, 0x00, 0x8A, 0x01, 0x00, 0x00, 0x89, 0x01, 0x00, 0x00, 0x3D, 0x00, 0x04, 0x00,
	0x44, 0x01, 0x00, 0x00, 0x8B, 0x01, 0x00, 0x00, 0x46, 0x01, 0x00, 0x00, 0x7C, 0x00, 0x04, 0x00,
	0x8C, 0x01, 0x00, 0x00, 0x8D, 0x01, 0x00, 0x00, 0x8B, 0x01, 0x00, 0x00, 0x3D, 0x00, 0x04, 0x00,
	0x07, 0x00, 0x00, 0x00, 0x8E, 0x01, 0x00, 0x00, 0x82, 0x01, 0x00, 0x00, 0x63, 0x00, 0x04, 0x00,
	0x8A, 0x01, 0x00, 0x00, 0x8D, 0x01, 0x00, 0x00, 0x8E, 0x01, 0x00, 0x00, 0x3D, 0x00, 0x04, 0x00,
	0x87, 0x01, 0x00, 0x00, 0x90, 0x01, 0x00, 0x00, 0x8F, 0x01, 0x00, 0x00, 0x3D, 0x00, 0x04, 0x00,
	0x44, 0x01, 0x00, 0x00, 0x91, 0x01, 0x00, 0x00, 0x46, 0x01, 0x00, 0x00, 0x7C, 0x00, 0x04, 0x00,
	0x8C, 0x01, 0x00, 0x00, 0x92, 0x01, 0x00, 0x00, 0x91, 0x01, 0x00, 0x00, 0x3D, 0x00, 0x04, 0x00,
	0x07, 0x00, 0x00, 0x00, 0x93, 0x01, 0x00, 0x00, 0x82, 0x01, 0x00, 0x00, 0x63, 0x00, 0x04, 0x00,
	0x90, 0x01, 0x00, 0x00, 0x92, 0x01, 0x00, 0x00, 0x93, 0x01, 0x00, 0x00, 0x3D, 0x00, 0x04, 0x00,
	0x87, 0x01, 0x00, 0x00, 0x95, 0x01, 0x00, 0x00, 0x94, 0x01, 0x00, 0x00, 0x3D, 0x00, 0x04, 0x00,
	0x44, 0x01, 0x00, 0x00, 0x96, 0x01, 0x00, 0x00, 0x46, 0x01, 0x00, 0x00, 0x7C, 0x00, 0x04, 0x00,
	0x8C, 0x01, 0x00, 0x00, 0x97, 0x01, 0x00, 0x00, 0x96, 0x01, 0x00, 0x00, 0x63, 0x00, 0x04, 0x00,
	0x95, 0x01, 0x00, 0x00, 0x97, 0x01, 0x00, 0x00, 0x98, 0x01, 0x00, 0x00, 0xFD, 0x00, 0x01, 0x00,
	0xF8, 0x00, 0x02, 0x00, 0x81, 0x01, 0x00, 0x00, 0x3D, 0x00, 0x04, 0x00, 0x1C, 0x00, 0x00, 0x00,
	0x9B, 0x01, 0x00, 0x00, 0x83, 0x01, 0x00, 0x00, 0x3D, 0x00, 0x04, 0x00, 0x0A, 0x00, 0x00, 0x00,
	0x9C, 0x01, 0x00, 0x00, 0x65, 0x01, 0x00, 0x00, 0x58, 0x00, 0x07, 0x00, 0x07, 0x00, 0x00, 0x00,
	0x9D, 0x01, 0x00, 0x00, 0x9B, 0x01, 0x00, 0x00, 0x9C, 0x01, 0x00, 0x00, 0x02, 0x00, 0x00, 0x00,
	0x8F, 0x00, 0x00, 0x00, 0x3E, 0x00, 0x03, 0x00, 0x9A, 0x01, 0x00, 0x00, 0x9D, 0x01, 0x00, 0x00,
	0x41, 0x00, 0x06, 0x00, 0x52, 0x01, 0x00, 0x00, 0x9F, 0x01, 0x00, 0x00, 0x50, 0x01, 0x00, 0x00,
	0x9E, 0x01, 0x00, 0x00, 0x5C, 0x00, 0x00, 0x00, 0x3D, 0x00, 0x04, 0x00, 0x06, 0x00, 0x00, 0x00,
	0xA0, 0x01, 0x00, 0x00, 0x9F, 0x01, 0x00, 0x00, 0xB8, 0x00, 0x05, 0x00, 0x88, 0x00, 0x00, 0x00,
	0xA1, 0x01, 0x00, 0x00, 0xA0, 0x01, 0x00, 0x00, 0x80, 0x00, 0x00, 0x00, 0xF7, 0x00, 0x03, 0x00,
	0xA3, 0x01, 0x00, 0x00, 0x00, 0x00, 0x00, 0x00, 0xFA, 0x00, 0x04, 0x00, 0xA1, 0x01, 0x00, 0x00,
	0xA2, 0x01, 0x00, 0x00, 0x28, 0x02, 0x00, 0x00, 0xF8, 0x00, 0x02, 0x00, 0xA2, 0x01, 0x00, 0x00,
	0x41, 0x00, 0x05, 0x00, 0x0C, 0x00, 0x00, 0x00, 0xA5, 0x01, 0x00, 0x00, 0x9A, 0x01, 0x00, 0x00,
	0x87, 0x00, 0x00, 0x00, 0x3D, 0x00, 0x04, 0x00, 0x06, 0x00, 0x00, 0x00, 0xA6, 0x01, 0x00, 0x00,
	0xA5, 0x01, 0x00, 0x00, 0x3E, 0x00, 0x03, 0x00, 0xA4, 0x01, 0x00, 0x00, 0xA6, 0x01, 0x00, 0x00,
	0x3D, 0x00, 0x04, 0x00, 0x06, 0x00, 0x00, 0x00, 0xA8, 0x01, 0x00, 0x00, 0xA4, 0x01, 0x00, 0x00,
	0x3E, 0x00, 0x03, 0x00, 0xA7, 0x01, 0x00, 0x00, 0xA8, 0x01, 0x00, 0x00, 0x3E, 0x00, 0x03, 0x00,
	0xA9, 0x01, 0x00, 0x00, 0x8F, 0x00, 0x00, 0x00, 0x41, 0x00, 0x05, 0x00, 0xAB, 0x01, 0x00, 0x00,
	0xAC, 0x01, 0x00, 0x00, 0x50, 0x01, 0x00, 0x00, 0xAA, 0x01, 0x00, 0x00, 0x3D, 0x00, 0x04, 0x00,
	0x1E, 0x00, 0x00, 0x00, 0xAD, 0x01, 0x00, 0x00, 0xAC, 0x01, 0x00, 0x00, 0xAA, 0x00, 0x05, 0x00,
	0x88, 0x00, 0x00, 0x00, 0xAE, 0x01, 0x00, 0x00, 0xAD, 0x01, 0x00, 0x00, 0x87, 0x00, 0x00, 0x00,
	0xF7, 0x00, 0x03, 0x00, 0xB0, 0x01, 0x00, 0x00, 0x00, 0x00, 0x00, 0x00, 0xFA, 0x00, 0x04, 0x00,
	0xAE, 0x01, 0x00, 0x00, 0xAF, 0x01, 0x00, 0x00, 0xB0, 0x01, 0x00, 0x00, 0xF8, 0x00, 0x02, 0x00,
	0xAF, 0x01, 0x00, 0x00, 0x41, 0x00, 0x05, 0x00, 0xB6, 0x01, 0x00, 0x00, 0xB7, 0x01, 0x00, 0x00,
	0x50, 0x01, 0x00, 0x00, 0xB2, 0x01, 0x00, 0x00, 0x3D, 0x00, 0x04, 0x00, 0x08, 0x00, 0x00, 0x00,
	0xB8, 0x01, 0x00, 0x00, 0xB7, 0x01, 0x00, 0x00, 0x3E, 0x00, 0x03, 0x00, 0xB5, 0x01, 0x00, 0x00,
	0xB8, 0x01, 0x00, 0x00, 0x41, 0x00, 0x05, 0x00, 0xB6, 0x01, 0x00, 0x00, 0xBA, 0x01, 0x00, 0x00,
	0x50, 0x01, 0x00, 0x00, 0xB2, 0x00, 0x00, 0x00, 0x3D, 0x00, 0x04, 0x00, 0x08, 0x00, 0x00, 0x00,
	0xBB, 0x01, 0x00, 0x00, 0xBA, 0x01, 0x00, 0x00, 0x3E, 0x00, 0x03, 0x00, 0xB9, 0x01, 0x00, 0x00,
	0xBB, 0x01, 0x00, 0x00, 0x3D, 0x00, 0x04, 0x00, 0x0A, 0x00, 0x00, 0x00, 0xBD, 0x01, 0x00, 0x00,
	0x65, 0x01, 0x00, 0x00, 0x3E, 0x00, 0x03, 0x00, 0xBC, 0x01, 0x00, 0x00, 0xBD, 0x01, 0x00, 0x00,
	0x3D, 0x00, 0x04, 0x00, 0x06, 0x00, 0x00, 0x00, 0xBF, 0x01, 0x00, 0x00, 0x75, 0x01, 0x00, 0x00,
	0x3E, 0x00, 0x03, 0x00, 0xBE, 0x01, 0x00, 0x00, 0xBF, 0x01, 0x00, 0x00, 0x41, 0x00, 0x05, 0x00,
	0xAB, 0x01, 0x00, 0x00, 0xC1, 0x01, 0x00, 0x00, 0x50, 0x01, 0x00, 0x00, 0xB4, 0x01, 0x00, 0x00,
	0x3D, 0x00, 0x04, 0x00, 0x1E, 0x00, 0x00, 0x00, 0xC2, 0x01, 0x00, 0x00, 0xC1, 0x01, 0x00, 0x00,
	0x3E, 0x00, 0x03, 0x00, 0xC0, 0x01, 0x00, 0x00, 0xC2, 0x01, 0x00, 0x00, 0x39, 0x00, 0x0A, 0x00,
	0x0A, 0x00, 0x00, 0x00, 0xC3, 0x01, 0x00, 0x00, 0x27, 0x00, 0x00, 0x00, 0xB5, 0x01, 0x00, 0x00,
	0xB9, 0x01, 0x00, 0x00, 0xBC, 0x01, 0x00, 0x00, 0xBE, 0x01, 0x00, 0x00, 0xB3, 0x01, 0x00, 0x00,
	0xC0, 0x01, 0x00, 0x00, 0x3E, 0x00, 0x03, 0x00, 0xB1, 0x01, 0x00, 0x00, 0xC3, 0x01, 0x00, 0x00,
	0x41, 0x00, 0x05, 0x00, 0x0C, 0x00, 0x00, 0x00, 0xC4, 0x01, 0x00, 0x00, 0xB1, 0x01, 0x00, 0x00,
	0x87, 0x00, 0x00, 0x00, 0x3D, 0x00, 0x04, 0x00, 0x06, 0x00, 0x00, 0x00, 0xC5, 0x01, 0x00, 0x00,
	0xC4, 0x01, 0x00, 0x00, 0xBE, 0x00, 0x05, 0x00, 0x88, 0x00, 0x00, 0x00, 0xC6, 0x01, 0x00, 0x00,
	0xC5, 0x01, 0x00, 0x00, 0x8F, 0x00, 0x00, 0x00, 0xF7, 0x00, 0x03, 0x00, 0xC8, 0x01, 0x00, 0x00,
	0x00, 0x00, 0x00, 0x00, 0xFA, 0x00, 0x04, 0x00, 0xC6, 0x01, 0x00, 0x00, 0xC7, 0x01, 0x00, 0x00,
	0xC8, 0x01, 0x00, 0x00, 0xF8, 0x00, 0x02, 0x00, 0xC7, 0x01, 0x00, 0x00, 0x41, 0x00, 0x05, 0x00,
	0x0C, 0x00, 0x00, 0x00, 0xC9, 0x01, 0x00, 0x00, 0xB1, 0x01, 0x00, 0x00, 0x87, 0x00, 0x00, 0x00,
	0x3D, 0x00, 0x04, 0x00, 0x06, 0x00, 0x00, 0x00, 0xCA, 0x01, 0x00, 0x00, 0xC9, 0x01, 0x00, 0x00,
	0xBC, 0x00, 0x05, 0x00, 0x88, 0x00, 0x00, 0x00, 0xCB, 0x01, 0x00, 0x00, 0xCA, 0x01, 0x00, 0x00,
	0x51, 0x00, 0x00, 0x00, 0xF9, 0x00, 0x02, 0x00, 0xC8, 0x01, 0x00, 0x00, 0xF8, 0x00, 0x02, 0x00,
	0xC8, 0x01, 0x00, 0x00, 0xF5, 0x00, 0x07, 0x00, 0x88, 0x00, 0x00, 0x00, 0xCC, 0x01, 0x00, 0x00,
	0xC6, 0x01, 0x00, 0x00, 0xAF, 0x01, 0x00, 0x00, 0xCB, 0x01, 0x00, 0x00, 0xC7, 0x01, 0x00, 0x00,
	0xF7, 0x00, 0x03, 0x00, 0xCE, 0x01, 0x00, 0x00, 0x00, 0x00, 0x00, 0x00, 0xFA, 0x00, 0x04, 0x00,
	0xCC, 0x01, 0x00, 0x00, 0xCD, 0x01, 0x00, 0x00, 0xCE, 0x01, 0x00, 0x00, 0xF8, 0x00, 0x02, 0x00,
	0xCD, 0x01, 0x00, 0x00, 0x41, 0x00, 0x05, 0x00, 0x0C, 0x00, 0x00, 0x00, 0xCF, 0x01, 0x00, 0x00,
	0xB1, 0x01, 0x00, 0x00, 0x5A, 0x01, 0x00, 0x00, 0x3D, 0x00, 0x04, 0x00, 0x06, 0x00, 0x00, 0x00,
	0xD0, 0x01, 0x00, 0x00, 0xCF, 0x01, 0x00, 0x00, 0xBE, 0x00, 0x05, 0x00, 0x88, 0x00, 0x00, 0x00,
	0xD1, 0x01, 0x00, 0x00, 0xD0, 0x01, 0x00, 0x00, 0x8F, 0x00, 0x00, 0x00, 0xF9, 0x00, 0x02, 0x00,
	0xCE, 0x01, 0x00, 0x00, 0xF8, 0x00, 0x02, 0x00, 0xCE, 0x01, 0x00, 0x00, 0xF5, 0x00, 0x07, 0x00,
	0x88, 0x00, 0x00, 0x00, 0xD2, 0x01, 0x00, 0x00, 0xCC, 0x01, 0x00, 0x00, 0xC8, 0x01, 0x00, 0x00,
	0xD1, 0x01, 0x00, 0x00, 0xCD, 0x01, 0x00, 0x00, 0xF7, 0x00, 0x03, 0x00, 0xD4, 0x01, 0x00, 0x00,
	0x00, 0x00, 0x00, 0x00, 0xFA, 0x00, 0x04, 0x00, 0xD2, 0x01, 0x00, 0x00, 0xD3, 0x01, 0x00, 0x00,
	0xD4, 0x01, 0x00, 0x00, 0xF8, 0x00, 0x02, 0x00, 0xD3, 0x01, 0x00, 0x00, 0x41, 0x00, 0x05, 0x00,
	0x0C, 0x00, 0x00, 0x00, 0xD5, 0x01, 0x00, 0x00, 0xB1, 0x01, 0x00, 0x00, 0x5A, 0x01, 0x00, 0x00,
	0x3D, 0x00, 0x04, 0x00, 0x06, 0x00, 0x00, 0x00, 0xD6, 0x01, 0x00, 0x00, 0xD5, 0x01, 0x00, 0x00,
	0xBC, 0x00, 0x05, 0x00, 0x88, 0x00, 0x00, 0x00, 0xD7, 0x01, 0x00, 0x00, 0xD6, 0x01, 0x00, 0x00,
	0x51, 0x00, 0x00, 0x00, 0xF9, 0x00, 0x02, 0x00, 0xD4, 0x01, 0x00, 0x00, 0xF8, 0x00, 0x02, 0x00,
	0xD4, 0x01, 0x00, 0x00, 0xF5, 0x00, 0x07, 0x00, 0x88, 0x00, 0x00, 0x00, 0xD8, 0x01, 0x00, 0x00,
	0xD2, 0x01, 0x00, 0x00, 0xCE, 0x01, 0x00, 0x00, 0xD7, 0x01, 0x00, 0x00, 0xD3, 0x01, 0x00, 0x00,
	0xF7, 0x00, 0x03, 0x00, 0xDA, 0x01, 0x00, 0x00, 0x00, 0x00, 0x00, 0x00, 0xFA, 0x00, 0x04, 0x00,
	0xD8, 0x01, 0x00, 0x00, 0xD9, 0x01, 0x00, 0x00, 0xDA, 0x01, 0x00, 0x00, 0xF8, 0x00, 0x02, 0x00,
	0xD9, 0x01, 0x00, 0x00, 0x3D, 0x00, 0x04, 0x00, 0x1C, 0x00, 0x00, 0x00, 0xDC, 0x01, 0x00, 0x00,
	0xDB, 0x01, 0x00, 0x00, 0x3D, 0x00, 0x04, 0x00, 0x0A, 0x00, 0x00, 0x00, 0xDD, 0x01, 0x00, 0x00,
	0xB1, 0x01, 0x00, 0x00, 0x58, 0x00, 0x07, 0x00, 0x07, 0x00, 0x00, 0x00, 0xDE, 0x01, 0x00, 0x00,
	0xDC, 0x01, 0x00, 0x00, 0xDD, 0x01, 0x00, 0x00, 0x02, 0x00, 0x00, 0x00, 0x8F, 0x00, 0x00, 0x00,
	0x51, 0x00, 0x05, 0x00, 0x06, 0x00, 0x00, 0x00, 0xDF, 0x01, 0x00, 0x00, 0xDE, 0x01, 0x00, 0x00,
	0x00, 0x00, 0x00, 0x00, 0x3E, 0x00, 0x03, 0x00, 0xA7, 0x01, 0x00, 0x00, 0xDF, 0x01, 0x00, 0x00,
	0x3D, 0x00, 0x04, 0x00, 0x1C, 0x00, 0x00, 0x00, 0xE1, 0x01, 0x00, 0x00, 0xE0, 0x01, 0x00, 0x00,
	0x3D, 0x00, 0x04, 0x00, 0x0A, 0x00, 0x00, 0x00, 0xE2, 0x01, 0x00, 0x00, 0xB1, 0x01, 0x00, 0x00,
	0x58, 0x00, 0x07, 0x00, 0x07, 0x00, 0x00, 0x00, 0xE3, 0x01, 0x00, 0x00, 0xE1, 0x01, 0x00, 0x00,
	0xE2, 0x01, 0x00, 0x00, 0x02, 0x00, 0x00, 0x00, 0x8F, 0x00, 0x00, 0x00, 0x51, 0x00, 0x05, 0x00,
	0x06, 0x00, 0x00, 0x00, 0xE4, 0x01, 0x00, 0x00, 0xE3, 0x01, 0x00, 0x00, 0x00, 0x00, 0x00, 0x00,
	0x3E, 0x00, 0x03, 0x00, 0xA9, 0x01, 0x00, 0x00, 0xE4, 0x01, 0x00, 0x00, 0x41, 0x00, 0x06, 0x00,
	0x52, 0x01, 0x00, 0x00, 0xE6, 0x01, 0x00, 0x00, 0x50, 0x01, 0x00, 0x00, 0x9E, 0x01, 0x00, 0x00,
	0xE5, 0x01, 0x00, 0x00, 0x3D, 0x00, 0x04, 0x00, 0x06, 0x00, 0x00, 0x00, 0xE7, 0x01, 0x00, 0x00,
	0xE6, 0x01, 0x00, 0x00, 0xBA, 0x00, 0x05, 0x00, 0x88, 0x00, 0x00, 0x00, 0xE8, 0x01, 0x00, 0x00,
	0xE7, 0x01, 0x00, 0x00, 0x80, 0x00, 0x00, 0x00, 0xF7, 0x00, 0x03, 0x00, 0xEA, 0x01, 0x00, 0x00,
	0x00, 0x00, 0x00, 0x00, 0xFA, 0x00, 0x04, 0x00, 0xE8, 0x01, 0x00, 0x00, 0xE9, 0x01, 0x00, 0x00,
	0xEA, 0x01, 0x00, 0x00, 0xF8, 0x00, 0x02, 0x00, 0xE9, 0x01, 0x00, 0x00, 0x3D, 0x00, 0x04, 0x00,
	0x0A, 0x00, 0x00, 0x00, 0xF0, 0x01, 0x00, 0x00, 0x65, 0x01, 0x00, 0x00, 0x3E, 0x00, 0x03, 0x00,
	0xEF, 0x01, 0x00, 0x00, 0xF0, 0x01, 0x00, 0x00, 0x3D, 0x00, 0x04, 0x00, 0x0A, 0x00, 0x00, 0x00,
	0xF2, 0x01, 0x00, 0x00, 0x6F, 0x01, 0x00, 0x00, 0x3E, 0x00, 0x03, 0x00, 0xF1, 0x01, 0x00, 0x00,
	0xF2, 0x01, 0x00, 0x00, 0x41, 0x00, 0x06, 0x00, 0x52, 0x01, 0x00, 0x00, 0xF4, 0x01, 0x00, 0x00,
	0x50, 0x01, 0x00, 0x00, 0x9E, 0x01, 0x00, 0x00, 0x87, 0x00, 0x00, 0x00, 0x3D, 0x00, 0x04, 0x00,
	0x06, 0x00, 0x00, 0x00, 0xF5, 0x01, 0x00, 0x00, 0xF4, 0x01, 0x00, 0x00, 0x3E, 0x00, 0x03, 0x00,
	0xF3, 0x01, 0x00, 0x00, 0xF5, 0x01, 0x00, 0x00, 0x39, 0x00, 0x0C, 0x00, 0x06, 0x00, 0x00, 0x00,
	0xFA, 0x01, 0x00, 0x00, 0x3E, 0x00, 0x00, 0x00, 0x83, 0x01, 0x00, 0x00, 0xEF, 0x01, 0x00, 0x00,
	0xF1, 0x01, 0x00, 0x00, 0xF3, 0x01, 0x00, 0x00, 0xF6, 0x01, 0x00, 0x00, 0xF7, 0x01, 0x00, 0x00,
	0xF8, 0x01, 0x00, 0x00, 0xF9, 0x01, 0x00, 0x00, 0x3D, 0x00, 0x04, 0x00, 0x06, 0x00, 0x00, 0x00,
	0xFB, 0x01, 0x00, 0x00, 0xF6, 0x01, 0x00, 0x00, 0x3E, 0x00, 0x03, 0x00, 0xEB, 0x01, 0x00, 0x00,
	0xFB, 0x01, 0x00, 0x00, 0x3D, 0x00, 0x04, 0x00, 0x06, 0x00, 0x00, 0x00, 0xFC, 0x01, 0x00, 0x00,
	0xF7, 0x01, 0x00, 0x00, 0x3E, 0x00, 0x03, 0x00, 0xEC, 0x01, 0x00, 0x00, 0xFC, 0x01, 0x00, 0x00,
	0x3D, 0x00, 0x04, 0x00, 0x06, 0x00, 0x00, 0x00, 0xFD, 0x01, 0x00, 0x00, 0xF8, 0x01, 0x00, 0x00,
	0x3E, 0x00, 0x03, 0x00, 0xED, 0x01, 0x00, 0x00, 0xFD, 0x01, 0x00, 0x00, 0x3D, 0x00, 0x04, 0x00,
	0x06, 0x00, 0x00, 0x00, 0xFE, 0x01, 0x00, 0x00, 0xF9, 0x01, 0x00, 0x00, 0x3E, 0x00, 0x03, 0x00,
	0xEE, 0x01, 0x00, 0x00, 0xFE, 0x01, 0x00, 0x00, 0x3D, 0x00, 0x04, 0x00, 0x06, 0x00, 0x00, 0x00,
	0x00, 0x02, 0x00, 0x00, 0xA7, 0x01, 0x00, 0x00, 0x3E, 0x00, 0x03, 0x00, 0xFF, 0x01, 0x00, 0x00,
	0x00, 0x02, 0x00, 0x00, 0x3D, 0x00, 0x04, 0x00, 0x06, 0x00, 0x00, 0x00, 0x02, 0x02, 0x00, 0x00,
	0xEB, 0x01, 0x00, 0x00, 0x3E, 0x00, 0x03, 0x00, 0x01, 0x02, 0x00, 0x00, 0x02, 0x02, 0x00, 0x00,
	0x3D, 0x00, 0x04, 0x00, 0x06, 0x00, 0x00, 0x00, 0x04, 0x02, 0x00, 0x00, 0xEC, 0x01, 0x00, 0x00,
	0x3E, 0x00, 0x03, 0x00, 0x03, 0x02, 0x00, 0x00, 0x04, 0x02, 0x00, 0x00, 0x39, 0x00, 0x07, 0x00,
	0x06, 0x00, 0x00, 0x00, 0x05, 0x02, 0x00, 0x00, 0x4A, 0x00, 0x00, 0x00, 0xFF, 0x01, 0x00, 0x00,
	0x01, 0x02, 0x00, 0x00, 0x03, 0x02, 0x00, 0x00, 0x3E, 0x00, 0x03, 0x00, 0xA7, 0x01, 0x00, 0x00,
	0x05, 0x02, 0x00, 0x00, 0xF9, 0x00, 0x02, 0x00, 0xEA, 0x01, 0x00, 0x00, 0xF8, 0x00, 0x02, 0x00,
	0xEA, 0x01, 0x00, 0x00, 0xF9, 0x00, 0x02, 0x00, 0xDA, 0x01, 0x00, 0x00, 0xF8, 0x00, 0x02, 0x00,
	0xDA, 0x01, 0x00, 0x00, 0xF9, 0x00, 0x02, 0x00, 0xB0, 0x01, 0x00, 0x00, 0xF8, 0x00, 0x02, 0x00,
	0xB0, 0x01, 0x00, 0x00, 0x41, 0x00, 0x06, 0x00, 0x52, 0x01, 0x00, 0x00, 0x07, 0x02, 0x00, 0x00,
	0x50, 0x01, 0x00, 0x00, 0x9E, 0x01, 0x00, 0x00, 0x5A, 0x01, 0x00, 0x00, 0x3D, 0x00, 0x04, 0x00,
	0x06, 0x00, 0x00, 0x00, 0x08, 0x02, 0x00, 0x00, 0x07, 0x02, 0x00, 0x00, 0x3E, 0x00, 0x03, 0x00,
	0x06, 0x02, 0x00, 0x00, 0x08, 0x02, 0x00, 0x00, 0x3D, 0x00, 0x04, 0x00, 0x06, 0x00, 0x00, 0x00,
	0x0A, 0x02, 0x00, 0x00, 0xA7, 0x01, 0x00, 0x00, 0x3D, 0x00, 0x04, 0x00, 0x06, 0x00, 0x00, 0x00,
	0x0B, 0x02, 0x00, 0x00, 0xA4, 0x01, 0x00, 0x00, 0x3D, 0x00, 0x04, 0x00, 0x06, 0x00, 0x00, 0x00,
	0x0C, 0x02, 0x00, 0x00, 0x06, 0x02, 0x00, 0x00, 0x0C, 0x00, 0x08, 0x00, 0x06, 0x00, 0x00, 0x00,
	0x0D, 0x02, 0x00, 0x00, 0x01, 0x00, 0x00, 0x00, 0x2E, 0x00, 0x00, 0x00, 0x0A, 0x02, 0x00, 0x00,
	0x0B, 0x02, 0x00, 0x00, 0x0C, 0x02, 0x00, 0x00, 0x41, 0x00, 0x05, 0x00, 0x0C, 0x00, 0x00, 0x00,
	0x0E, 0x02, 0x00, 0x00, 0x09, 0x02, 0x00, 0x00, 0x87, 0x00, 0x00, 0x00, 0x3E, 0x00, 0x03, 0x00,
	0x0E, 0x02, 0x00, 0x00, 0x0D, 0x02, 0x00, 0x00, 0x41, 0x00, 0x05, 0x00, 0x0C, 0x00, 0x00, 0x00,
	0x0F, 0x02, 0x00, 0x00, 0x9A, 0x01, 0x00, 0x00, 0x5A, 0x01, 0x00, 0x00, 0x3D, 0x00, 0x04, 0x00,
	0x06, 0x00, 0x00, 0x00, 0x10, 0x02, 0x00, 0x00, 0x0F, 0x02, 0x00, 0x00, 0x41, 0x00, 0x05, 0x00,
	0x0C, 0x00, 0x00, 0x00, 0x11, 0x02, 0x00, 0x00, 0x09, 0x02, 0x00, 0x00, 0x5A, 0x01, 0x00, 0x00,
	0x3E, 0x00, 0x03, 0x00, 0x11, 0x02, 0x00, 0x00, 0x10, 0x02, 0x00, 0x00, 0x41, 0x00, 0x05, 0x00,
	0x0C, 0x00, 0x00, 0x00, 0x12, 0x02, 0x00, 0x00, 0x09, 0x02, 0x00, 0x00, 0xE5, 0x01, 0x00, 0x00,
	0x3E, 0x00, 0x03, 0x00, 0x12, 0x02, 0x00, 0x00, 0x8F, 0x00, 0x00, 0x00, 0x3D, 0x00, 0x04, 0x00,
	0x06, 0x00, 0x00, 0x00, 0x13, 0x02, 0x00, 0x00, 0xA9, 0x01, 0x00, 0x00, 0x3D, 0x00, 0x04, 0x00,
	0x06, 0x00, 0x00, 0x00, 0x14, 0x02, 0x00, 0x00, 0xA4, 0x01, 0x00, 0x00, 0x41, 0x00, 0x05, 0x00,
	0x0C, 0x00, 0x00, 0x00, 0x15, 0x02, 0x00, 0x00, 0x09, 0x02, 0x00, 0x00, 0x87, 0x00, 0x00, 0x00,
	0x3D, 0x00, 0x04, 0x00, 0x06, 0x00, 0x00, 0x00, 0x16, 0x02, 0x00, 0x00, 0x15, 0x02, 0x00, 0x00,
	0x83, 0x00, 0x05, 0x00, 0x06, 0x00, 0x00, 0x00, 0x17, 0x02, 0x00, 0x00, 0x14, 0x02, 0x00, 0x00,
	0x16, 0x02, 0x00, 0x00, 0x3D, 0x00, 0x04, 0x00, 0x06, 0x00, 0x00, 0x00, 0x18, 0x02, 0x00, 0x00,
	0xA4, 0x01, 0x00, 0x00, 0x41, 0x00, 0x05, 0x00, 0x0C, 0x00, 0x00, 0x00, 0x19, 0x02, 0x00, 0x00,
	0x09, 0x02, 0x00, 0x00, 0x87, 0x00, 0x00, 0x00, 0x3D, 0x00, 0x04, 0x00, 0x06, 0x00, 0x00, 0x00,
	0x1A, 0x02, 0x00, 0x00, 0x19, 0x02, 0x00, 0x00, 0x83, 0x00, 0x05, 0x00, 0x06, 0x00, 0x00, 0x00,
	0x1B, 0x02, 0x00, 0x00, 0x18, 0x02, 0x00, 0x00, 0x1A, 0x02, 0x00, 0x00, 0x85, 0x00, 0x05, 0x00,
	0x06, 0x00, 0x00, 0x00, 0x1C, 0x02, 0x00, 0x00, 0x17, 0x02, 0x00, 0x00, 0x1B, 0x02, 0x00, 0x00,
	0x0C, 0x00, 0x08, 0x00, 0x06, 0x00, 0x00, 0x00, 0x1E, 0x02, 0x00, 0x00, 0x01, 0x00, 0x00, 0x00,
	0x2E, 0x00, 0x00, 0x00, 0x13, 0x02, 0x00, 0x00, 0x1C, 0x02, 0x00, 0x00, 0x1D, 0x02, 0x00, 0x00,
	0x3E, 0x00, 0x03, 0x00, 0xA9, 0x01, 0x00, 0x00, 0x1E, 0x02, 0x00, 0x00, 0x41, 0x00, 0x05, 0x00,
	0x0C, 0x00, 0x00, 0x00, 0x20, 0x02, 0x00, 0x00, 0x09, 0x02, 0x00, 0x00, 0x87, 0x00, 0x00, 0x00,
	0x3D, 0x00, 0x04, 0x00, 0x06, 0x00, 0x00, 0x00, 0x21, 0x02, 0x00, 0x00, 0x20, 0x02, 0x00, 0x00,
	0x41, 0x00, 0x05, 0x00, 0x0C, 0x00, 0x00, 0x00, 0x22, 0x02, 0x00, 0x00, 0x9A, 0x01, 0x00, 0x00,
	0x5A, 0x01, 0x00, 0x00, 0x3D, 0x00, 0x04, 0x00, 0x06, 0x00, 0x00, 0x00, 0x23, 0x02, 0x00, 0x00,
	0x22, 0x02, 0x00, 0x00, 0x50, 0x00, 0x06, 0x00, 0x0D, 0x00, 0x00, 0x00, 0x24, 0x02, 0x00, 0x00,
	0x21, 0x02, 0x00, 0x00, 0x23, 0x02, 0x00, 0x00, 0x8F, 0x00, 0x00, 0x00, 0x3E, 0x00, 0x03, 0x00,
	0x1F, 0x02, 0x00, 0x00, 0x24, 0x02, 0x00, 0x00, 0x3D, 0x00, 0x04, 0x00, 0x06, 0x00, 0x00, 0x00,
	0x26, 0x02, 0x00, 0x00, 0xA9, 0x01, 0x00, 0x00, 0x50, 0x00, 0x06, 0x00, 0x0D, 0x00, 0x00, 0x00,
	0x27, 0x02, 0x00, 0x00, 0x26, 0x02, 0x00, 0x00, 0x8F, 0x00, 0x00, 0x00, 0x8F, 0x00, 0x00, 0x00,
	0x3E, 0x00, 0x03, 0x00, 0x25, 0x02, 0x00, 0x00, 0x27, 0x02, 0x00, 0x00, 0xF9, 0x00, 0x02, 0x00,
	0xA3, 0x01, 0x00, 0x00, 0xF8, 0x00, 0x02, 0x00, 0x28, 0x02, 0x00, 0x00, 0x3D, 0x00, 0x04, 0x00,
	0x07, 0x00, 0x00, 0x00, 0x2A, 0x02, 0x00, 0x00, 0x9A, 0x01, 0x00, 0x00, 0x4F, 0x00, 0x08, 0x00,
	0x0D, 0x00, 0x00, 0x00, 0x2B, 0x02, 0x00, 0x00, 0x2A, 0x02, 0x00, 0x00, 0x2A, 0x02, 0x00, 0x00,
	0x00, 0x00, 0x00, 0x00, 0x01, 0x00, 0x00, 0x00, 0x02, 0x00, 0x00, 0x00, 0x3E, 0x00, 0x03, 0x00,
	0x29, 0x02, 0x00, 0x00, 0x2B, 0x02, 0x00, 0x00, 0x3D, 0x00, 0x04, 0x00, 0x0D, 0x00, 0x00, 0x00,
	0x2D, 0x02, 0x00, 0x00, 0x29, 0x02, 0x00, 0x00, 0x3E, 0x00, 0x03, 0x00, 0x2C, 0x02, 0x00, 0x00,
	0x2D, 0x02, 0x00, 0x00, 0x3E, 0x00, 0x03, 0x00, 0x2E, 0x02, 0x00, 0x00, 0xA2, 0x00, 0x00, 0x00,
	0x41, 0x00, 0x05, 0x00, 0xAB, 0x01, 0x00, 0x00, 0x2F, 0x02, 0x00, 0x00, 0x50, 0x01, 0x00, 0x00,
	0xAA, 0x01, 0x00, 0x00, 0x3D, 0x00, 0x04, 0x00, 0x1E, 0x00, 0x00, 0x00, 0x30, 0x02, 0x00, 0x00,
	0x2F, 0x02, 0x00, 0x00, 0xAA, 0x00, 0x05, 0x00, 0x88, 0x00, 0x00, 0x00, 0x31, 0x02, 0x00, 0x00,
	0x30, 0x02, 0x00, 0x00, 0x87, 0x00, 0x00, 0x00, 0xF7, 0x00, 0x03, 0x00, 0x33, 0x02, 0x00, 0x00,
	0x00, 0x00, 0x00, 0x00, 0xFA, 0x00, 0x04, 0x00, 0x31, 0x02, 0x00, 0x00, 0x32, 0x02, 0x00, 0x00,
	0x33, 0x02, 0x00, 0x00, 0xF8, 0x00, 0x02, 0x00, 0x32, 0x02, 0x00, 0x00, 0x41, 0x00, 0x05, 0x00,
	0xB6, 0x01, 0x00, 0x00, 0x36, 0x02, 0x00, 0x00, 0x50, 0x01, 0x00, 0x00, 0xB2, 0x01, 0x00, 0x00,
	0x3D, 0x00, 0x04, 0x00, 0x08, 0x00, 0x00, 0x00, 0x37, 0x02, 0x00, 0x00, 0x36, 0x02, 0x00, 0x00,
	0x3E, 0x00, 0x03, 0x00, 0x35, 0x02, 0x00, 0x00, 0x37, 0x02, 0x00, 0x00, 0x41, 0x00, 0x05, 0x00,
	0xB6, 0x01, 0x00, 0x00, 0x39, 0x02, 0x00, 0x00, 0x50, 0x01, 0x00, 0x00, 0xB2, 0x00, 0x00, 0x00,
	0x3D, 0x00, 0x04, 0x00, 0x08, 0x00, 0x00, 0x00, 0x3A, 0x02, 0x00, 0x00, 0x39, 0x02, 0x00, 0x00,
	0x3E, 0x00, 0x03, 0x00, 0x38, 0x02, 0x00, 0x00, 0x3A, 0x02, 0x00, 0x00, 0x3D, 0x00, 0x04, 0x00,
	0x0A, 0x00, 0x00, 0x00, 0x3C, 0x02, 0x00, 0x00, 0x65, 0x01, 0x00, 0x00, 0x3E, 0x00, 0x03, 0x00,
	0x3B, 0x02, 0x00, 0x00, 0x3C, 0x02, 0x00, 0x00, 0x3D, 0x00, 0x04, 0x00, 0x06, 0x00, 0x00, 0x00,
	0x3E, 0x02, 0x00, 0x00, 0x75, 0x01, 0x00, 0x00, 0x3E, 0x00, 0x03, 0x00, 0x3D, 0x02, 0x00, 0x00,
	0x3E, 0x02, 0x00, 0x00, 0x41, 0x00, 0x05, 0x00, 0xAB, 0x01, 0x00, 0x00, 0x40, 0x02, 0x00, 0x00,
	0x50, 0x01, 0x00, 0x00, 0xB4, 0x01, 0x00, 0x00, 0x3D, 0x00, 0x04, 0x00, 0x1E, 0x00, 0x00, 0x00,
	0x41, 0x02, 0x00, 0x00, 0x40, 0x02, 0x00, 0x00, 0x3E, 0x00, 0x03, 0x00, 0x3F, 0x02, 0x00, 0x00,
	0x41, 0x02, 0x00, 0x00, 0x39, 0x00, 0x0A, 0x00, 0x0A, 0x00, 0x00, 0x00, 0x42, 0x02, 0x00, 0x00,
	0x27, 0x00, 0x00, 0x00, 0x35, 0x02, 0x00, 0x00, 0x38, 0x02, 0x00, 0x00, 0x3B, 0x02, 0x00, 0x00,
	0x3D, 0x02, 0x00, 0x00, 0xB3, 0x01, 0x00, 0x00, 0x3F, 0x02, 0x00, 0x00, 0x3E, 0x00, 0x03, 0x00,
	0x34, 0x02, 0x00, 0x00, 0x42, 0x02, 0x00, 0x00, 0x41, 0x00, 0x05, 0x00, 0x0C, 0x00, 0x00, 0x00,
	0x43, 0x02, 0x00, 0x00, 0x34, 0x02, 0x00, 0x00, 0x87, 0x00, 0x00, 0x00, 0x3D, 0x00, 0x04, 0x00,
	0x06, 0x00, 0x00, 0x00, 0x44, 0x02, 0x00, 0x00, 0x43, 0x02, 0x00, 0x00, 0xBE, 0x00, 0x05, 0x00,
	0x88, 0x00, 0x00, 0x00, 0x45, 0x02, 0x00, 0x00, 0x44, 0x02, 0x00, 0x00, 0x8F, 0x00, 0x00, 0x00,
	0xF7, 0x00, 0x03, 0x00, 0x47, 0x02, 0x00, 0x00, 0x00, 0x00, 0x00, 0x00, 0xFA, 0x00, 0x04, 0x00,
	0x45, 0x02, 0x00, 0x00, 0x46, 0x02, 0x00, 0x00, 0x47, 0x02, 0x00, 0x00, 0xF8, 0x00, 0x02, 0x00,
	0x46, 0x02, 0x00, 0x00, 0x41, 0x00, 0x05, 0x00, 0x0C, 0x00, 0x00, 0x00, 0x48, 0x02, 0x00, 0x00,
	0x34, 0x02, 0x00, 0x00, 0x87, 0x00, 0x00, 0x00, 0x3D, 0x00, 0x04, 0x00, 0x06, 0x00, 0x00, 0x00,
	0x49, 0x02, 0x00, 0x00, 0x48, 0x02, 0x00, 0x00, 0xBC, 0x00, 0x05, 0x00, 0x88, 0x00, 0x00, 0x00,
	0x4A, 0x02, 0x00, 0x00, 0x49, 0x02, 0x00, 0x00, 0x51, 0x00, 0x00, 0x00, 0xF9, 0x00, 0x02, 0x00,
	0x47, 0x02, 0x00, 0x00, 0xF8, 0x00, 0x02, 0x00, 0x47, 0x02, 0x00, 0x00, 0xF5, 0x00, 0x07, 0x00,
	0x88, 0x00, 0x00, 0x00, 0x4B, 0x02, 0x00, 0x00, 0x45, 0x02, 0x00, 0x00, 0x32, 0x02, 0x00, 0x00,
	0x4A, 0x02, 0x00, 0x00, 0x46, 0x02, 0x00, 0x00, 0xF7, 0x00, 0x03, 0x00, 0x4D, 0x02, 0x00, 0x00,
	0x00, 0x00, 0x00, 0x00, 0xFA, 0x00, 0x04, 0x00, 0x4B, 0x02, 0x00, 0x00, 0x4C, 0x02, 0x00, 0x00,
	0x4D, 0x02, 0x00, 0x00, 0xF8, 0x00, 0x02, 0x00, 0x4C, 0x02, 0x00, 0x00, 0x41, 0x00, 0x05, 0x00,
	0x0C, 0x00, 0x00, 0x00, 0x4E, 0x02, 0x00, 0x00, 0x34, 0x02, 0x00, 0x00, 0x5A, 0x01, 0x00, 0x00,
	0x3D, 0x00, 0x04, 0x00, 0x06, 0x00, 0x00, 0x00, 0x4F, 0x02, 0x00, 0x00, 0x4E, 0x02, 0x00, 0x00,
	0xBE, 0x00, 0x05, 0x00, 0x88, 0x00, 0x00, 0x00, 0x50, 0x02, 0x00, 0x00, 0x4F, 0x02, 0x00, 0x00,
	0x8F, 0x00, 0x00, 0x00, 0xF9, 0x00, 0x02, 0x00, 0x4D, 0x02, 0x00, 0x00, 0xF8, 0x00, 0x02, 0x00,
	0x4D, 0x02, 0x00, 0x00, 0xF5, 0x00, 0x07, 0x00, 0x88, 0x00, 0x00, 0x00, 0x51, 0x02, 0x00, 0x00,
	0x4B, 0x02, 0x00, 0x00, 0x47, 0x02, 0x00, 0x00, 0x50, 0x02, 0x00, 0x00, 0x4C, 0x02, 0x00, 0x00,
	0xF7, 0x00, 0x03, 0x00, 0x53, 0x02, 0x00, 0x00, 0x00, 0x00, 0x00, 0x00, 0xFA, 0x00, 0x04, 0x00,
	0x51, 0x02, 0x00, 0x00, 0x52, 0x02, 0x00, 0x00, 0x53, 0x02, 0x00, 0x00, 0xF8, 0x00, 0x02, 0x00,
	0x52, 0x02, 0x00, 0x00, 0x41, 0x00, 0x05, 0x00, 0x0C, 0x00, 0x00, 0x00, 0x54, 0x02, 0x00, 0x00,
	0x34, 0x02, 0x00, 0x00, 0x5A, 0x01, 0x00, 0x00, 0x3D, 0x00, 0x04, 0x00, 0x06, 0x00, 0x00, 0x00,
	0x55, 0x02, 0x00, 0x00, 0x54, 0x02, 0x00, 0x00, 0xBC, 0x00, 0x05, 0x00, 0x88, 0x00, 0x00, 0x00,
	0x56, 0x02, 0x00, 0x00, 0x55, 0x02, 0x00, 0x00, 0x51, 0x00, 0x00, 0x00, 0xF9, 0x00, 0x02, 0x00,
	0x53, 0x02, 0x00, 0x00, 0xF8, 0x00, 0x02, 0x00, 0x53, 0x02, 0x00, 0x00, 0xF5, 0x00, 0x07, 0x00,
	0x88, 0x00, 0x00, 0x00, 0x57, 0x02, 0x00, 0x00, 0x51, 0x02, 0x00, 0x00, 0x4D, 0x02, 0x00, 0x00,
	0x56, 0x02, 0x00, 0x00, 0x52, 0x02, 0x00, 0x00, 0xF7, 0x00, 0x03, 0x00, 0x59, 0x02, 0x00, 0x00,
	0x00, 0x00, 0x00, 0x00, 0xFA, 0x00, 0x04, 0x00, 0x57, 0x02, 0x00, 0x00, 0x58, 0x02, 0x00, 0x00,
	0x59, 0x02, 0x00, 0x00, 0xF8, 0x00, 0x02, 0x00, 0x58, 0x02, 0x00, 0x00, 0x3D, 0x00, 0x04, 0x00,
	0x1C, 0x00, 0x00, 0x00, 0x5A, 0x02, 0x00, 0x00, 0xDB, 0x01, 0x00, 0x00, 0x3D, 0x00, 0x04, 0x00,
	0x0A, 0x00, 0x00, 0x00, 0x5B, 0x02, 0x00, 0x00, 0x34, 0x02, 0x00, 0x00, 0x58, 0x00, 0x07, 0x00,
	0x07, 0x00, 0x00, 0x00, 0x5C, 0x02, 0x00, 0x00, 0x5A, 0x02, 0x00, 0x00, 0x5B, 0x02, 0x00, 0x00,
	0x02, 0x00, 0x00, 0x00, 0x8F, 0x00, 0x00, 0x00, 0x4F, 0x00, 0x08, 0x00, 0x0D, 0x00, 0x00, 0x00,
	0x5D, 0x02, 0x00, 0x00, 0x5C, 0x02, 0x00, 0x00, 0x5C, 0x02, 0x00, 0x00, 0x00, 0x00, 0x00, 0x00,
	0x01, 0x00, 0x00, 0x00, 0x02, 0x00, 0x00, 0x00, 0x3E, 0x00, 0x03, 0x00, 0x2C, 0x02, 0x00, 0x00,
	0x5D, 0x02, 0x00, 0x00, 0x3D, 0x00, 0x04, 0x00, 0x1C, 0x00, 0x00, 0x00, 0x5E, 0x02, 0x00, 0x00,
	0xE0, 0x01, 0x00, 0x00, 0x3D, 0x00, 0x04, 0x00, 0x0A, 0x00, 0x00, 0x00, 0x5F, 0x02, 0x00, 0x00,
	0x34, 0x02, 0x00, 0x00, 0x58, 0x00, 0x07, 0x00, 0x07, 0x00, 0x00, 0x00, 0x60, 0x02, 0x00, 0x00,
	0x5E, 0x02, 0x00, 0x00, 0x5F, 0x02, 0x00, 0x00, 0x02, 0x00, 0x00, 0x00, 0x8F, 0x00, 0x00, 0x00,
	0x4F, 0x00, 0x08, 0x00, 0x0D, 0x00, 0x00, 0x00, 0x61, 0x02, 0x00, 0x00, 0x60, 0x02, 0x00, 0x00,
	0x60, 0x02, 0x00, 0x00, 0x00, 0x00, 0x00, 0x00, 0x01, 0x00, 0x00, 0x00, 0x02, 0x00, 0x00, 0x00,
	0x3E, 0x00, 0x03, 0x00, 0x2E, 0x02, 0x00, 0x00, 0x61, 0x02, 0x00, 0x00, 0x41, 0x00, 0x06, 0x00,
	0x52, 0x01, 0x00, 0x00, 0x62, 0x02, 0x00, 0x00, 0x50, 0x01, 0x00, 0x00, 0x9E, 0x01, 0x00, 0x00,
	0xE5, 0x01, 0x00, 0x00, 0x3D, 0x00, 0x04, 0x00, 0x06, 0x00, 0x00, 0x00, 0x63, 0x02, 0x00, 0x00,
	0x62, 0x02, 0x00, 0x00, 0xBA, 0x00, 0x05, 0x00, 0x88, 0x00, 0x00, 0x00, 0x64, 0x02, 0x00, 0x00,
	0x63, 0x02, 0x00, 0x00, 0x80, 0x00, 0x00, 0x00, 0xF7, 0x00, 0x03, 0x00, 0x66, 0x02, 0x00, 0x00,
	0x00, 0x00, 0x00, 0x00, 0xFA, 0x00, 0x04, 0x00, 0x64, 0x02, 0x00, 0x00, 0x65, 0x02, 0x00, 0x00,
	0x66, 0x02, 0x00, 0x00, 0xF8, 0x00, 0x02, 0x00, 0x65, 0x02, 0x00, 0x00, 0x3D, 0x00, 0x04, 0x00,
	0x0A, 0x00, 0x00, 0x00, 0x6C, 0x02, 0x00, 0x00, 0x65, 0x01, 0x00, 0x00, 0x3E, 0x00, 0x03, 0x00,
	0x6B, 0x02, 0x00, 0x00, 0x6C, 0x02, 0x00, 0x00, 0x3D, 0x00, 0x04, 0x00, 0x0A, 0x00, 0x00, 0x00,
	0x6E, 0x02, 0x00, 0x00, 0x6F, 0x01, 0x00, 0x00, 0x3E, 0x00, 0x03, 0x00, 0x6D, 0x02, 0x00, 0x00,
	0x6E, 0x02, 0x00, 0x00, 0x41, 0x00, 0x06, 0x00, 0x52, 0x01, 0x00, 0x00, 0x70, 0x02, 0x00, 0x00,
	0x50, 0x01, 0x00, 0x00, 0x9E, 0x01, 0x00, 0x00, 0x87, 0x00, 0x00, 0x00, 0x3D, 0x00, 0x04, 0x00,
	0x06, 0x00, 0x00, 0x00, 0x71, 0x02, 0x00, 0x00, 0x70, 0x02, 0x00, 0x00, 0x3E, 0x00, 0x03, 0x00,
	0x6F, 0x02, 0x00, 0x00, 0x71, 0x02, 0x00, 0x00, 0x39, 0x00, 0x0C, 0x00, 0x02, 0x00, 0x00, 0x00,
	0x76, 0x02, 0x00, 0x00, 0x33, 0x00, 0x00, 0x00, 0x83, 0x01, 0x00, 0x00, 0x6B, 0x02, 0x00, 0x00,
	0x6D, 0x02, 0x00, 0x00, 0x6F, 0x02, 0x00, 0x00, 0x72, 0x02, 0x00, 0x00, 0x73, 0x02, 0x00, 0x00,
	0x74, 0x02, 0x00, 0x00, 0x75, 0x02, 0x00, 0x00, 0x3D, 0x00, 0x04, 0x00, 0x0D, 0x00, 0x00, 0x00,
	0x77, 0x02, 0x00, 0x00, 0x72, 0x02, 0x00, 0x00, 0x3E, 0x00, 0x03, 0x00, 0x67, 0x02, 0x00, 0x00,
	0x77, 0x02, 0x00, 0x00, 0x3D, 0x00, 0x04, 0x00, 0x0D, 0x00, 0x00, 0x00, 0x78, 0x02, 0x00, 0x00,
	0x73, 0x02, 0x00, 0x00, 0x3E, 0x00, 0x03, 0x00, 0x68, 0x02, 0x00, 0x00, 0x78, 0x02, 0x00, 0x00,
	0x3D, 0x00, 0x04, 0x00, 0x0D, 0x00, 0x00, 0x00, 0x79, 0x02, 0x00, 0x00, 0x74, 0x02, 0x00, 0x00,
	0x3E, 0x00, 0x03, 0x00, 0x69, 0x02, 0x00, 0x00, 0x79, 0x02, 0x00, 0x00, 0x3D, 0x00, 0x04, 0x00,
	0x0D, 0x00, 0x00, 0x00, 0x7A, 0x02, 0x00, 0x00, 0x75, 0x02, 0x00, 0x00, 0x3E, 0x00, 0x03, 0x00,
	0x6A, 0x02, 0x00, 0x00, 0x7A, 0x02, 0x00, 0x00, 0x3D, 0x00, 0x04, 0x00, 0x0D, 0x00, 0x00, 0x00,
	0x7C, 0x02, 0x00, 0x00, 0x2C, 0x02, 0x00, 0x00, 0x3E, 0x00, 0x03, 0x00, 0x7B, 0x02, 0x00, 0x00,
	0x7C, 0x02, 0x00, 0x00, 0x3D, 0x00, 0x04, 0x00, 0x0D, 0x00, 0x00, 0x00, 0x7E, 0x02, 0x00, 0x00,
	0x67, 0x02, 0x00, 0x00, 0x3E, 0x00, 0x03, 0x00, 0x7D, 0x02, 0x00, 0x00, 0x7E, 0x02, 0x00, 0x00,
	0x3D, 0x00, 0x04, 0x00, 0x0D, 0x00, 0x00, 0x00, 0x80, 0x02, 0x00, 0x00, 0x68, 0x02, 0x00, 0x00,
	0x3E, 0x00, 0x03, 0x00, 0x7F, 0x02, 0x00, 0x00, 0x80, 0x02, 0x00, 0x00, 0x39, 0x00, 0x07, 0x00,
	0x0D, 0x00, 0x00, 0x00, 0x81, 0x02, 0x00, 0x00, 0x44, 0x00, 0x00, 0x00, 0x7B, 0x02, 0x00, 0x00,
	0x7D, 0x02, 0x00, 0x00, 0x7F, 0x02, 0x00, 0x00, 0x3E, 0x00, 0x03, 0x00, 0x2C, 0x02, 0x00, 0x00,
	0x81, 0x02, 0x00, 0x00, 0xF9, 0x00, 0x02, 0x00, 0x66, 0x02, 0x00, 0x00, 0xF8, 0x00, 0x02, 0x00,
	0x66, 0x02, 0x00, 0x00, 0xF9, 0x00, 0x02, 0x00, 0x59, 0x02, 0x00, 0x00, 0xF8, 0x00, 0x02, 0x00,
	0x59, 0x02, 0x00, 0x00, 0xF9, 0x00, 0x02, 0x00, 0x33, 0x02, 0x00, 0x00, 0xF8, 0x00, 0x02, 0x00,
	0x33, 0x02, 0x00, 0x00, 0x41, 0x00, 0x06, 0x00, 0x52, 0x01, 0x00, 0x00, 0x83, 0x02, 0x00, 0x00,
	0x50, 0x01, 0x00, 0x00, 0x9E, 0x01, 0x00, 0x00, 0x5A, 0x01, 0x00, 0x00, 0x3D, 0x00, 0x04, 0x00,
	0x06, 0x00, 0x00, 0x00, 0x84, 0x02, 0x00, 0x00, 0x83, 0x02, 0x00, 0x00, 0x3E, 0x00, 0x03, 0x00,
	0x82, 0x02, 0x00, 0x00, 0x84, 0x02, 0x00, 0x00, 0x3D, 0x00, 0x04, 0x00, 0x0D, 0x00, 0x00, 0x00,
	0x85, 0x02, 0x00, 0x00, 0x2C, 0x02, 0x00, 0x00, 0x3D, 0x00, 0x04, 0x00, 0x0D, 0x00, 0x00, 0x00,
	0x86, 0x02, 0x00, 0x00, 0x29, 0x02, 0x00, 0x00, 0x3D, 0x00, 0x04, 0x00, 0x06, 0x00, 0x00, 0x00,
	0x87, 0x02, 0x00, 0x00, 0x82, 0x02, 0x00, 0x00, 0x50, 0x00, 0x06, 0x00, 0x0D, 0x00, 0x00, 0x00,
	0x88, 0x02, 0x00, 0x00, 0x87, 0x02, 0x00, 0x00, 0x87, 0x02, 0x00, 0x00, 0x87, 0x02, 0x00, 0x00,
	0x0C, 0x00, 0x08, 0x00, 0x0D, 0x00, 0x00, 0x00, 0x89, 0x02, 0x00, 0x00, 0x01, 0x00, 0x00, 0x00,
	0x2E, 0x00, 0x00, 0x00, 0x85, 0x02, 0x00, 0x00, 0x86, 0x02, 0x00, 0x00, 0x88, 0x02, 0x00, 0x00,
	0x3E, 0x00, 0x03, 0x00, 0x09, 0x02, 0x00, 0x00, 0x89, 0x02, 0x00, 0x00, 0x3D, 0x00, 0x04, 0x00,
	0x0D, 0x00, 0x00, 0x00, 0x8A, 0x02, 0x00, 0x00, 0x2E, 0x02, 0x00, 0x00, 0x3D, 0x00, 0x04, 0x00,
	0x0D, 0x00, 0x00, 0x00, 0x8B, 0x02, 0x00, 0x00, 0x29, 0x02, 0x00, 0x00, 0x3D, 0x00, 0x04, 0x00,
	0x0D, 0x00, 0x00, 0x00, 0x8C, 0x02, 0x00, 0x00, 0x09, 0x02, 0x00, 0x00, 0x83, 0x00, 0x05, 0x00,
	0x0D, 0x00, 0x00, 0x00, 0x8D, 0x02, 0x00, 0x00, 0x8B, 0x02, 0x00, 0x00, 0x8C, 0x02, 0x00, 0x00,
	0x3D, 0x00, 0x04, 0x00, 0x0D, 0x00, 0x00, 0x00, 0x8E, 0x02, 0x00, 0x00, 0x29, 0x02, 0x00, 0x00,
	0x3D, 0x00, 0x04, 0x00, 0x0D, 0x00, 0x00, 0x00, 0x8F, 0x02, 0x00, 0x00, 0x09, 0x02, 0x00, 0x00,
	0x83, 0x00, 0x05, 0x00, 0x0D, 0x00, 0x00, 0x00, 0x90, 0x02, 0x00, 0x00, 0x8E, 0x02, 0x00, 0x00,
	0x8F, 0x02, 0x00, 0x00, 0x85, 0x00, 0x05, 0x00, 0x0D, 0x00, 0x00, 0x00, 0x91, 0x02, 0x00, 0x00,
	0x8D, 0x02, 0x00, 0x00, 0x90, 0x02, 0x00, 0x00, 0x0C, 0x00, 0x08, 0x00, 0x0D, 0x00, 0x00, 0x00,
	0x93, 0x02, 0x00, 0x00, 0x01, 0x00, 0x00, 0x00, 0x2E, 0x00, 0x00, 0x00, 0x8A, 0x02, 0x00, 0x00,
	0x91, 0x02, 0x00, 0x00, 0x92, 0x02, 0x00, 0x00, 0x3E, 0x00, 0x03, 0x00, 0x2E, 0x02, 0x00, 0x00,
	0x93, 0x02, 0x00, 0x00, 0x3D, 0x00, 0x04, 0x00, 0x0D, 0x00, 0x00, 0x00, 0x94, 0x02, 0x00, 0x00,
	0x09, 0x02, 0x00, 0x00, 0x3E, 0x00, 0x03, 0x00, 0x1F, 0x02, 0x00, 0x00, 0x94, 0x02, 0x00, 0x00,
	0x3D, 0x00, 0x04, 0x00, 0x0D, 0x00, 0x00, 0x00, 0x95, 0x02, 0x00, 0x00, 0x2E, 0x02, 0x00, 0x00,
	0x3E, 0x00, 0x03, 0x00, 0x25, 0x02, 0x00, 0x00, 0x95, 0x02, 0x00, 0x00, 0xF9, 0x00, 0x02, 0x00,
	0xA3, 0x01, 0x00, 0x00, 0xF8, 0x00, 0x02, 0x00, 0xA3, 0x01, 0x00, 0x00, 0x3D, 0x00, 0x04, 0x00,
	0x87, 0x01, 0x00, 0x00, 0x96, 0x02, 0x00, 0x00, 0x89, 0x01, 0x00, 0x00, 0x3D, 0x00, 0x04, 0x00,
	0x44, 0x01, 0x00, 0x00, 0x97, 0x02, 0x00, 0x00, 0x46, 0x01, 0x00, 0x00, 0x7C, 0x00, 0x04, 0x00,
	0x8C, 0x01, 0x00, 0x00, 0x98, 0x02, 0x00, 0x00, 0x97, 0x02, 0x00, 0x00, 0x3D, 0x00, 0x04, 0x00,
	0x0D, 0x00, 0x00, 0x00, 0x99, 0x02, 0x00, 0x00, 0x09, 0x02, 0x00, 0x00, 0x41, 0x00, 0x05, 0x00,
	0x0C, 0x00, 0x00, 0x00, 0x9A, 0x02, 0x00, 0x00, 0x9A, 0x01, 0x00, 0x00, 0x5C, 0x00, 0x00, 0x00,
	0x3D, 0x00, 0x04, 0x00, 0x06, 0x00, 0x00, 0x00, 0x9B, 0x02, 0x00, 0x00, 0x9A, 0x02, 0x00, 0x00,
	0x51, 0x00, 0x05, 0x00, 0x06, 0x00, 0x00, 0x00, 0x9C, 0x02, 0x00, 0x00, 0x99, 0x02, 0x00, 0x00,
	0x00, 0x00, 0x00, 0x00, 0x51, 0x00, 0x05, 0x00, 0x06, 0x00, 0x00, 0x00, 0x9D, 0x02, 0x00, 0x00,
	0x99, 0x02, 0x00, 0x00, 0x01, 0x00, 0x00, 0x00, 0x51, 0x00, 0x05, 0x00, 0x06, 0x00, 0x00, 0x00,
	0x9E, 0x02, 0x00, 0x00, 0x99, 0x02, 0x00, 0x00, 0x02, 0x00, 0x00, 0x00, 0x50, 0x00, 0x07, 0x00,
	0x07, 0x00, 0x00, 0x00, 0x9F, 0x02, 0x00, 0x00, 0x9C, 0x02, 0x00, 0x00, 0x9D, 0x02, 0x00, 0x00,
	0x9E, 0x02, 0x00, 0x00, 0x9B, 0x02, 0x00, 0x00, 0x63, 0x00, 0x04, 0x00, 0x96, 0x02, 0x00, 0x00,
	0x98, 0x02, 0x00, 0x00, 0x9F, 0x02, 0x00, 0x00, 0x3D, 0x00, 0x04, 0x00, 0x87, 0x01, 0x00, 0x00,
	0xA0, 0x02, 0x00, 0x00, 0x8F, 0x01, 0x00, 0x00, 0x3D, 0x00, 0x04, 0x00, 0x44, 0x01, 0x00, 0x00,
	0xA1, 0x02, 0x00, 0x00, 0x46, 0x01, 0x00, 0x00, 0x7C, 0x00, 0x04, 0x00, 0x8C, 0x01, 0x00, 0x00,
	0xA2, 0x02, 0x00, 0x00, 0xA1, 0x02, 0x00, 0x00, 0x3D, 0x00, 0x04, 0x00, 0x0D, 0x00, 0x00, 0x00,
	0xA3, 0x02, 0x00, 0x00, 0x1F, 0x02, 0x00, 0x00, 0x41, 0x00, 0x05, 0x00, 0x0C, 0x00, 0x00, 0x00,
	0xA4, 0x02, 0x00, 0x00, 0x9A, 0x01, 0x00, 0x00, 0x5C, 0x00, 0x00, 0x00, 0x3D, 0x00, 0x04, 0x00,
	0x06, 0x00, 0x00, 0x00, 0xA5, 0x02, 0x00, 0x00, 0xA4, 0x02, 0x00, 0x00, 0x51, 0x00, 0x05, 0x00,
	0x06, 0x00, 0x00, 0x00, 0xA6, 0x02, 0x00, 0x00, 0xA3, 0x02, 0x00, 0x00, 0x00, 0x00, 0x00, 0x00,
	0x51, 0x00, 0x05, 0x00, 0x06, 0x00, 0x00, 0x00, 0xA7, 0x02, 0x00, 0x00, 0xA3, 0x02, 0x00, 0x00,
	0x01, 0x00, 0x00, 0x00, 0x51, 0x00, 0x05, 0x00, 0x06, 0x00, 0x00, 0x00, 0xA8, 0x02, 0x00, 0x00,
	0xA3, 0x02, 0x00, 0x00, 0x02, 0x00, 0x00, 0x00, 0x50, 0x00, 0x07, 0x00, 0x07, 0x00, 0x00, 0x00,
	0xA9, 0x02, 0x00, 0x00, 0xA6, 0x02, 0x00, 0x00, 0xA7, 0x02, 0x00, 0x00, 0xA8, 0x02, 0x00, 0x00,
	0xA5, 0x02, 0x00, 0x00, 0x63, 0x00, 0x04, 0x00, 0xA0, 0x02, 0x00, 0x00, 0xA2, 0x02, 0x00, 0x00,
	0xA9, 0x02, 0x00, 0x00, 0x3D, 0x00, 0x04, 0x00, 0x87, 0x01, 0x00, 0x00, 0xAA, 0x02, 0x00, 0x00,
	0x94, 0x01, 0x00, 0x00, 0x3D, 0x00, 0x04, 0x00, 0x44, 0x01, 0x00, 0x00, 0xAB, 0x02, 0x00, 0x00,
	0x46, 0x01, 0x00, 0x00, 0x7C, 0x00, 0x04, 0x00, 0x8C, 0x01, 0x00, 0x00, 0xAC, 0x02, 0x00, 0x00,
	0xAB, 0x02, 0x00, 0x00, 0x3D, 0x00, 0x04, 0x00, 0x0D, 0x00, 0x00, 0x00, 0xAD, 0x02, 0x00, 0x00,
	0x25, 0x02, 0x00, 0x00, 0x51, 0x00, 0x05, 0x00, 0x06, 0x00, 0x00, 0x00, 0xAE, 0x02, 0x00, 0x00,
	0xAD, 0x02, 0x00, 0x00, 0x00, 0x00, 0x00, 0x00, 0x51, 0x00, 0x05, 0x00, 0x06, 0x00, 0x00, 0x00,
	0xAF, 0x02, 0x00, 0x00, 0xAD, 0x02, 0x00, 0x00, 0x01, 0x00, 0x00, 0x00, 0x51, 0x00, 0x05, 0x00,
	0x06, 0x00, 0x00, 0x00, 0xB0, 0x02, 0x00, 0x00, 0xAD, 0x02, 0x00, 0x00, 0x02, 0x00, 0x00, 0x00,
	0x50, 0x00, 0x07, 0x00, 0x07, 0x00, 0x00, 0x00, 0xB1, 0x02, 0x00, 0x00, 0xAE, 0x02, 0x00, 0x00,
	0xAF, 0x02, 0x00, 0x00, 0xB0, 0x02, 0x00, 0x00, 0x51, 0x00, 0x00, 0x00, 0x63, 0x00, 0x04, 0x00,
	0xAA, 0x02, 0x00, 0x00, 0xAC, 0x02, 0x00, 0x00, 0xB1, 0x02, 0x00, 0x00, 0xFD, 0x00, 0x01, 0x00,
	0x38, 0x00, 0x01, 0x00, 0x36, 0x00, 0x05, 0x00, 0x0D, 0x00, 0x00, 0x00, 0x12, 0x00, 0x00, 0x00,
	0x00, 0x00, 0x00, 0x00, 0x0E, 0x00, 0x00, 0x00, 0x37, 0x00, 0x03, 0x00, 0x09, 0x00, 0x00, 0x00,
	0x0F, 0x00, 0x00, 0x00, 0x37, 0x00, 0x03, 0x00, 0x0B, 0x00, 0x00, 0x00, 0x10, 0x00, 0x00, 0x00,
	0x37, 0x00, 0x03, 0x00, 0x0C, 0x00, 0x00, 0x00, 0x11, 0x00, 0x00, 0x00, 0xF8, 0x00, 0x02, 0x00,
	0x13, 0x00, 0x00, 0x00, 0x3B, 0x00, 0x04, 0x00, 0x4C, 0x00, 0x00, 0x00, 0x4D, 0x00, 0x00, 0x00,
	0x07, 0x00, 0x00, 0x00, 0x3B, 0x00, 0x04, 0x00, 0x4C, 0x00, 0x00, 0x00, 0x58, 0x00, 0x00, 0x00,
	0x07, 0x00, 0x00, 0x00, 0x3D, 0x00, 0x04, 0x00, 0x0A, 0x00, 0x00, 0x00, 0x4E, 0x00, 0x00, 0x00,
	0x10, 0x00, 0x00, 0x00, 0x8E, 0x00, 0x05, 0x00, 0x0A, 0x00, 0x00, 0x00, 0x50, 0x00, 0x00, 0x00,
	0x4E, 0x00, 0x00, 0x00, 0x4F, 0x00, 0x00, 0x00, 0x50, 0x00, 0x05, 0x00, 0x0A, 0x00, 0x00, 0x00,
	0x52, 0x00, 0x00, 0x00, 0x51, 0x00, 0x00, 0x00, 0x51, 0x00, 0x00, 0x00, 0x83, 0x00, 0x05, 0x00,
	0x0A, 0x00, 0x00, 0x00, 0x53, 0x00, 0x00, 0x00, 0x50, 0x00, 0x00, 0x00, 0x52, 0x00, 0x00, 0x00,
	0x3D, 0x00, 0x04, 0x00, 0x06, 0x00, 0x00, 0x00, 0x54, 0x00, 0x00, 0x00, 0x11, 0x00, 0x00, 0x00,
	0x51, 0x00, 0x05, 0x00, 0x06, 0x00, 0x00, 0x00, 0x55, 0x00, 0x00, 0x00, 0x53, 0x00, 0x00, 0x00,
	0x00, 0x00, 0x00, 0x00, 0x51, 0x00, 0x05, 0x00, 0x06, 0x00, 0x00, 0x00, 0x56, 0x00, 0x00, 0x00,
	0x53, 0x00, 0x00, 0x00, 0x01, 0x00, 0x00, 0x00, 0x50, 0x00, 0x07, 0x00, 0x07, 0x00, 0x00, 0x00,
	0x57, 0x00, 0x00, 0x00, 0x55, 0x00, 0x00, 0x00, 0x56, 0x00, 0x00, 0x00, 0x54, 0x00, 0x00, 0x00,
	0x51, 0x00, 0x00, 0x00, 0x3E, 0x00, 0x03, 0x00, 0x4D, 0x00, 0x00, 0x00, 0x57, 0x00, 0x00, 0x00,
	0x3D, 0x00, 0x04, 0x00, 0x08, 0x00, 0x00, 0x00, 0x59, 0x00, 0x00, 0x00, 0x0F, 0x00, 0x00, 0x00,
	0x3D, 0x00, 0x04, 0x00, 0x07, 0x00, 0x00, 0x00, 0x5A, 0x00, 0x00, 0x00, 0x4D, 0x00, 0x00, 0x00,
	0x91, 0x00, 0x05, 0x00, 0x07, 0x00, 0x00, 0x00, 0x5B, 0x00, 0x00, 0x00, 0x59, 0x00, 0x00, 0x00,
	0x5A, 0x00, 0x00, 0x00, 0x3E, 0x00, 0x03, 0x00, 0x58, 0x00, 0x00, 0x00, 0x5B, 0x00, 0x00, 0x00,
	0x41, 0x00, 0x05, 0x00, 0x0C, 0x00, 0x00, 0x00, 0x5D, 0x00, 0x00, 0x00, 0x58, 0x00, 0x00, 0x00,
	0x5C, 0x00, 0x00, 0x00, 0x3D, 0x00, 0x04, 0x00, 0x06, 0x00, 0x00, 0x00, 0x5E, 0x00, 0x00, 0x00,
	0x5D, 0x00, 0x00, 0x00, 0x0C, 0x00, 0x06, 0x00, 0x06, 0x00, 0x00, 0x00, 0x5F, 0x00, 0x00, 0x00,
	0x01, 0x00, 0x00, 0x00, 0x04, 0x00, 0x00, 0x00, 0x5E, 0x00, 0x00, 0x00, 0x0C, 0x00, 0x07, 0x00,
	0x06, 0x00, 0x00, 0x00, 0x61, 0x00, 0x00, 0x00, 0x01, 0x00, 0x00, 0x00, 0x28, 0x00, 0x00, 0x00,
	0x5F, 0x00, 0x00, 0x00, 0x60, 0x00, 0x00, 0x00, 0x3D, 0x00, 0x04, 0x00, 0x07, 0x00, 0x00, 0x00,
	0x62, 0x00, 0x00, 0x00, 0x58, 0x00, 0x00, 0x00, 0x50, 0x00, 0x07, 0x00, 0x07, 0x00, 0x00, 0x00,
	0x63, 0x00, 0x00, 0x00, 0x61, 0x00, 0x00, 0x00, 0x61, 0x00, 0x00, 0x00, 0x61, 0x00, 0x00, 0x00,
	0x61, 0x00, 0x00, 0x00, 0x88, 0x00, 0x05, 0x00, 0x07, 0x00, 0x00, 0x00, 0x64, 0x00, 0x00, 0x00,
	0x62, 0x00, 0x00, 0x00, 0x63, 0x00, 0x00, 0x00, 0x3E, 0x00, 0x03, 0x00, 0x58, 0x00, 0x00, 0x00,
	0x64, 0x00, 0x00, 0x00, 0x3D, 0x00, 0x04, 0x00, 0x07, 0x00, 0x00, 0x00, 0x65, 0x00, 0x00, 0x00,
	0x58, 0x00, 0x00, 0x00, 0x4F, 0x00, 0x08, 0x00, 0x0D, 0x00, 0x00, 0x00, 0x66, 0x00, 0x00, 0x00,
	0x65, 0x00, 0x00, 0x00, 0x65, 0x00, 0x00, 0x00, 0x00, 0x00, 0x00, 0x00, 0x01, 0x00, 0x00, 0x00,
	0x02, 0x00, 0x00, 0x00, 0xFE, 0x00, 0x02, 0x00, 0x66, 0x00, 0x00, 0x00, 0x38, 0x00, 0x01, 0x00,
	0x36, 0x00, 0x05, 0x00, 0x0A, 0x00, 0x00, 0x00, 0x19, 0x00, 0x00, 0x00, 0x00, 0x00, 0x00, 0x00,
	0x14, 0x00, 0x00, 0x00, 0x37, 0x00, 0x03, 0x00, 0x09, 0x00, 0x00, 0x00, 0x15, 0x00, 0x00, 0x00,
	0x37, 0x00, 0x03, 0x00, 0x09, 0x00, 0x00, 0x00, 0x16, 0x00, 0x00, 0x00, 0x37, 0x00, 0x03, 0x00,
	0x0B, 0x00, 0x00, 0x00, 0x17, 0x00, 0x00, 0x00, 0x37, 0x00, 0x03, 0x00, 0x0C, 0x00, 0x00, 0x00,
	0x18, 0x00, 0x00, 0x00, 0xF8, 0x00, 0x02, 0x00, 0x1A, 0x00, 0x00, 0x00, 0x3B, 0x00, 0x04, 0x00,
	0x29, 0x00, 0x00, 0x00, 0x69, 0x00, 0x00, 0x00, 0x07, 0x00, 0x00, 0x00, 0x3B, 0x00, 0x04, 0x00,
	0x09, 0x00, 0x00, 0x00, 0x6A, 0x00, 0x00, 0x00, 0x07, 0x00, 0x00, 0x00, 0x3B, 0x00, 0x04, 0x00,
	0x0B, 0x00, 0x00, 0x00, 0x6C, 0x00, 0x00, 0x00, 0x07, 0x00, 0x00, 0x00, 0x3B, 0x00, 0x04, 0x00,
	0x0C, 0x00, 0x00, 0x00, 0x6E, 0x00, 0x00, 0x00, 0x07, 0x00, 0x00, 0x00, 0x3B, 0x00, 0x04, 0x00,
	0x4C, 0x00, 0x00, 0x00, 0x71, 0x00, 0x00, 0x00, 0x07, 0x00, 0x00, 0x00, 0x3D, 0x00, 0x04, 0x00,
	0x08, 0x00, 0x00, 0x00, 0x6B, 0x00, 0x00, 0x00, 0x15, 0x00, 0x00, 0x00, 0x3E, 0x00, 0x03, 0x00,
	0x6A, 0x00, 0x00, 0x00, 0x6B, 0x00, 0x00, 0x00, 0x3D, 0x00, 0x04, 0x00, 0x0A, 0x00, 0x00, 0x00,
	0x6D, 0x00, 0x00, 0x00, 0x17, 0x00, 0x00, 0x00, 0x3E, 0x00, 0x03, 0x00, 0x6C, 0x00, 0x00, 0x00,
	0x6D, 0x00, 0x00, 0x00, 0x3D, 0x00, 0x04, 0x00, 0x06, 0x00, 0x00, 0x00, 0x6F, 0x00, 0x00, 0x00,
	0x18, 0x00, 0x00, 0x00, 0x3E, 0x00, 0x03, 0x00, 0x6E, 0x00, 0x00, 0x00, 0x6F, 0x00, 0x00, 0x00,
	0x39, 0x00, 0x07, 0x00, 0x0D, 0x00, 0x00, 0x00, 0x70, 0x00, 0x00, 0x00, 0x12, 0x00, 0x00, 0x00,
	0x6A, 0x00, 0x00, 0x00, 0x6C, 0x00, 0x00, 0x00, 0x6E, 0x00, 0x00, 0x00, 0x3E, 0x00, 0x03, 0x00,
	0x69, 0x00, 0x00, 0x00, 0x70, 0x00, 0x00, 0x00, 0x3D, 0x00, 0x04, 0x00, 0x08, 0x00, 0x00, 0x00,
	0x72, 0x00, 0x00, 0x00, 0x16, 0x00, 0x00, 0x00, 0x3D, 0x00, 0x04, 0x00, 0x0D, 0x00, 0x00, 0x00,
	0x73, 0x00, 0x00, 0x00, 0x69, 0x00, 0x00, 0x00, 0x51, 0x00, 0x05, 0x00, 0x06, 0x00, 0x00, 0x00,
	0x74, 0x00, 0x00, 0x00, 0x73, 0x00, 0x00, 0x00, 0x00, 0x00, 0x00, 0x00, 0x51, 0x00, 0x05, 0x00,
	0x06, 0x00, 0x00, 0x00, 0x75, 0x00, 0x00, 0x00, 0x73, 0x00, 0x00, 0x00, 0x01, 0x00, 0x00, 0x00,
	0x51, 0x00, 0x05, 0x00, 0x06, 0x00, 0x00, 0x00, 0x76, 0x00, 0x00, 0x00, 0x73, 0x00, 0x00, 0x00,
	0x02, 0x00, 0x00, 0x00, 0x50, 0x00, 0x07, 0x00, 0x07, 0x00, 0x00, 0x00, 0x77, 0x00, 0x00, 0x00,
	0x74, 0x00, 0x00, 0x00, 0x75, 0x00, 0x00, 0x00, 0x76, 0x00, 0x00, 0x00, 0x51, 0x00, 0x00, 0x00,
	0x91, 0x00, 0x05, 0x00, 0x07, 0x00, 0x00, 0x00, 0x78, 0x00, 0x00, 0x00, 0x72, 0x00, 0x00, 0x00,
	0x77, 0x00, 0x00, 0x00, 0x3E, 0x00, 0x03, 0x00, 0x71, 0x00, 0x00, 0x00, 0x78, 0x00, 0x00, 0x00,
	0x3D, 0x00, 0x04, 0x00, 0x07, 0x00, 0x00, 0x00, 0x79, 0x00, 0x00, 0x00, 0x71, 0x00, 0x00, 0x00,
	0x4F, 0x00, 0x07, 0x00, 0x0A, 0x00, 0x00, 0x00, 0x7A, 0x00, 0x00, 0x00, 0x79, 0x00, 0x00, 0x00,
	0x79, 0x00, 0x00, 0x00, 0x00, 0x00, 0x00, 0x00, 0x01, 0x00, 0x00, 0x00, 0x41, 0x00, 0x05, 0x00,
	0x0C, 0x00, 0x00, 0x00, 0x7B, 0x00, 0x00, 0x00, 0x71, 0x00, 0x00, 0x00, 0x5C, 0x00, 0x00, 0x00,
	0x3D, 0x00, 0x04, 0x00, 0x06, 0x00, 0x00, 0x00, 0x7C, 0x00, 0x00, 0x00, 0x7B, 0x00, 0x00, 0x00,
	0x0C, 0x00, 0x07, 0x00, 0x06, 0x00, 0x00, 0x00, 0x7D, 0x00, 0x00, 0x00, 0x01, 0x00, 0x00, 0x00,
	0x28, 0x00, 0x00, 0x00, 0x7C, 0x00, 0x00, 0x00, 0x60, 0x00, 0x00, 0x00, 0x50, 0x00, 0x05, 0x00,
	0x0A, 0x00, 0x00, 0x00, 0x7E, 0x00, 0x00, 0x00, 0x7D, 0x00, 0x00, 0x00, 0x7D, 0x00, 0x00, 0x00,
	0x88, 0x00, 0x05, 0x00, 0x0A, 0x00, 0x00, 0x00, 0x7F, 0x00, 0x00, 0x00, 0x7A, 0x00, 0x00, 0x00,
	0x7E, 0x00, 0x00, 0x00, 0x8E, 0x00, 0x05, 0x00, 0x0A, 0x00, 0x00, 0x00, 0x81, 0x00, 0x00, 0x00,
	0x7F, 0x00, 0x00, 0x00, 0x80, 0x00, 0x00, 0x00, 0x50, 0x00, 0x05, 0x00, 0x0A, 0x00, 0x00, 0x00,
	0x82, 0x00, 0x00, 0x00, 0x80, 0x00, 0x00, 0x00, 0x80, 0x00, 0x00, 0x00, 0x81, 0x00, 0x05, 0x00,
	0x0A, 0x00, 0x00, 0x00, 0x83, 0x00, 0x00, 0x00, 0x81, 0x00, 0x00, 0x00, 0x82, 0x00, 0x00, 0x00,
	0xFE, 0x00, 0x02, 0x00, 0x83, 0x00, 0x00, 0x00, 0x38, 0x00, 0x01, 0x00, 0x36, 0x00, 0x05, 0x00,
	0x0A, 0x00, 0x00, 0x00, 0x27, 0x00, 0x00, 0x00, 0x00, 0x00, 0x00, 0x00, 0x20, 0x00, 0x00, 0x00,
	0x37, 0x00, 0x03, 0x00, 0x09, 0x00, 0x00, 0x00, 0x21, 0x00, 0x00, 0x00, 0x37, 0x00, 0x03, 0x00,
	0x09, 0x00, 0x00, 0x00, 0x22, 0x00, 0x00, 0x00, 0x37, 0x00, 0x03, 0x00, 0x0B, 0x00, 0x00, 0x00,
	0x23, 0x00, 0x00, 0x00, 0x37, 0x00, 0x03, 0x00, 0x0C, 0x00, 0x00, 0x00, 0x24, 0x00, 0x00, 0x00,
	0x37, 0x00, 0x03, 0x00, 0x1D, 0x00, 0x00, 0x00, 0x25, 0x00, 0x00, 0x00, 0x37, 0x00, 0x03, 0x00,
	0x1F, 0x00, 0x00, 0x00, 0x26, 0x00, 0x00, 0x00, 0xF8, 0x00, 0x02, 0x00, 0x28, 0x00, 0x00, 0x00,
	0x3B, 0x00, 0x04, 0x00, 0x0B, 0x00, 0x00, 0x00, 0x8C, 0x00, 0x00, 0x00, 0x07, 0x00, 0x00, 0x00,
	0x3B, 0x00, 0x04, 0x00, 0x09, 0x00, 0x00, 0x00, 0x96, 0x00, 0x00, 0x00, 0x07, 0x00, 0x00, 0x00,
	0x3B, 0x00, 0x04, 0x00, 0x09, 0x00, 0x00, 0x00, 0x98, 0x00, 0x00, 0x00, 0x07, 0x00, 0x00, 0x00,
	0x3B, 0x00, 0x04, 0x00, 0x0B, 0x00, 0x00, 0x00, 0x9A, 0x00, 0x00, 0x00, 0x07, 0x00, 0x00, 0x00,
	0x3B, 0x00, 0x04, 0x00, 0x0C, 0x00, 0x00, 0x00, 0x9C, 0x00, 0x00, 0x00, 0x07, 0x00, 0x00, 0x00,
	0x3D, 0x00, 0x04, 0x00, 0x1E, 0x00, 0x00, 0x00, 0x86, 0x00, 0x00, 0x00, 0x26, 0x00, 0x00, 0x00,
	0xAB, 0x00, 0x05, 0x00, 0x88, 0x00, 0x00, 0x00, 0x89, 0x00, 0x00, 0x00, 0x86, 0x00, 0x00, 0x00,
	0x87, 0x00, 0x00, 0x00, 0xF7, 0x00, 0x03, 0x00, 0x8B, 0x00, 0x00, 0x00, 0x00, 0x00, 0x00, 0x00,
	0xFA, 0x00, 0x04, 0x00, 0x89, 0x00, 0x00, 0x00, 0x8A, 0x00, 0x00, 0x00, 0x8B, 0x00, 0x00, 0x00,
	0xF8, 0x00, 0x02, 0x00, 0x8A, 0x00, 0x00, 0x00, 0x3D, 0x00, 0x04, 0x00, 0x1C, 0x00, 0x00, 0x00,
	0x8D, 0x00, 0x00, 0x00, 0x25, 0x00, 0x00, 0x00, 0x3D, 0x00, 0x04, 0x00, 0x0A, 0x00, 0x00, 0x00,
	0x8E, 0x00, 0x00, 0x00, 0x23, 0x00, 0x00, 0x00, 0x58, 0x00, 0x07, 0x00, 0x07, 0x00, 0x00, 0x00,
	0x90, 0x00, 0x00, 0x00, 0x8D, 0x00, 0x00, 0x00, 0x8E, 0x00, 0x00, 0x00, 0x02, 0x00, 0x00, 0x00,
	0x8F, 0x00, 0x00, 0x00, 0x4F, 0x00, 0x07, 0x00, 0x0A, 0x00, 0x00, 0x00, 0x91, 0x00, 0x00, 0x00,
	0x90, 0x00, 0x00, 0x00, 0x90, 0x00, 0x00, 0x00, 0x00, 0x00, 0x00, 0x00, 0x01, 0x00, 0x00, 0x00,
	0x3E, 0x00, 0x03, 0x00, 0x8C, 0x00, 0x00, 0x00, 0x91, 0x00, 0x00, 0x00, 0x3D, 0x00, 0x04, 0x00,
	0x0A, 0x00, 0x00, 0x00, 0x92, 0x00, 0x00, 0x00, 0x23, 0x00, 0x00, 0x00, 0x3D, 0x00, 0x04, 0x00,
	0x0A, 0x00, 0x00, 0x00, 0x93, 0x00, 0x00, 0x00, 0x8C, 0x00, 0x00, 0x00, 0x83, 0x00, 0x05, 0x00,
	0x0A, 0x00, 0x00, 0x00, 0x94, 0x00, 0x00, 0x00, 0x92, 0x00, 0x00, 0x00, 0x93, 0x00, 0x00, 0x00,
	0xFE, 0x00, 0x02, 0x00, 0x94, 0x00, 0x00, 0x00, 0xF8, 0x00, 0x02, 0x00, 0x8B, 0x00, 0x00, 0x00,
	0x3D, 0x00, 0x04, 0x00, 0x08, 0x00, 0x00, 0x00, 0x97, 0x00, 0x00, 0x00, 0x21, 0x00, 0x00, 0x00,
	0x3E, 0x00, 0x03, 0x00, 0x96, 0x00, 0x00, 0x00, 0x97, 0x00, 0x00, 0x00, 0x3D, 0x00, 0x04, 0x00,
	0x08, 0x00, 0x00, 0x00, 0x99, 0x00, 0x00, 0x00, 0x22, 0x00, 0x00, 0x00, 0x3E, 0x00, 0x03, 0x00,
	0x98, 0x00, 0x00, 0x00, 0x99, 0x00, 0x00, 0x00, 0x3D, 0x00, 0x04, 0x00, 0x0A, 0x00, 0x00, 0x00,
	0x9B, 0x00, 0x00, 0x00, 0x23, 0x00, 0x00, 0x00, 0x3E, 0x00, 0x03, 0x00, 0x9A, 0x00, 0x00, 0x00,
	0x9B, 0x00, 0x00, 0x00, 0x3D, 0x00, 0x04, 0x00, 0x06, 0x00, 0x00, 0x00, 0x9D, 0x00, 0x00, 0x00,
	0x24, 0x00, 0x00, 0x00, 0x3E, 0x00, 0x03, 0x00, 0x9C, 0x00, 0x00, 0x00, 0x9D, 0x00, 0x00, 0x00,
	0x39, 0x00, 0x08, 0x00, 0x0A, 0x00, 0x00, 0x00, 0x9E, 0x00, 0x00, 0x00, 0x19, 0x00, 0x00, 0x00,
	0x96, 0x00, 0x00, 0x00, 0x98, 0x00, 0x00, 0x00, 0x9A, 0x00, 0x00, 0x00, 0x9C, 0x00, 0x00, 0x00,
	0xFE, 0x00, 0x02, 0x00, 0x9E, 0x00, 0x00, 0x00, 0x38, 0x00, 0x01, 0x00, 0x36, 0x00, 0x05, 0x00,
	0x02, 0x00, 0x00, 0x00, 0x33, 0x00, 0x00, 0x00, 0x00, 0x00, 0x00, 0x00, 0x2A, 0x00, 0x00, 0x00,
	0x37, 0x00, 0x03, 0x00, 0x1D, 0x00, 0x00, 0x00, 0x2B, 0x00, 0x00, 0x00, 0x37, 0x00, 0x03, 0x00,
	0x0B, 0x00, 0x00, 0x00, 0x2C, 0x00, 0x00, 0x00, 0x37, 0x00, 0x03, 0x00, 0x0B, 0x00, 0x00, 0x00,
	0x2D, 0x00, 0x00, 0x00, 0x37, 0x00, 0x03, 0x00, 0x0C, 0x00, 0x00, 0x00, 0x2E, 0x00, 0x00, 0x00,
	0x37, 0x00, 0x03, 0x00, 0x29, 0x00, 0x00, 0x00, 0x2F, 0x00, 0x00, 0x00, 0x37, 0x00, 0x03, 0x00,
	0x29, 0x00, 0x00, 0x00, 0x30, 0x00, 0x00, 0x00, 0x37, 0x00, 0x03, 0x00, 0x29, 0x00, 0x00, 0x00,
	0x31, 0x00, 0x00, 0x00, 0x37, 0x00, 0x03, 0x00, 0x29, 0x00, 0x00, 0x00, 0x32, 0x00, 0x00, 0x00,
	0xF8, 0x00, 0x02, 0x00, 0x34, 0x00, 0x00, 0x00, 0x3B, 0x00, 0x04, 0x00, 0x29, 0x00, 0x00, 0x00,
	0xA1, 0x00, 0x00, 0x00, 0x07, 0x00, 0x00, 0x00, 0x3B, 0x00, 0x04, 0x00, 0x29, 0x00, 0x00, 0x00,
	0xA3, 0x00, 0x00, 0x00, 0x07, 0x00, 0x00, 0x00, 0x3B, 0x00, 0x04, 0x00, 0xA9, 0x00, 0x00, 0x00,
	0xAA, 0x00, 0x00, 0x00, 0x07, 0x00, 0x00, 0x00, 0x3B, 0x00, 0x04, 0x00, 0xA9, 0x00, 0x00, 0x00,
	0xB4, 0x00, 0x00, 0x00, 0x07, 0x00, 0x00, 0x00, 0x3B, 0x00, 0x04, 0x00, 0x29, 0x00, 0x00, 0x00,
	0xBC, 0x00, 0x00, 0x00, 0x07, 0x00, 0x00, 0x00, 0x3B, 0x00, 0x04, 0x00, 0x29, 0x00, 0x00, 0x00,
	0xE5, 0x00, 0x00, 0x00, 0x07, 0x00, 0x00, 0x00, 0x3E, 0x00, 0x03, 0x00, 0xA1, 0x00, 0x00, 0x00,
	0xA2, 0x00, 0x00, 0x00, 0x3E, 0x00, 0x03, 0x00, 0xA3, 0x00, 0x00, 0x00, 0xA2, 0x00, 0x00, 0x00,
	0x3E, 0x00, 0x03, 0x00, 0x2F, 0x00, 0x00, 0x00, 0xA5, 0x00, 0x00, 0x00, 0x3E, 0x00, 0x03, 0x00,
	0x30, 0x00, 0x00, 0x00, 0xA7, 0x00, 0x00, 0x00, 0x3E, 0x00, 0x03, 0x00, 0xAA, 0x00, 0x00, 0x00,
	0xAB, 0x00, 0x00, 0x00, 0xF9, 0x00, 0x02, 0x00, 0xAC, 0x00, 0x00, 0x00, 0xF8, 0x00, 0x02, 0x00,
	0xAC, 0x00, 0x00, 0x00, 0xF6, 0x00, 0x04, 0x00, 0xAE, 0x00, 0x00, 0x00, 0xAF, 0x00, 0x00, 0x00,
	0x00, 0x00, 0x00, 0x00, 0xF9, 0x00, 0x02, 0x00, 0xB0, 0x00, 0x00, 0x00, 0xF8, 0x00, 0x02, 0x00,
	0xB0, 0x00, 0x00, 0x00, 0x3D, 0x00, 0x04, 0x00, 0xA8, 0x00, 0x00, 0x00, 0xB1, 0x00, 0x00, 0x00,
	0xAA, 0x00, 0x00, 0x00, 0xB3, 0x00, 0x05, 0x00, 0x88, 0x00, 0x00, 0x00, 0xB3, 0x00, 0x00, 0x00,
	0xB1, 0x00, 0x00, 0x00, 0xB2, 0x00, 0x00, 0x00, 0xFA, 0x00, 0x04, 0x00, 0xB3, 0x00, 0x00, 0x00,
	0xAD, 0x00, 0x00, 0x00, 0xAE, 0x00, 0x00, 0x00, 0xF8, 0x00, 0x02, 0x00, 0xAD, 0x00, 0x00, 0x00,
	0x3E, 0x00, 0x03, 0x00, 0xB4, 0x00, 0x00, 0x00, 0xAB, 0x00, 0x00, 0x00, 0xF9, 0x00, 0x02, 0x00,
	0xB5, 0x00, 0x00, 0x00, 0xF8, 0x00, 0x02, 0x00, 0xB5, 0x00, 0x00, 0x00, 0xF6, 0x00, 0x04, 0x00,
	0xB7, 0x00, 0x00, 0x00, 0xB8, 0x00, 0x00, 0x00, 0x00, 0x00, 0x00, 0x00, 0xF9, 0x00, 0x02, 0x00,
	0xB9, 0x00, 0x00, 0x00, 0xF8, 0x00, 0x02, 0x00, 0xB9, 0x00, 0x00, 0x00, 0x3D, 0x00, 0x04, 0x00,
	0xA8, 0x00, 0x00, 0x00, 0xBA, 0x00, 0x00, 0x00, 0xB4, 0x00, 0x00, 0x00, 0xB3, 0x00, 0x05, 0x00,
	0x88, 0x00, 0x00, 0x00, 0xBB, 0x00, 0x00, 0x00, 0xBA, 0x00, 0x00, 0x00, 0xB2, 0x00, 0x00, 0x00,
	0xFA, 0x00, 0x04, 0x00, 0xBB, 0x00, 0x00, 0x00, 0xB6, 0x00, 0x00, 0x00, 0xB7, 0x00, 0x00, 0x00,
	0xF8, 0x00, 0x02, 0x00, 0xB6, 0x00, 0x00, 0x00, 0x3D, 0x00, 0x04, 0x00, 0x1C, 0x00, 0x00, 0x00,
	0xBD, 0x00, 0x00, 0x00, 0x2B, 0x00, 0x00, 0x00, 0x3D, 0x00, 0x04, 0x00, 0x0A, 0x00, 0x00, 0x00,
	0xBE, 0x00, 0x00, 0x00, 0x2C, 0x00, 0x00, 0x00, 0x3D, 0x00, 0x04, 0x00, 0xA8, 0x00, 0x00, 0x00,
	0xBF, 0x00, 0x00, 0x00, 0xB4, 0x00, 0x00, 0x00, 0x6F, 0x00, 0x04, 0x00, 0x06, 0x00, 0x00, 0x00,
	0xC0, 0x00, 0x00, 0x00, 0xBF, 0x00, 0x00, 0x00, 0x3D, 0x00, 0x04, 0x00, 0xA8, 0x00, 0x00, 0x00,
	0xC1, 0x00, 0x00, 0x00, 0xAA, 0x00, 0x00, 0x00, 0x6F, 0x00, 0x04, 0x00, 0x06, 0x00, 0x00, 0x00,
	0xC2, 0x00, 0x00, 0x00, 0xC1, 0x00, 0x00, 0x00, 0x50, 0x00, 0x05, 0x00, 0x0A, 0x00, 0x00, 0x00,
	0xC3, 0x00, 0x00, 0x00, 0xC0, 0x00, 0x00, 0x00, 0xC2, 0x00, 0x00, 0x00, 0x3D, 0x00, 0x04, 0x00,
	0x0A, 0x00, 0x00, 0x00, 0xC4, 0x00, 0x00, 0x00, 0x2D, 0x00, 0x00, 0x00, 0x85, 0x00, 0x05, 0x00,
	0x0A, 0x00, 0x00, 0x00, 0xC5, 0x00, 0x00, 0x00, 0xC3, 0x00, 0x00, 0x00, 0xC4, 0x00, 0x00, 0x00,
	0x81, 0x00, 0x05, 0x00, 0x0A, 0x00, 0x00, 0x00, 0xC6, 0x00, 0x00, 0x00, 0xBE, 0x00, 0x00, 0x00,
	0xC5, 0x00, 0x00, 0x00, 0x58, 0x00, 0x07, 0x00, 0x07, 0x00, 0x00, 0x00, 0xC7, 0x00, 0x00, 0x00,
	0xBD, 0x00, 0x00, 0x00, 0xC6, 0x00, 0x00, 0x00, 0x02, 0x00, 0x00, 0x00, 0x8F, 0x00, 0x00, 0x00,
	0x4F, 0x00, 0x08, 0x00, 0x0D, 0x00, 0x00, 0x00, 0xC8, 0x00, 0x00, 0x00, 0xC7, 0x00, 0x00, 0x00,
	0xC7, 0x00, 0x00, 0x00, 0x00, 0x00, 0x00, 0x00, 0x01, 0x00, 0x00, 0x00, 0x02, 0x00, 0x00, 0x00,
	0x3E, 0x00, 0x03, 0x00, 0xBC, 0x00, 0x00, 0x00, 0xC8, 0x00, 0x00, 0x00, 0x3D, 0x00, 0x04, 0x00,
	0x0D, 0x00, 0x00, 0x00, 0xC9, 0x00, 0x00, 0x00, 0x2F, 0x00, 0x00, 0x00, 0x3D, 0x00, 0x04, 0x00,
	0x0D, 0x00, 0x00, 0x00, 0xCA, 0x00, 0x00, 0x00, 0xBC, 0x00, 0x00, 0x00, 0x0C, 0x00, 0x07, 0x00,
	0x0D, 0x00, 0x00, 0x00, 0xCB, 0x00, 0x00, 0x00, 0x01, 0x00, 0x00, 0x00, 0x25, 0x00, 0x00, 0x00,
	0xC9, 0x00, 0x00, 0x00, 0xCA, 0x00, 0x00, 0x00, 0x3E, 0x00, 0x03, 0x00, 0x2F, 0x00, 0x00, 0x00,
	0xCB, 0x00, 0x00, 0x00, 0x3D, 0x00, 0x04, 0x00, 0x0D, 0x00, 0x00, 0x00, 0xCC, 0x00, 0x00, 0x00,
	0x30, 0x00, 0x00, 0x00, 0x3D, 0x00, 0x04, 0x00, 0x0D, 0x00, 0x00, 0x00, 0xCD, 0x00, 0x00, 0x00,
	0xBC, 0x00, 0x00, 0x00, 0x0C, 0x00, 0x07, 0x00, 0x0D, 0x00, 0x00, 0x00, 0xCE, 0x00, 0x00, 0x00,
	0x01, 0x00, 0x00, 0x00, 0x28, 0x00, 0x00, 0x00, 0xCC, 0x00, 0x00, 0x00, 0xCD, 0x00, 0x00, 0x00,
	0x3E, 0x00, 0x03, 0x00, 0x30, 0x00, 0x00, 0x00, 0xCE, 0x00, 0x00, 0x00, 0x3D, 0x00, 0x04, 0x00,
	0x0D, 0x00, 0x00, 0x00, 0xCF, 0x00, 0x00, 0x00, 0xBC, 0x00, 0x00, 0x00, 0x3D, 0x00, 0x04, 0x00,
	0x0D, 0x00, 0x00, 0x00, 0xD0, 0x00, 0x00, 0x00, 0xA1, 0x00, 0x00, 0x00, 0x81, 0x00, 0x05, 0x00,
	0x0D, 0x00, 0x00, 0x00, 0xD1, 0x00, 0x00, 0x00, 0xD0, 0x00, 0x00, 0x00, 0xCF, 0x00, 0x00, 0x00,
	0x3E, 0x00, 0x03, 0x00, 0xA1, 0x00, 0x00, 0x00, 0xD1, 0x00, 0x00, 0x00, 0x3D, 0x00, 0x04, 0x00,
	0x0D, 0x00, 0x00, 0x00, 0xD2, 0x00, 0x00, 0x00, 0xBC, 0x00, 0x00, 0x00, 0x3D, 0x00, 0x04, 0x00,
	0x0D, 0x00, 0x00, 0x00, 0xD3, 0x00, 0x00, 0x00, 0xBC, 0x00, 0x00, 0x00, 0x85, 0x00, 0x05, 0x00,
	0x0D, 0x00, 0x00, 0x00, 0xD4, 0x00, 0x00, 0x00, 0xD2, 0x00, 0x00, 0x00, 0xD3, 0x00, 0x00, 0x00,
	0x3D, 0x00, 0x04, 0x00, 0x0D, 0x00, 0x00, 0x00, 0xD5, 0x00, 0x00, 0x00, 0xA3, 0x00, 0x00, 0x00,
	0x81, 0x00, 0x05, 0x00, 0x0D, 0x00, 0x00, 0x00, 0xD6, 0x00, 0x00, 0x00, 0xD5, 0x00, 0x00, 0x00,
	0xD4, 0x00, 0x00, 0x00, 0x3E, 0x00, 0x03, 0x00, 0xA3, 0x00, 0x00, 0x00, 0xD6, 0x00, 0x00, 0x00,
	0xF9, 0x00, 0x02, 0x00, 0xB8, 0x00, 0x00, 0x00, 0xF8, 0x00, 0x02, 0x00, 0xB8, 0x00, 0x00, 0x00,
	0x3D, 0x00, 0x04, 0x00, 0xA8, 0x00, 0x00, 0x00, 0xD7, 0x00, 0x00, 0x00, 0xB4, 0x00, 0x00, 0x00,
	0x80, 0x00, 0x05, 0x00, 0xA8, 0x00, 0x00, 0x00, 0xD8, 0x00, 0x00, 0x00, 0xD7, 0x00, 0x00, 0x00,
	0xB2, 0x00, 0x00, 0x00, 0x3E, 0x00, 0x03, 0x00, 0xB4, 0x00, 0x00, 0x00, 0xD8, 0x00, 0x00, 0x00,
	0xF9, 0x00, 0x02, 0x00, 0xB5, 0x00, 0x00, 0x00, 0xF8, 0x00, 0x02, 0x00, 0xB7, 0x00, 0x00, 0x00,
	0xF9, 0x00, 0x02, 0x00, 0xAF, 0x00, 0x00, 0x00, 0xF8, 0x00, 0x02, 0x00, 0xAF, 0x00, 0x00, 0x00,
	0x3D, 0x00, 0x04, 0x00, 0xA8, 0x00, 0x00, 0x00, 0xD9, 0x00, 0x00, 0x00, 0xAA, 0x00, 0x00, 0x00,
	0x80, 0x00, 0x05, 0x00, 0xA8, 0x00, 0x00, 0x00, 0xDA, 0x00, 0x00, 0x00, 0xD9, 0x00, 0x00, 0x00,
	0xB2, 0x00, 0x00, 0x00, 0x3E, 0x00, 0x03, 0x00, 0xAA, 0x00, 0x00, 0x00, 0xDA, 0x00, 0x00, 0x00,
	0xF9, 0x00, 0x02, 0x00, 0xAC, 0x00, 0x00, 0x00, 0xF8, 0x00, 0x02, 0x00, 0xAE, 0x00, 0x00, 0x00,
	0x3D, 0x00, 0x04, 0x00, 0x0D, 0x00, 0x00, 0x00, 0xDB, 0x00, 0x00, 0x00, 0xA1, 0x00, 0x00, 0x00,
	0x8E, 0x00, 0x05, 0x00, 0x0D, 0x00, 0x00, 0x00, 0xDD, 0x00, 0x00, 0x00, 0xDB, 0x00, 0x00, 0x00,
	0xDC, 0x00, 0x00, 0x00, 0x3E, 0x00, 0x03, 0x00, 0x31, 0x00, 0x00, 0x00, 0xDD, 0x00, 0x00, 0x00,
	0x3D, 0x00, 0x04, 0x00, 0x0D, 0x00, 0x00, 0x00, 0xDE, 0x00, 0x00, 0x00, 0xA3, 0x00, 0x00, 0x00,
	0x8E, 0x00, 0x05, 0x00, 0x0D, 0x00, 0x00, 0x00, 0xDF, 0x00, 0x00, 0x00, 0xDE, 0x00, 0x00, 0x00,
	0xDC, 0x00, 0x00, 0x00, 0x3D, 0x00, 0x04, 0x00, 0x0D, 0x00, 0x00, 0x00, 0xE0, 0x00, 0x00, 0x00,
	0x31, 0x00, 0x00, 0x00, 0x3D, 0x00, 0x04, 0x00, 0x0D, 0x00, 0x00, 0x00, 0xE1, 0x00, 0x00, 0x00,
	0x31, 0x00, 0x00, 0x00, 0x85, 0x00, 0x05, 0x00, 0x0D, 0x00, 0x00, 0x00, 0xE2, 0x00, 0x00, 0x00,
	0xE0, 0x00, 0x00, 0x00, 0xE1, 0x00, 0x00, 0x00, 0x83, 0x00, 0x05, 0x00, 0x0D, 0x00, 0x00, 0x00,
	0xE3, 0x00, 0x00, 0x00, 0xDF, 0x00, 0x00, 0x00, 0xE2, 0x00, 0x00, 0x00, 0x0C, 0x00, 0x07, 0x00,
	0x0D, 0x00, 0x00, 0x00, 0xE4, 0x00, 0x00, 0x00, 0x01, 0x00, 0x00, 0x00, 0x28, 0x00, 0x00, 0x00,
	0xE3, 0x00, 0x00, 0x00, 0xA2, 0x00, 0x00, 0x00, 0x3E, 0x00, 0x03, 0x00, 0x32, 0x00, 0x00, 0x00,
	0xE4, 0x00, 0x00, 0x00, 0x3D, 0x00, 0x04, 0x00, 0x0D, 0x00, 0x00, 0x00, 0xE6, 0x00, 0x00, 0x00,
	0x32, 0x00, 0x00, 0x00, 0x0C, 0x00, 0x06, 0x00, 0x0D, 0x00, 0x00, 0x00, 0xE7, 0x00, 0x00, 0x00,
	0x01, 0x00, 0x00, 0x00, 0x1F, 0x00, 0x00, 0x00, 0xE6, 0x00, 0x00, 0x00, 0x3D, 0x00, 0x04, 0x00,
	0x06, 0x00, 0x00, 0x00, 0xE8, 0x00, 0x00, 0x00, 0x2E, 0x00, 0x00, 0x00, 0x8E, 0x00, 0x05, 0x00,
	0x0D, 0x00, 0x00, 0x00, 0xE9, 0x00, 0x00, 0x00, 0xE7, 0x00, 0x00, 0x00, 0xE8, 0x00, 0x00, 0x00,
	0x3E, 0x00, 0x03, 0x00, 0xE5, 0x00, 0x00, 0x00, 0xE9, 0x00, 0x00, 0x00, 0x3D, 0x00, 0x04, 0x00,
	0x0D, 0x00, 0x00, 0x00, 0xEA, 0x00, 0x00, 0x00, 0x31, 0x00, 0x00, 0x00, 0x3D, 0x00, 0x04, 0x00,
	0x0D, 0x00, 0x00, 0x00, 0xEB, 0x00, 0x00, 0x00, 0xE5, 0x00, 0x00, 0x00, 0x83, 0x00, 0x05, 0x00,
	0x0D, 0x00, 0x00, 0x00, 0xEC, 0x00, 0x00, 0x00, 0xEA, 0x00, 0x00, 0x00, 0xEB, 0x00, 0x00, 0x00,
	0x3E, 0x00, 0x03, 0x00, 0x2F, 0x00, 0x00, 0x00, 0xEC, 0x00, 0x00, 0x00, 0x3D, 0x00, 0x04, 0x00,
	0x0D, 0x00, 0x00, 0x00, 0xED, 0x00, 0x00, 0x00, 0x31, 0x00, 0x00, 0x00, 0x3D, 0x00, 0x04, 0x00,
	0x0D, 0x00, 0x00, 0x00, 0xEE, 0x00, 0x00, 0x00, 0xE5, 0x00, 0x00, 0x00, 0x81, 0x00, 0x05, 0x00,
	0x0D, 0x00, 0x00, 0x00, 0xEF, 0x00, 0x00, 0x00, 0xED, 0x00, 0x00, 0x00, 0xEE, 0x00, 0x00, 0x00,
	0x3E, 0x00, 0x03, 0x00, 0x30, 0x00, 0x00, 0x00, 0xEF, 0x00, 0x00, 0x00, 0xFD, 0x00, 0x01, 0x00,
	0x38, 0x00, 0x01, 0x00, 0x36, 0x00, 0x05, 0x00, 0x06, 0x00, 0x00, 0x00, 0x3E, 0x00, 0x00, 0x00,
	0x00, 0x00, 0x00, 0x00, 0x35, 0x00, 0x00, 0x00, 0x37, 0x00, 0x03, 0x00, 0x1D, 0x00, 0x00, 0x00,
	0x36, 0x00, 0x00, 0x00, 0x37, 0x00, 0x03, 0x00, 0x0B, 0x00, 0x00, 0x00, 0x37, 0x00, 0x00, 0x00,
	0x37, 0x00, 0x03, 0x00, 0x0B, 0x00, 0x00, 0x00, 0x38, 0x00, 0x00, 0x00, 0x37, 0x00, 0x03, 0x00,
	0x0C, 0x00, 0x00, 0x00, 0x39, 0x00, 0x00, 0x00, 0x37, 0x00, 0x03, 0x00, 0x0C, 0x00, 0x00, 0x00,
	0x3A, 0x00, 0x00, 0x00, 0x37, 0x00, 0x03, 0x00, 0x0C, 0x00, 0x00, 0x00, 0x3B, 0x00, 0x00, 0x00,
	0x37, 0x00, 0x03, 0x00, 0x0C, 0x00, 0x00, 0x00, 0x3C, 0x00, 0x00, 0x00, 0x37, 0x00, 0x03, 0x00,
	0x0C, 0x00, 0x00, 0x00, 0x3D, 0x00, 0x00, 0x00, 0xF8, 0x00, 0x02, 0x00, 0x3F, 0x00, 0x00, 0x00,
	0x3B, 0x00, 0x04, 0x00, 0x0C, 0x00, 0x00, 0x00, 0xF0, 0x00, 0x00, 0x00, 0x07, 0x00, 0x00, 0x00,
	0x3B, 0x00, 0x04, 0x00, 0x0C, 0x00, 0x00, 0x00, 0xF1, 0x00, 0x00, 0x00, 0x07, 0x00, 0x00, 0x00,
	0x3B, 0x00, 0x04, 0x00, 0xA9, 0x00, 0x00, 0x00, 0xF2, 0x00, 0x00, 0x00, 0x07, 0x00, 0x00, 0x00,
	0x3B, 0x00, 0x04, 0x00, 0xA9, 0x00, 0x00, 0x00, 0xFA, 0x00, 0x00, 0x00, 0x07, 0x00, 0x00, 0x00,
	0x3B, 0x00, 0x04, 0x00, 0x0C, 0x00, 0x00, 0x00, 0x02, 0x01, 0x00, 0x00, 0x07, 0x00, 0x00, 0x00,
	0x3B, 0x00, 0x04, 0x00, 0x0C, 0x00, 0x00, 0x00, 0x2A, 0x01, 0x00, 0x00, 0x07, 0x00, 0x00, 0x00,
	0x3E, 0x00, 0x03, 0x00, 0xF0, 0x00, 0x00, 0x00, 0x8F, 0x00, 0x00, 0x00, 0x3E, 0x00, 0x03, 0x00,
	0xF1, 0x00, 0x00, 0x00, 0x8F, 0x00, 0x00, 0x00, 0x3E, 0x00, 0x03, 0x00, 0x3A, 0x00, 0x00, 0x00,
	0xA4, 0x00, 0x00, 0x00, 0x3E, 0x00, 0x03, 0x00, 0x3B, 0x00, 0x00, 0x00, 0xA6, 0x00, 0x00, 0x00,
	0x3E, 0x00, 0x03, 0x00, 0xF2, 0x00, 0x00, 0x00, 0xAB, 0x00, 0x00, 0x00, 0xF9, 0x00, 0x02, 0x00,
	0xF3, 0x00, 0x00, 0x00, 0xF8, 0x00, 0x02, 0x00, 0xF3, 0x00, 0x00, 0x00, 0xF6, 0x00, 0x04, 0x00,
	0xF5, 0x00, 0x00, 0x00, 0xF6, 0x00, 0x00, 0x00, 0x00, 0x00, 0x00, 0x00, 0xF9, 0x00, 0x02, 0x00,
	0xF7, 0x00, 0x00, 0x00, 0xF8, 0x00, 0x02, 0x00, 0xF7, 0x00, 0x00, 0x00, 0x3D, 0x00, 0x04, 0x00,
	0xA8, 0x00, 0x00, 0x00, 0xF8, 0x00, 0x00, 0x00, 0xF2, 0x00, 0x00, 0x00, 0xB3, 0x00, 0x05, 0x00,
	0x88, 0x00, 0x00, 0x00, 0xF9, 0x00, 0x00, 0x00, 0xF8, 0x00, 0x00, 0x00, 0xB2, 0x00, 0x00, 0x00,
	0xFA, 0x00, 0x04, 0x00, 0xF9, 0x00, 0x00, 0x00, 0xF4, 0x00, 0x00, 0x00, 0xF5, 0x00, 0x00, 0x00,
	0xF8, 0x00, 0x02, 0x00, 0xF4, 0x00, 0x00, 0x00, 0x3E, 0x00, 0x03, 0x00, 0xFA, 0x00, 0x00, 0x00,
	0xAB, 0x00, 0x00, 0x00, 0xF9, 0x00, 0x02, 0x00, 0xFB, 0x00, 0x00, 0x00, 0xF8, 0x00, 0x02, 0x00,
	0xFB, 0x00, 0x00, 0x00, 0xF6, 0x00, 0x04, 0x00, 0xFD, 0x00, 0x00, 0x00, 0xFE, 0x00, 0x00, 0x00,
	0x00, 0x00, 0x00, 0x00, 0xF9, 0x00, 0x02, 0x00, 0xFF, 0x00, 0x00, 0x00, 0xF8, 0x00, 0x02, 0x00,
	0xFF, 0x00, 0x00, 0x00, 0x3D, 0x00, 0x04, 0x00, 0xA8, 0x00, 0x00, 0x00, 0x00, 0x01, 0x00, 0x00,
	0xFA, 0x00, 0x00, 0x00, 0xB3, 0x00, 0x05, 0x00, 0x88, 0x00, 0x00, 0x00, 0x01, 0x01, 0x00, 0x00,
	0x00, 0x01, 0x00, 0x00, 0xB2, 0x00, 0x00, 0x00, 0xFA, 0x00, 0x04, 0x00, 0x01, 0x01, 0x00, 0x00,
	0xFC, 0x00, 0x00, 0x00, 0xFD, 0x00, 0x00, 0x00, 0xF8, 0x00, 0x02, 0x00, 0xFC, 0x00, 0x00, 0x00,
	0x3D, 0x00, 0x04, 0x00, 0x1C, 0x00, 0x00, 0x00, 0x03, 0x01, 0x00, 0x00, 0x36, 0x00, 0x00, 0x00,
	0x3D, 0x00, 0x04, 0x00, 0x0A, 0x00, 0x00, 0x00, 0x04, 0x01, 0x00, 0x00, 0x37, 0x00, 0x00, 0x00,
	0x3D, 0x00, 0x04, 0x00, 0xA8, 0x00, 0x00, 0x00, 0x05, 0x01, 0x00, 0x00, 0xFA, 0x00, 0x00, 0x00,
	0x6F, 0x00, 0x04, 0x00, 0x06, 0x00, 0x00, 0x00, 0x06, 0x01, 0x00, 0x00, 0x05, 0x01, 0x00, 0x00,
	0x3D, 0x00, 0x04, 0x00, 0xA8, 0x00, 0x00, 0x00, 0x07, 0x01, 0x00, 0x00, 0xF2, 0x00, 0x00, 0x00,
	0x6F, 0x00, 0x04, 0x00, 0x06, 0x00, 0x00, 0x00, 0x08, 0x01, 0x00, 0x00, 0x07, 0x01, 0x00, 0x00,
	0x50, 0x00, 0x05, 0x00, 0x0A, 0x00, 0x00, 0x00, 0x09, 0x01, 0x00, 0x00, 0x06, 0x01, 0x00, 0x00,
	0x08, 0x01, 0x00, 0x00, 0x3D, 0x00, 0x04, 0x00, 0x0A, 0x00, 0x00, 0x00, 0x0A, 0x01, 0x00, 0x00,
	0x38, 0x00, 0x00, 0x00, 0x85, 0x00, 0x05, 0x00, 0x0A, 0x00, 0x00, 0x00, 0x0B, 0x01, 0x00, 0x00,
	0x09, 0x01, 0x00, 0x00, 0x0A, 0x01, 0x00, 0x00, 0x81, 0x00, 0x05, 0x00, 0x0A, 0x00, 0x00, 0x00,
	0x0C, 0x01, 0x00, 0x00, 0x04, 0x01, 0x00, 0x00, 0x0B, 0x01, 0x00, 0x00, 0x58, 0x00, 0x07, 0x00,
	0x07, 0x00, 0x00, 0x00, 0x0D, 0x01, 0x00, 0x00, 0x03, 0x01, 0x00, 0x00, 0x0C, 0x01, 0x00, 0x00,
	0x02, 0x00, 0x00, 0x00, 0x8F, 0x00, 0x00, 0x00, 0x51, 0x00, 0x05, 0x00, 0x06, 0x00, 0x00, 0x00,
	0x0E, 0x01, 0x00, 0x00, 0x0D, 0x01, 0x00, 0x00, 0x00, 0x00, 0x00, 0x00, 0x3E, 0x00, 0x03, 0x00,
	0x02, 0x01, 0x00, 0x00, 0x0E, 0x01, 0x00, 0x00, 0x3D, 0x00, 0x04, 0x00, 0x06, 0x00, 0x00, 0x00,
	0x0F, 0x01, 0x00, 0x00, 0x3A, 0x00, 0x00, 0x00, 0x3D, 0x00, 0x04, 0x00, 0x06, 0x00, 0x00, 0x00,
	0x10, 0x01, 0x00, 0x00, 0x02, 0x01, 0x00, 0x00, 0x0C, 0x00, 0x07, 0x00, 0x06, 0x00, 0x00, 0x00,
	0x11, 0x01, 0x00, 0x00, 0x01, 0x00, 0x00, 0x00, 0x25, 0x00, 0x00, 0x00, 0x0F, 0x01, 0x00, 0x00,
	0x10, 0x01, 0x00, 0x00, 0x3E, 0x00, 0x03, 0x00, 0x3A, 0x00, 0x00, 0x00, 0x11, 0x01, 0x00, 0x00,
	0x3D, 0x00, 0x04, 0x00, 0x06, 0x00, 0x00, 0x00, 0x12, 0x01, 0x00, 0x00, 0x3B, 0x00, 0x00, 0x00,
	0x3D, 0x00, 0x04, 0x00, 0x06, 0x00, 0x00, 0x00, 0x13, 0x01, 0x00, 0x00, 0x02, 0x01, 0x00, 0x00,
	0x0C, 0x00, 0x07, 0x00, 0x06, 0x00, 0x00, 0x00, 0x14, 0x01, 0x00, 0x00, 0x01, 0x00, 0x00, 0x00,
	0x28, 0x00, 0x00, 0x00, 0x12, 0x01, 0x00, 0x00, 0x13, 0x01, 0x00, 0x00, 0x3E, 0x00, 0x03, 0x00,
	0x3B, 0x00, 0x00, 0x00, 0x14, 0x01, 0x00, 0x00, 0x3D, 0x00, 0x04, 0x00, 0x06, 0x00, 0x00, 0x00,
	0x15, 0x01, 0x00, 0x00, 0x02, 0x01, 0x00, 0x00, 0x3D, 0x00, 0x04, 0x00, 0x06, 0x00, 0x00, 0x00,
	0x16, 0x01, 0x00, 0x00, 0xF0, 0x00, 0x00, 0x00, 0x81, 0x00, 0x05, 0x00, 0x06, 0x00, 0x00, 0x00,
	0x17, 0x01, 0x00, 0x00, 0x16, 0x01, 0x00, 0x00, 0x15, 0x01, 0x00, 0x00, 0x3E, 0x00, 0x03, 0x00,
	0xF0, 0x00, 0x00, 0x00, 0x17, 0x01, 0x00, 0x00, 0x3D, 0x00, 0x04, 0x00, 0x06, 0x00, 0x00, 0x00,
	0x18, 0x01, 0x00, 0x00, 0x02, 0x01, 0x00, 0x00, 0x3D, 0x00, 0x04, 0x00, 0x06, 0x00, 0x00, 0x00,
	0x19, 0x01, 0x00, 0x00, 0x02, 0x01, 0x00, 0x00, 0x85, 0x00, 0x05, 0x00, 0x06, 0x00, 0x00, 0x00,
	0x1A, 0x01, 0x00, 0x00, 0x18, 0x01, 0x00, 0x00, 0x19, 0x01, 0x00, 0x00, 0x3D, 0x00, 0x04, 0x00,
	0x06, 0x00, 0x00, 0x00, 0x1B, 0x01, 0x00, 0x00, 0xF1, 0x00, 0x00, 0x00, 0x81, 0x00, 0x05, 0x00,
	0x06, 0x00, 0x00, 0x00, 0x1C, 0x01, 0x00, 0x00, 0x1B, 0x01, 0x00, 0x00, 0x1A, 0x01, 0x00, 0x00,
	0x3E, 0x00, 0x03, 0x00, 0xF1, 0x00, 0x00, 0x00, 0x1C, 0x01, 0x00, 0x00, 0xF9, 0x00, 0x02, 0x00,
	0xFE, 0x00, 0x00, 0x00, 0xF8, 0x00, 0x02, 0x00, 0xFE, 0x00, 0x00, 0x00, 0x3D, 0x00, 0x04, 0x00,
	0xA8, 0x00, 0x00, 0x00, 0x1D, 0x01, 0x00, 0x00, 0xFA, 0x00, 0x00, 0x00, 0x80, 0x00, 0x05, 0x00,
	0xA8, 0x00, 0x00, 0x00, 0x1E, 0x01, 0x00, 0x00, 0x1D, 0x01, 0x00, 0x00, 0xB2, 0x00, 0x00, 0x00,
	0x3E, 0x00, 0x03, 0x00, 0xFA, 0x00, 0x00, 0x00, 0x1E, 0x01, 0x00, 0x00, 0xF9, 0x00, 0x02, 0x00,
	0xFB, 0x00, 0x00, 0x00, 0xF8, 0x00, 0x02, 0x00, 0xFD, 0x00, 0x00, 0x00, 0xF9, 0x00, 0x02, 0x00,
	0xF6, 0x00, 0x00, 0x00, 0xF8, 0x00, 0x02, 0x00, 0xF6, 0x00, 0x00, 0x00, 0x3D, 0x00, 0x04, 0x00,
	0xA8, 0x00, 0x00, 0x00, 0x1F, 0x01, 0x00, 0x00, 0xF2, 0x00, 0x00, 0x00, 0x80, 0x00, 0x05, 0x00,
	0xA8, 0x00, 0x00, 0x00, 0x20, 0x01, 0x00, 0x00, 0x1F, 0x01, 0x00, 0x00, 0xB2, 0x00, 0x00, 0x00,
	0x3E, 0x00, 0x03, 0x00, 0xF2, 0x00, 0x00, 0x00, 0x20, 0x01, 0x00, 0x00, 0xF9, 0x00, 0x02, 0x00,
	0xF3, 0x00, 0x00, 0x00, 0xF8, 0x00, 0x02, 0x00, 0xF5, 0x00, 0x00, 0x00, 0x3D, 0x00, 0x04, 0x00,
	0x06, 0x00, 0x00, 0x00, 0x21, 0x01, 0x00, 0x00, 0xF0, 0x00, 0x00, 0x00, 0x85, 0x00, 0x05, 0x00,
	0x06, 0x00, 0x00, 0x00, 0x22, 0x01, 0x00, 0x00, 0x21, 0x01, 0x00, 0x00, 0xDC, 0x00, 0x00, 0x00,
	0x3E, 0x00, 0x03, 0x00, 0x3C, 0x00, 0x00, 0x00, 0x22, 0x01, 0x00, 0x00, 0x3D, 0x00, 0x04, 0x00,
	0x06, 0x00, 0x00, 0x00, 0x23, 0x01, 0x00, 0x00, 0xF1, 0x00, 0x00, 0x00, 0x85, 0x00, 0x05, 0x00,
	0x06, 0x00, 0x00, 0x00, 0x24, 0x01, 0x00, 0x00, 0x23, 0x01, 0x00, 0x00, 0xDC, 0x00, 0x00, 0x00,
	0x3D, 0x00, 0x04, 0x00, 0x06, 0x00, 0x00, 0x00, 0x25, 0x01, 0x00, 0x00, 0x3C, 0x00, 0x00, 0x00,
	0x3D, 0x00, 0x04, 0x00, 0x06, 0x00, 0x00, 0x00, 0x26, 0x01, 0x00, 0x00, 0x3C, 0x00, 0x00, 0x00,
	0x85, 0x00, 0x05, 0x00, 0x06, 0x00, 0x00, 0x00, 0x27, 0x01, 0x00, 0x00, 0x25, 0x01, 0x00, 0x00,
	0x26, 0x01, 0x00, 0x00, 0x83, 0x00, 0x05, 0x00, 0x06, 0x00, 0x00, 0x00, 0x28, 0x01, 0x00, 0x00,
	0x24, 0x01, 0x00, 0x00, 0x27, 0x01, 0x00, 0x00, 0x0C, 0x00, 0x07, 0x00, 0x06, 0x00, 0x00, 0x00,
	0x29, 0x01, 0x00, 0x00, 0x01, 0x00, 0x00, 0x00, 0x28, 0x00, 0x00, 0x00, 0x28, 0x01, 0x00, 0x00,
	0x8F, 0x00, 0x00, 0x00, 0x3E, 0x00, 0x03, 0x00, 0x3D, 0x00, 0x00, 0x00, 0x29, 0x01, 0x00, 0x00,
	0x3D, 0x00, 0x04, 0x00, 0x06, 0x00, 0x00, 0x00, 0x2B, 0x01, 0x00, 0x00, 0x3D, 0x00, 0x00, 0x00,
	0x0C, 0x00, 0x06, 0x00, 0x06, 0x00, 0x00, 0x00, 0x2C, 0x01, 0x00, 0x00, 0x01, 0x00, 0x00, 0x00,
	0x1F, 0x00, 0x00, 0x00, 0x2B, 0x01, 0x00, 0x00, 0x3D, 0x00, 0x04, 0x00, 0x06, 0x00, 0x00, 0x00,
	0x2D, 0x01, 0x00, 0x00, 0x39, 0x00, 0x00, 0x00, 0x85, 0x00, 0x05, 0x00, 0x06, 0x00, 0x00, 0x00,
	0x2E, 0x01, 0x00, 0x00, 0x2C, 0x01, 0x00, 0x00, 0x2D, 0x01, 0x00, 0x00, 0x3E, 0x00, 0x03, 0x00,
	0x2A, 0x01, 0x00, 0x00, 0x2E, 0x01, 0x00, 0x00, 0x3D, 0x00, 0x04, 0x00, 0x06, 0x00, 0x00, 0x00,
	0x2F, 0x01, 0x00, 0x00, 0x3C, 0x00, 0x00, 0x00, 0x3D, 0x00, 0x04, 0x00, 0x06, 0x00, 0x00, 0x00,
	0x30, 0x01, 0x00, 0x00, 0x2A, 0x01, 0x00, 0x00, 0x83, 0x00, 0x05, 0x00, 0x06, 0x00, 0x00, 0x00,
	0x31, 0x01, 0x00, 0x00, 0x2F, 0x01, 0x00, 0x00, 0x30, 0x01, 0x00, 0x00, 0x3E, 0x00, 0x03, 0x00,
	0x3A, 0x00, 0x00, 0x00, 0x31, 0x01, 0x00, 0x00, 0x3D, 0x00, 0x04, 0x00, 0x06, 0x00, 0x00, 0x00,
	0x32, 0x01, 0x00, 0x00, 0x3C, 0x00, 0x00, 0x00, 0x3D, 0x00, 0x04, 0x00, 0x06, 0x00, 0x00, 0x00,
	0x33, 0x01, 0x00, 0x00, 0x2A, 0x01, 0x00, 0x00, 0x81, 0x00, 0x05, 0x00, 0x06, 0x00, 0x00, 0x00,
	0x34, 0x01, 0x00, 0x00, 0x32, 0x01, 0x00, 0x00, 0x33, 0x01, 0x00, 0x00, 0x3E, 0x00, 0x03, 0x00,
	0x3B, 0x00, 0x00, 0x00, 0x34, 0x01, 0x00, 0x00, 0x3D, 0x00, 0x04, 0x00, 0x06, 0x00, 0x00, 0x00,
	0x35, 0x01, 0x00, 0x00, 0x3C, 0x00, 0x00, 0x00, 0xFE, 0x00, 0x02, 0x00, 0x35, 0x01, 0x00, 0x00,
	0x38, 0x00, 0x01, 0x00, 0x36, 0x00, 0x05, 0x00, 0x0D, 0x00, 0x00, 0x00, 0x44, 0x00, 0x00, 0x00,
	0x00, 0x00, 0x00, 0x00, 0x40, 0x00, 0x00, 0x00, 0x37, 0x00, 0x03, 0x00, 0x29, 0x00, 0x00, 0x00,
	0x41, 0x00, 0x00, 0x00, 0x37, 0x00, 0x03, 0x00, 0x29, 0x00, 0x00, 0x00, 0x42, 0x00, 0x00, 0x00,
	0x37, 0x00, 0x03, 0x00, 0x29, 0x00, 0x00, 0x00, 0x43, 0x00, 0x00, 0x00, 0xF8, 0x00, 0x02, 0x00,
	0x45, 0x00, 0x00, 0x00, 0x3D, 0x00, 0x04, 0x00, 0x0D, 0x00, 0x00, 0x00, 0x38, 0x01, 0x00, 0x00,
	0x41, 0x00, 0x00, 0x00, 0x3D, 0x00, 0x04, 0x00, 0x0D, 0x00, 0x00, 0x00, 0x39, 0x01, 0x00, 0x00,
	0x42, 0x00, 0x00, 0x00, 0x3D, 0x00, 0x04, 0x00, 0x0D, 0x00, 0x00, 0x00, 0x3A, 0x01, 0x00, 0x00,
	0x43, 0x00, 0x00, 0x00, 0x0C, 0x00, 0x08, 0x00, 0x0D, 0x00, 0x00, 0x00, 0x3B, 0x01, 0x00, 0x00,
	0x01, 0x00, 0x00, 0x00, 0x2B, 0x00, 0x00, 0x00, 0x38, 0x01, 0x00, 0x00, 0x39, 0x01, 0x00, 0x00,
	0x3A, 0x01, 0x00, 0x00, 0xFE, 0x00, 0x02, 0x00, 0x3B, 0x01, 0x00, 0x00, 0x38, 0x00, 0x01, 0x00,
	0x36, 0x00, 0x05, 0x00, 0x06, 0x00, 0x00, 0x00, 0x4A, 0x00, 0x00, 0x00, 0x00, 0x00, 0x00, 0x00,
	0x46, 0x00, 0x00, 0x00, 0x37, 0x00, 0x03, 0x00, 0x0C, 0x00, 0x00, 0x00, 0x47, 0x00, 0x00, 0x00,
	0x37, 0x00, 0x03, 0x00, 0x0C, 0x00, 0x00, 0x00, 0x48, 0x00, 0x00, 0x00, 0x37, 0x00, 0x03, 0x00,
	0x0C, 0x00, 0x00, 0x00, 0x49, 0x00, 0x00, 0x00, 0xF8, 0x00, 0x02, 0x00, 0x4B, 0x00, 0x00, 0x00,
	0x3D, 0x00, 0x04, 0x00, 0x06, 0x00, 0x00, 0x00, 0x3E, 0x01, 0x00, 0x00, 0x47, 0x00, 0x00, 0x00,
	0x3D, 0x00, 0x04, 0x00, 0x06, 0x00, 0x00, 0x00, 0x3F, 0x01, 0x00, 0x00, 0x48, 0x00, 0x00, 0x00,
	0x3D, 0x00, 0x04, 0x00, 0x06, 0x00, 0x00, 0x00, 0x40, 0x01, 0x00, 0x00, 0x49, 0x00, 0x00, 0x00,
	0x0C, 0x00, 0x08, 0x00, 0x06, 0x00, 0x00, 0x00, 0x41, 0x01, 0x00, 0x00, 0x01, 0x00, 0x00, 0x00,
	0x2B, 0x00, 0x00, 0x00, 0x3E, 0x01, 0x00, 0x00, 0x3F, 0x01, 0x00, 0x00, 0x40, 0x01, 0x00, 0x00,
	0xFE, 0x00, 0x02, 0x00, 0x41, 0x01, 0x00, 0x00, 0x38, 0x00, 0x01, 0x00
};
#define VK_HYBRID1_TEMPORAL_CS_SPV_SIZE (17708u)

/* hybrid1_atrous_cs.spv 11664 bytes */
static const uint8_t vk_hybrid1_atrous_cs_spv[] = {
	0x03, 0x02, 0x23, 0x07, 0x00, 0x05, 0x01, 0x00, 0x0B, 0x00, 0x08, 0x00, 0xDC, 0x01, 0x00, 0x00,
	0x00, 0x00, 0x00, 0x00, 0x11, 0x00, 0x02, 0x00, 0x01, 0x00, 0x00, 0x00, 0x0B, 0x00, 0x06, 0x00,
	0x01, 0x00, 0x00, 0x00, 0x47, 0x4C, 0x53, 0x4C, 0x2E, 0x73, 0x74, 0x64, 0x2E, 0x34, 0x35, 0x30,
	0x00, 0x00, 0x00, 0x00, 0x0E, 0x00, 0x03, 0x00, 0x00, 0x00, 0x00, 0x00, 0x01, 0x00, 0x00, 0x00,
	0x0F, 0x00, 0x0E, 0x00, 0x05, 0x00, 0x00, 0x00, 0x04, 0x00, 0x00, 0x00, 0x6D, 0x61, 0x69, 0x6E,
	0x00, 0x00, 0x00, 0x00, 0x65, 0x00, 0x00, 0x00, 0x6C, 0x00, 0x00, 0x00, 0x94, 0x00, 0x00, 0x00,
	0xA2, 0x00, 0x00, 0x00, 0xA8, 0x00, 0x00, 0x00, 0xC3, 0x00, 0x00, 0x00, 0xEC, 0x00, 0x00, 0x00,
	0xF5, 0x00, 0x00, 0x00, 0xDB, 0x01, 0x00, 0x00, 0x10, 0x00, 0x06, 0x00, 0x04, 0x00, 0x00, 0x00,
	0x11, 0x00, 0x00, 0x00, 0x08, 0x00, 0x00, 0x00, 0x08, 0x00, 0x00, 0x00, 0x01, 0x00, 0x00, 0x00,
	0x03, 0x00, 0x03, 0x00, 0x02, 0x00, 0x00, 0x00, 0xC2, 0x01, 0x00, 0x00, 0x04, 0x00, 0x0A, 0x00,
	0x47, 0x4C, 0x5F, 0x47, 0x4F, 0x4F, 0x47, 0x4C, 0x45, 0x5F, 0x63, 0x70, 0x70, 0x5F, 0x73, 0x74,
	0x79, 0x6C, 0x65, 0x5F, 0x6C, 0x69, 0x6E, 0x65, 0x5F, 0x64, 0x69, 0x72, 0x65, 0x63, 0x74, 0x69,
	0x76, 0x65, 0x00, 0x00, 0x04, 0x00, 0x08, 0x00, 0x47, 0x4C, 0x5F, 0x47, 0x4F, 0x4F, 0x47, 0x4C,
	0x45, 0x5F, 0x69, 0x6E, 0x63, 0x6C, 0x75, 0x64, 0x65, 0x5F, 0x64, 0x69, 0x72, 0x65, 0x63, 0x74,
	0x69, 0x76, 0x65, 0x00, 0x05, 0x00, 0x04, 0x00, 0x04, 0x00, 0x00, 0x00, 0x6D, 0x61, 0x69, 0x6E,
	0x00, 0x00, 0x00, 0x00, 0x05, 0x00, 0x07, 0x00, 0x0B, 0x00, 0x00, 0x00, 0x68, 0x79, 0x62, 0x72,
	0x69, 0x64, 0x31, 0x5F, 0x6C, 0x75, 0x6D, 0x61, 0x28, 0x76, 0x66, 0x33, 0x3B, 0x00, 0x00, 0x00,
	0x05, 0x00, 0x03, 0x00, 0x0A, 0x00, 0x00, 0x00, 0x63, 0x00, 0x00, 0x00, 0x05, 0x00, 0x0B, 0x00,
	0x18, 0x00, 0x00, 0x00, 0x68, 0x79, 0x62, 0x72, 0x69, 0x64, 0x31, 0x5F, 0x64, 0x65, 0x63, 0x6F,
	0x64, 0x65, 0x4E, 0x6F, 0x72, 0x6D, 0x61, 0x6C, 0x28, 0x73, 0x32, 0x31, 0x3B, 0x76, 0x66, 0x32,
	0x3B, 0x75, 0x31, 0x3B, 0x00, 0x00, 0x00, 0x00, 0x05, 0x00, 0x05, 0x00, 0x15, 0x00, 0x00, 0x00,
	0x6E, 0x6F, 0x72, 0x6D, 0x61, 0x6C, 0x54, 0x65, 0x78, 0x00, 0x00, 0x00, 0x05, 0x00, 0x03, 0x00,
	0x16, 0x00, 0x00, 0x00, 0x75, 0x76, 0x00, 0x00, 0x05, 0x00, 0x05, 0x00, 0x17, 0x00, 0x00, 0x00,
	0x68, 0x61, 0x73, 0x47, 0x42, 0x75, 0x66, 0x66, 0x65, 0x72, 0x00, 0x00, 0x05, 0x00, 0x0B, 0x00,
	0x20, 0x00, 0x00, 0x00, 0x68, 0x79, 0x62, 0x72, 0x69, 0x64, 0x31, 0x5F, 0x61, 0x74, 0x72, 0x6F,
	0x75, 0x73, 0x57, 0x65, 0x69, 0x67, 0x68, 0x74, 0x28, 0x66, 0x31, 0x3B, 0x66, 0x31, 0x3B, 0x66,
	0x31, 0x3B, 0x66, 0x31, 0x3B, 0x00, 0x00, 0x00, 0x05, 0x00, 0x04, 0x00, 0x1C, 0x00, 0x00, 0x00,
	0x63, 0x65, 0x6E, 0x74, 0x65, 0x72, 0x4C, 0x00, 0x05, 0x00, 0x04, 0x00, 0x1D, 0x00, 0x00, 0x00,
	0x73, 0x61, 0x6D, 0x70, 0x6C, 0x65, 0x4C, 0x00, 0x05, 0x00, 0x05, 0x00, 0x1E, 0x00, 0x00, 0x00,
	0x63, 0x65, 0x6E, 0x74, 0x65, 0x72, 0x56, 0x61, 0x72, 0x00, 0x00, 0x00, 0x05, 0x00, 0x05, 0x00,
	0x1F, 0x00, 0x00, 0x00, 0x70, 0x68, 0x69, 0x43, 0x6F, 0x6C, 0x6F, 0x72, 0x00, 0x00, 0x00, 0x00,
	0x05, 0x00, 0x03, 0x00, 0x30, 0x00, 0x00, 0x00, 0x6E, 0x00, 0x00, 0x00, 0x05, 0x00, 0x03, 0x00,
	0x3C, 0x00, 0x00, 0x00, 0x6C, 0x65, 0x6E, 0x00, 0x05, 0x00, 0x04, 0x00, 0x4C, 0x00, 0x00, 0x00,
	0x64, 0x69, 0x66, 0x66, 0x00, 0x00, 0x00, 0x00, 0x05, 0x00, 0x03, 0x00, 0x51, 0x00, 0x00, 0x00,
	0x76, 0x00, 0x00, 0x00, 0x05, 0x00, 0x03, 0x00, 0x62, 0x00, 0x00, 0x00, 0x70, 0x69, 0x78, 0x00,
	0x05, 0x00, 0x08, 0x00, 0x65, 0x00, 0x00, 0x00, 0x67, 0x6C, 0x5F, 0x47, 0x6C, 0x6F, 0x62, 0x61,
	0x6C, 0x49, 0x6E, 0x76, 0x6F, 0x63, 0x61, 0x74, 0x69, 0x6F, 0x6E, 0x49, 0x44, 0x00, 0x00, 0x00,
	0x05, 0x00, 0x07, 0x00, 0x6A, 0x00, 0x00, 0x00, 0x48, 0x79, 0x62, 0x72, 0x69, 0x64, 0x31, 0x41,
	0x74, 0x72, 0x6F, 0x75, 0x73, 0x50, 0x75, 0x73, 0x68, 0x00, 0x00, 0x00, 0x06, 0x00, 0x05, 0x00,
	0x6A, 0x00, 0x00, 0x00, 0x00, 0x00, 0x00, 0x00, 0x65, 0x78, 0x74, 0x65, 0x6E, 0x74, 0x00, 0x00,
	0x06, 0x00, 0x05, 0x00, 0x6A, 0x00, 0x00, 0x00, 0x01, 0x00, 0x00, 0x00, 0x70, 0x61, 0x72, 0x61,
	0x6D, 0x73, 0x00, 0x00, 0x06, 0x00, 0x06, 0x00, 0x6A, 0x00, 0x00, 0x00, 0x02, 0x00, 0x00, 0x00,
	0x68, 0x61, 0x73, 0x47, 0x42, 0x75, 0x66, 0x66, 0x65, 0x72, 0x00, 0x00, 0x06, 0x00, 0x07, 0x00,
	0x6A, 0x00, 0x00, 0x00, 0x03, 0x00, 0x00, 0x00, 0x61, 0x64, 0x61, 0x70, 0x74, 0x69, 0x76, 0x65,
	0x42, 0x6C, 0x75, 0x72, 0x00, 0x00, 0x00, 0x00, 0x06, 0x00, 0x07, 0x00, 0x6A, 0x00, 0x00, 0x00,
	0x04, 0x00, 0x00, 0x00, 0x73, 0x65, 0x70, 0x61, 0x72, 0x61, 0x62, 0x6C, 0x65, 0x42, 0x6C, 0x75,
	0x72, 0x00, 0x00, 0x00, 0x06, 0x00, 0x06, 0x00, 0x6A, 0x00, 0x00, 0x00, 0x05, 0x00, 0x00, 0x00,
	0x72, 0x65, 0x69, 0x6E, 0x68, 0x61, 0x72, 0x64, 0x00, 0x00, 0x00, 0x00, 0x06, 0x00, 0x05, 0x00,
	0x6A, 0x00, 0x00, 0x00, 0x06, 0x00, 0x00, 0x00, 0x65, 0x64, 0x67, 0x65, 0x00, 0x00, 0x00, 0x00,
	0x05, 0x00, 0x03, 0x00, 0x6C, 0x00, 0x00, 0x00, 0x70, 0x63, 0x00, 0x00, 0x05, 0x00, 0x03, 0x00,
	0x82, 0x00, 0x00, 0x00, 0x75, 0x76, 0x00, 0x00, 0x05, 0x00, 0x04, 0x00, 0x8D, 0x00, 0x00, 0x00,
	0x74, 0x65, 0x78, 0x65, 0x6C, 0x00, 0x00, 0x00, 0x05, 0x00, 0x04, 0x00, 0x93, 0x00, 0x00, 0x00,
	0x64, 0x65, 0x70, 0x74, 0x68, 0x00, 0x00, 0x00, 0x05, 0x00, 0x05, 0x00, 0x94, 0x00, 0x00, 0x00,
	0x64, 0x65, 0x70, 0x74, 0x68, 0x54, 0x65, 0x78, 0x00, 0x00, 0x00, 0x00, 0x05, 0x00, 0x03, 0x00,
	0xA1, 0x00, 0x00, 0x00, 0x63, 0x00, 0x00, 0x00, 0x05, 0x00, 0x05, 0x00, 0xA2, 0x00, 0x00, 0x00,
	0x69, 0x6E, 0x70, 0x75, 0x74, 0x54, 0x65, 0x78, 0x00, 0x00, 0x00, 0x00, 0x05, 0x00, 0x05, 0x00,
	0xA8, 0x00, 0x00, 0x00, 0x6F, 0x75, 0x74, 0x70, 0x75, 0x74, 0x54, 0x65, 0x78, 0x00, 0x00, 0x00,
	0x05, 0x00, 0x04, 0x00, 0xB0, 0x00, 0x00, 0x00, 0x69, 0x74, 0x65, 0x72, 0x00, 0x00, 0x00, 0x00,
	0x05, 0x00, 0x05, 0x00, 0xC2, 0x00, 0x00, 0x00, 0x73, 0x68, 0x61, 0x64, 0x6F, 0x77, 0x41, 0x6E,
	0x67, 0x6C, 0x65, 0x00, 0x05, 0x00, 0x05, 0x00, 0xC3, 0x00, 0x00, 0x00, 0x72, 0x61, 0x77, 0x47,
	0x75, 0x69, 0x64, 0x65, 0x54, 0x65, 0x78, 0x00, 0x05, 0x00, 0x05, 0x00, 0xD9, 0x00, 0x00, 0x00,
	0x72, 0x6F, 0x75, 0x67, 0x68, 0x6E, 0x65, 0x73, 0x73, 0x00, 0x00, 0x00, 0x05, 0x00, 0x04, 0x00,
	0xE8, 0x00, 0x00, 0x00, 0x73, 0x74, 0x65, 0x70, 0x00, 0x00, 0x00, 0x00, 0x05, 0x00, 0x03, 0x00,
	0xEB, 0x00, 0x00, 0x00, 0x4E, 0x00, 0x00, 0x00, 0x05, 0x00, 0x05, 0x00, 0xEC, 0x00, 0x00, 0x00,
	0x6E, 0x6F, 0x72, 0x6D, 0x61, 0x6C, 0x54, 0x65, 0x78, 0x00, 0x00, 0x00, 0x05, 0x00, 0x04, 0x00,
	0xEE, 0x00, 0x00, 0x00, 0x70, 0x61, 0x72, 0x61, 0x6D, 0x00, 0x00, 0x00, 0x05, 0x00, 0x04, 0x00,
	0xF0, 0x00, 0x00, 0x00, 0x70, 0x61, 0x72, 0x61, 0x6D, 0x00, 0x00, 0x00, 0x05, 0x00, 0x05, 0x00,
	0xF4, 0x00, 0x00, 0x00, 0x63, 0x65, 0x6E, 0x74, 0x65, 0x72, 0x56, 0x61, 0x72, 0x00, 0x00, 0x00,
	0x05, 0x00, 0x05, 0x00, 0xF5, 0x00, 0x00, 0x00, 0x76, 0x61, 0x72, 0x69, 0x61, 0x6E, 0x63, 0x65,
	0x54, 0x65, 0x78, 0x00, 0x05, 0x00, 0x04, 0x00, 0xFA, 0x00, 0x00, 0x00, 0x63, 0x65, 0x6E, 0x74,
	0x65, 0x72, 0x00, 0x00, 0x05, 0x00, 0x04, 0x00, 0xFE, 0x00, 0x00, 0x00, 0x61, 0x63, 0x63, 0x75,
	0x6D, 0x00, 0x00, 0x00, 0x05, 0x00, 0x04, 0x00, 0x01, 0x01, 0x00, 0x00, 0x77, 0x53, 0x75, 0x6D,
	0x00, 0x00, 0x00, 0x00, 0x05, 0x00, 0x03, 0x00, 0x02, 0x01, 0x00, 0x00, 0x69, 0x00, 0x00, 0x00,
	0x05, 0x00, 0x03, 0x00, 0x11, 0x01, 0x00, 0x00, 0x6F, 0x66, 0x66, 0x00, 0x05, 0x00, 0x04, 0x00,
	0x23, 0x01, 0x00, 0x00, 0x6F, 0x66, 0x66, 0x55, 0x76, 0x00, 0x00, 0x00, 0x05, 0x00, 0x03, 0x00,
	0x2A, 0x01, 0x00, 0x00, 0x64, 0x4E, 0x00, 0x00, 0x05, 0x00, 0x03, 0x00, 0x39, 0x01, 0x00, 0x00,
	0x6E, 0x4E, 0x00, 0x00, 0x05, 0x00, 0x04, 0x00, 0x3A, 0x01, 0x00, 0x00, 0x70, 0x61, 0x72, 0x61,
	0x6D, 0x00, 0x00, 0x00, 0x05, 0x00, 0x04, 0x00, 0x3C, 0x01, 0x00, 0x00, 0x70, 0x61, 0x72, 0x61,
	0x6D, 0x00, 0x00, 0x00, 0x05, 0x00, 0x03, 0x00, 0x49, 0x01, 0x00, 0x00, 0x73, 0x00, 0x00, 0x00,
	0x05, 0x00, 0x03, 0x00, 0x4D, 0x01, 0x00, 0x00, 0x77, 0x00, 0x00, 0x00, 0x05, 0x00, 0x05, 0x00,
	0x55, 0x01, 0x00, 0x00, 0x69, 0x6E, 0x64, 0x65, 0x78, 0x61, 0x62, 0x6C, 0x65, 0x00, 0x00, 0x00,
	0x05, 0x00, 0x03, 0x00, 0x5F, 0x01, 0x00, 0x00, 0x63, 0x77, 0x00, 0x00, 0x05, 0x00, 0x04, 0x00,
	0x60, 0x01, 0x00, 0x00, 0x70, 0x61, 0x72, 0x61, 0x6D, 0x00, 0x00, 0x00, 0x05, 0x00, 0x04, 0x00,
	0x63, 0x01, 0x00, 0x00, 0x70, 0x61, 0x72, 0x61, 0x6D, 0x00, 0x00, 0x00, 0x05, 0x00, 0x04, 0x00,
	0x66, 0x01, 0x00, 0x00, 0x70, 0x61, 0x72, 0x61, 0x6D, 0x00, 0x00, 0x00, 0x05, 0x00, 0x04, 0x00,
	0x68, 0x01, 0x00, 0x00, 0x70, 0x61, 0x72, 0x61, 0x6D, 0x00, 0x00, 0x00, 0x05, 0x00, 0x03, 0x00,
	0x75, 0x01, 0x00, 0x00, 0x63, 0x77, 0x00, 0x00, 0x05, 0x00, 0x04, 0x00, 0x76, 0x01, 0x00, 0x00,
	0x70, 0x61, 0x72, 0x61, 0x6D, 0x00, 0x00, 0x00, 0x05, 0x00, 0x04, 0x00, 0x7A, 0x01, 0x00, 0x00,
	0x70, 0x61, 0x72, 0x61, 0x6D, 0x00, 0x00, 0x00, 0x05, 0x00, 0x04, 0x00, 0x80, 0x01, 0x00, 0x00,
	0x70, 0x61, 0x72, 0x61, 0x6D, 0x00, 0x00, 0x00, 0x05, 0x00, 0x04, 0x00, 0x81, 0x01, 0x00, 0x00,
	0x70, 0x61, 0x72, 0x61, 0x6D, 0x00, 0x00, 0x00, 0x05, 0x00, 0x04, 0x00, 0x82, 0x01, 0x00, 0x00,
	0x70, 0x61, 0x72, 0x61, 0x6D, 0x00, 0x00, 0x00, 0x05, 0x00, 0x04, 0x00, 0x83, 0x01, 0x00, 0x00,
	0x70, 0x61, 0x72, 0x61, 0x6D, 0x00, 0x00, 0x00, 0x05, 0x00, 0x04, 0x00, 0x8B, 0x01, 0x00, 0x00,
	0x64, 0x69, 0x66, 0x66, 0x00, 0x00, 0x00, 0x00, 0x05, 0x00, 0x04, 0x00, 0x8C, 0x01, 0x00, 0x00,
	0x70, 0x61, 0x72, 0x61, 0x6D, 0x00, 0x00, 0x00, 0x05, 0x00, 0x04, 0x00, 0x90, 0x01, 0x00, 0x00,
	0x70, 0x61, 0x72, 0x61, 0x6D, 0x00, 0x00, 0x00, 0x05, 0x00, 0x04, 0x00, 0xAA, 0x01, 0x00, 0x00,
	0x6F, 0x75, 0x74, 0x52, 0x67, 0x62, 0x00, 0x00, 0x05, 0x00, 0x03, 0x00, 0xC7, 0x01, 0x00, 0x00,
	0x6C, 0x00, 0x00, 0x00, 0x05, 0x00, 0x04, 0x00, 0xC8, 0x01, 0x00, 0x00, 0x70, 0x61, 0x72, 0x61,
	0x6D, 0x00, 0x00, 0x00, 0x05, 0x00, 0x05, 0x00, 0xDB, 0x01, 0x00, 0x00, 0x6D, 0x61, 0x74, 0x65,
	0x72, 0x69, 0x61, 0x6C, 0x54, 0x65, 0x78, 0x00, 0x47, 0x00, 0x04, 0x00, 0x65, 0x00, 0x00, 0x00,
	0x0B, 0x00, 0x00, 0x00, 0x1C, 0x00, 0x00, 0x00, 0x47, 0x00, 0x03, 0x00, 0x6A, 0x00, 0x00, 0x00,
	0x02, 0x00, 0x00, 0x00, 0x48, 0x00, 0x05, 0x00, 0x6A, 0x00, 0x00, 0x00, 0x00, 0x00, 0x00, 0x00,
	0x23, 0x00, 0x00, 0x00, 0x00, 0x00, 0x00, 0x00, 0x48, 0x00, 0x05, 0x00, 0x6A, 0x00, 0x00, 0x00,
	0x01, 0x00, 0x00, 0x00, 0x23, 0x00, 0x00, 0x00, 0x10, 0x00, 0x00, 0x00, 0x48, 0x00, 0x05, 0x00,
	0x6A, 0x00, 0x00, 0x00, 0x02, 0x00, 0x00, 0x00, 0x23, 0x00, 0x00, 0x00, 0x20, 0x00, 0x00, 0x00,
	0x48, 0x00, 0x05, 0x00, 0x6A, 0x00, 0x00, 0x00, 0x03, 0x00, 0x00, 0x00, 0x23, 0x00, 0x00, 0x00,
	0x24, 0x00, 0x00, 0x00, 0x48, 0x00, 0x05, 0x00, 0x6A, 0x00, 0x00, 0x00, 0x04, 0x00, 0x00, 0x00,
	0x23, 0x00, 0x00, 0x00, 0x28, 0x00, 0x00, 0x00, 0x48, 0x00, 0x05, 0x00, 0x6A, 0x00, 0x00, 0x00,
	0x05, 0x00, 0x00, 0x00, 0x23, 0x00, 0x00, 0x00, 0x2C, 0x00, 0x00, 0x00, 0x48, 0x00, 0x05, 0x00,
	0x6A, 0x00, 0x00, 0x00, 0x06, 0x00, 0x00, 0x00, 0x23, 0x00, 0x00, 0x00, 0x30, 0x00, 0x00, 0x00,
	0x47, 0x00, 0x04, 0x00, 0x94, 0x00, 0x00, 0x00, 0x21, 0x00, 0x00, 0x00, 0x00, 0x00, 0x00, 0x00,
	0x47, 0x00, 0x04, 0x00, 0x94, 0x00, 0x00, 0x00, 0x22, 0x00, 0x00, 0x00, 0x00, 0x00, 0x00, 0x00,
	0x47, 0x00, 0x04, 0x00, 0xA2, 0x00, 0x00, 0x00, 0x21, 0x00, 0x00, 0x00, 0x05, 0x00, 0x00, 0x00,
	0x47, 0x00, 0x04, 0x00, 0xA2, 0x00, 0x00, 0x00, 0x22, 0x00, 0x00, 0x00, 0x00, 0x00, 0x00, 0x00,
	0x47, 0x00, 0x03, 0x00, 0xA8, 0x00, 0x00, 0x00, 0x19, 0x00, 0x00, 0x00, 0x47, 0x00, 0x04, 0x00,
	0xA8, 0x00, 0x00, 0x00, 0x21, 0x00, 0x00, 0x00, 0x06, 0x00, 0x00, 0x00, 0x47, 0x00, 0x04, 0x00,
	0xA8, 0x00, 0x00, 0x00, 0x22, 0x00, 0x00, 0x00, 0x00, 0x00, 0x00, 0x00, 0x47, 0x00, 0x04, 0x00,
	0xC3, 0x00, 0x00, 0x00, 0x21, 0x00, 0x00, 0x00, 0x03, 0x00, 0x00, 0x00, 0x47, 0x00, 0x04, 0x00,
	0xC3, 0x00, 0x00, 0x00, 0x22, 0x00, 0x00, 0x00, 0x00, 0x00, 0x00, 0x00, 0x47, 0x00, 0x04, 0x00,
	0xEC, 0x00, 0x00, 0x00, 0x21, 0x00, 0x00, 0x00, 0x01, 0x00, 0x00, 0x00, 0x47, 0x00, 0x04, 0x00,
	0xEC, 0x00, 0x00, 0x00, 0x22, 0x00, 0x00, 0x00, 0x00, 0x00, 0x00, 0x00, 0x47, 0x00, 0x04, 0x00,
	0xF5, 0x00, 0x00, 0x00, 0x21, 0x00, 0x00, 0x00, 0x04, 0x00, 0x00, 0x00, 0x47, 0x00, 0x04, 0x00,
	0xF5, 0x00, 0x00, 0x00, 0x22, 0x00, 0x00, 0x00, 0x00, 0x00, 0x00, 0x00, 0x47, 0x00, 0x03, 0x00,
	0x55, 0x01, 0x00, 0x00, 0x18, 0x00, 0x00, 0x00, 0x47, 0x00, 0x04, 0x00, 0xDA, 0x01, 0x00, 0x00,
	0x0B, 0x00, 0x00, 0x00, 0x19, 0x00, 0x00, 0x00, 0x47, 0x00, 0x04, 0x00, 0xDB, 0x01, 0x00, 0x00,
	0x21, 0x00, 0x00, 0x00, 0x02, 0x00, 0x00, 0x00, 0x47, 0x00, 0x04, 0x00, 0xDB, 0x01, 0x00, 0x00,
	0x22, 0x00, 0x00, 0x00, 0x00, 0x00, 0x00, 0x00, 0x13, 0x00, 0x02, 0x00, 0x02, 0x00, 0x00, 0x00,
	0x21, 0x00, 0x03, 0x00, 0x03, 0x00, 0x00, 0x00, 0x02, 0x00, 0x00, 0x00, 0x16, 0x00, 0x03, 0x00,
	0x06, 0x00, 0x00, 0x00, 0x20, 0x00, 0x00, 0x00, 0x17, 0x00, 0x04, 0x00, 0x07, 0x00, 0x00, 0x00,
	0x06, 0x00, 0x00, 0x00, 0x03, 0x00, 0x00, 0x00, 0x20, 0x00, 0x04, 0x00, 0x08, 0x00, 0x00, 0x00,
	0x07, 0x00, 0x00, 0x00, 0x07, 0x00, 0x00, 0x00, 0x21, 0x00, 0x04, 0x00, 0x09, 0x00, 0x00, 0x00,
	0x06, 0x00, 0x00, 0x00, 0x08, 0x00, 0x00, 0x00, 0x19, 0x00, 0x09, 0x00, 0x0D, 0x00, 0x00, 0x00,
	0x06, 0x00, 0x00, 0x00, 0x01, 0x00, 0x00, 0x00, 0x00, 0x00, 0x00, 0x00, 0x00, 0x00, 0x00, 0x00,
	0x00, 0x00, 0x00, 0x00, 0x01, 0x00, 0x00, 0x00, 0x00, 0x00, 0x00, 0x00, 0x1B, 0x00, 0x03, 0x00,
	0x0E, 0x00, 0x00, 0x00, 0x0D, 0x00, 0x00, 0x00, 0x20, 0x00, 0x04, 0x00, 0x0F, 0x00, 0x00, 0x00,
	0x00, 0x00, 0x00, 0x00, 0x0E, 0x00, 0x00, 0x00, 0x17, 0x00, 0x04, 0x00, 0x10, 0x00, 0x00, 0x00,
	0x06, 0x00, 0x00, 0x00, 0x02, 0x00, 0x00, 0x00, 0x20, 0x00, 0x04, 0x00, 0x11, 0x00, 0x00, 0x00,
	0x07, 0x00, 0x00, 0x00, 0x10, 0x00, 0x00, 0x00, 0x15, 0x00, 0x04, 0x00, 0x12, 0x00, 0x00, 0x00,
	0x20, 0x00, 0x00, 0x00, 0x00, 0x00, 0x00, 0x00, 0x20, 0x00, 0x04, 0x00, 0x13, 0x00, 0x00, 0x00,
	0x07, 0x00, 0x00, 0x00, 0x12, 0x00, 0x00, 0x00, 0x21, 0x00, 0x06, 0x00, 0x14, 0x00, 0x00, 0x00,
	0x07, 0x00, 0x00, 0x00, 0x0F, 0x00, 0x00, 0x00, 0x11, 0x00, 0x00, 0x00, 0x13, 0x00, 0x00, 0x00,
	0x20, 0x00, 0x04, 0x00, 0x1A, 0x00, 0x00, 0x00, 0x07, 0x00, 0x00, 0x00, 0x06, 0x00, 0x00, 0x00,
	0x21, 0x00, 0x07, 0x00, 0x1B, 0x00, 0x00, 0x00, 0x06, 0x00, 0x00, 0x00, 0x1A, 0x00, 0x00, 0x00,
	0x1A, 0x00, 0x00, 0x00, 0x1A, 0x00, 0x00, 0x00, 0x1A, 0x00, 0x00, 0x00, 0x2B, 0x00, 0x04, 0x00,
	0x06, 0x00, 0x00, 0x00, 0x22, 0x00, 0x00, 0x00, 0xD0, 0xB3, 0x59, 0x3E, 0x2B, 0x00, 0x04, 0x00,
	0x06, 0x00, 0x00, 0x00, 0x23, 0x00, 0x00, 0x00, 0x59, 0x17, 0x37, 0x3F, 0x2B, 0x00, 0x04, 0x00,
	0x06, 0x00, 0x00, 0x00, 0x24, 0x00, 0x00, 0x00, 0x98, 0xDD, 0x93, 0x3D, 0x2C, 0x00, 0x06, 0x00,
	0x07, 0x00, 0x00, 0x00, 0x25, 0x00, 0x00, 0x00, 0x22, 0x00, 0x00, 0x00, 0x23, 0x00, 0x00, 0x00,
	0x24, 0x00, 0x00, 0x00, 0x2B, 0x00, 0x04, 0x00, 0x12, 0x00, 0x00, 0x00, 0x2B, 0x00, 0x00, 0x00,
	0x00, 0x00, 0x00, 0x00, 0x14, 0x00, 0x02, 0x00, 0x2C, 0x00, 0x00, 0x00, 0x17, 0x00, 0x04, 0x00,
	0x33, 0x00, 0x00, 0x00, 0x06, 0x00, 0x00, 0x00, 0x04, 0x00, 0x00, 0x00, 0x2B, 0x00, 0x04, 0x00,
	0x06, 0x00, 0x00, 0x00, 0x34, 0x00, 0x00, 0x00, 0x00, 0x00, 0x00, 0x00, 0x2B, 0x00, 0x04, 0x00,
	0x06, 0x00, 0x00, 0x00, 0x37, 0x00, 0x00, 0x00, 0x00, 0x00, 0x00, 0x40, 0x2B, 0x00, 0x04, 0x00,
	0x06, 0x00, 0x00, 0x00, 0x39, 0x00, 0x00, 0x00, 0x00, 0x00, 0x80, 0x3F, 0x2B, 0x00, 0x04, 0x00,
	0x06, 0x00, 0x00, 0x00, 0x40, 0x00, 0x00, 0x00, 0x0A, 0xD7, 0x23, 0x3C, 0x2C, 0x00, 0x06, 0x00,
	0x07, 0x00, 0x00, 0x00, 0x49, 0x00, 0x00, 0x00, 0x34, 0x00, 0x00, 0x00, 0x34, 0x00, 0x00, 0x00,
	0x39, 0x00, 0x00, 0x00, 0x2B, 0x00, 0x04, 0x00, 0x06, 0x00, 0x00, 0x00, 0x53, 0x00, 0x00, 0x00,
	0x17, 0xB7, 0xD1, 0x38, 0x17, 0x00, 0x04, 0x00, 0x60, 0x00, 0x00, 0x00, 0x12, 0x00, 0x00, 0x00,
	0x02, 0x00, 0x00, 0x00, 0x20, 0x00, 0x04, 0x00, 0x61, 0x00, 0x00, 0x00, 0x07, 0x00, 0x00, 0x00,
	0x60, 0x00, 0x00, 0x00, 0x17, 0x00, 0x04, 0x00, 0x63, 0x00, 0x00, 0x00, 0x12, 0x00, 0x00, 0x00,
	0x03, 0x00, 0x00, 0x00, 0x20, 0x00, 0x04, 0x00, 0x64, 0x00, 0x00, 0x00, 0x01, 0x00, 0x00, 0x00,
	0x63, 0x00, 0x00, 0x00, 0x3B, 0x00, 0x04, 0x00, 0x64, 0x00, 0x00, 0x00, 0x65, 0x00, 0x00, 0x00,
	0x01, 0x00, 0x00, 0x00, 0x1E, 0x00, 0x09, 0x00, 0x6A, 0x00, 0x00, 0x00, 0x33, 0x00, 0x00, 0x00,
	0x33, 0x00, 0x00, 0x00, 0x12, 0x00, 0x00, 0x00, 0x12, 0x00, 0x00, 0x00, 0x12, 0x00, 0x00, 0x00,
	0x12, 0x00, 0x00, 0x00, 0x33, 0x00, 0x00, 0x00, 0x20, 0x00, 0x04, 0x00, 0x6B, 0x00, 0x00, 0x00,
	0x09, 0x00, 0x00, 0x00, 0x6A, 0x00, 0x00, 0x00, 0x3B, 0x00, 0x04, 0x00, 0x6B, 0x00, 0x00, 0x00,
	0x6C, 0x00, 0x00, 0x00, 0x09, 0x00, 0x00, 0x00, 0x15, 0x00, 0x04, 0x00, 0x6D, 0x00, 0x00, 0x00,
	0x20, 0x00, 0x00, 0x00, 0x01, 0x00, 0x00, 0x00, 0x2B, 0x00, 0x04, 0x00, 0x6D, 0x00, 0x00, 0x00,
	0x6E, 0x00, 0x00, 0x00, 0x00, 0x00, 0x00, 0x00, 0x20, 0x00, 0x04, 0x00, 0x6F, 0x00, 0x00, 0x00,
	0x09, 0x00, 0x00, 0x00, 0x06, 0x00, 0x00, 0x00, 0x2B, 0x00, 0x04, 0x00, 0x12, 0x00, 0x00, 0x00,
	0x77, 0x00, 0x00, 0x00, 0x01, 0x00, 0x00, 0x00, 0x2B, 0x00, 0x04, 0x00, 0x06, 0x00, 0x00, 0x00,
	0x85, 0x00, 0x00, 0x00, 0x00, 0x00, 0x00, 0x3F, 0x20, 0x00, 0x04, 0x00, 0x88, 0x00, 0x00, 0x00,
	0x09, 0x00, 0x00, 0x00, 0x33, 0x00, 0x00, 0x00, 0x3B, 0x00, 0x04, 0x00, 0x0F, 0x00, 0x00, 0x00,
	0x94, 0x00, 0x00, 0x00, 0x00, 0x00, 0x00, 0x00, 0x20, 0x00, 0x04, 0x00, 0xA0, 0x00, 0x00, 0x00,
	0x07, 0x00, 0x00, 0x00, 0x33, 0x00, 0x00, 0x00, 0x3B, 0x00, 0x04, 0x00, 0x0F, 0x00, 0x00, 0x00,
	0xA2, 0x00, 0x00, 0x00, 0x00, 0x00, 0x00, 0x00, 0x19, 0x00, 0x09, 0x00, 0xA6, 0x00, 0x00, 0x00,
	0x06, 0x00, 0x00, 0x00, 0x01, 0x00, 0x00, 0x00, 0x00, 0x00, 0x00, 0x00, 0x00, 0x00, 0x00, 0x00,
	0x00, 0x00, 0x00, 0x00, 0x02, 0x00, 0x00, 0x00, 0x02, 0x00, 0x00, 0x00, 0x20, 0x00, 0x04, 0x00,
	0xA7, 0x00, 0x00, 0x00, 0x00, 0x00, 0x00, 0x00, 0xA6, 0x00, 0x00, 0x00, 0x3B, 0x00, 0x04, 0x00,
	0xA7, 0x00, 0x00, 0x00, 0xA8, 0x00, 0x00, 0x00, 0x00, 0x00, 0x00, 0x00, 0x17, 0x00, 0x04, 0x00,
	0xAB, 0x00, 0x00, 0x00, 0x6D, 0x00, 0x00, 0x00, 0x02, 0x00, 0x00, 0x00, 0x20, 0x00, 0x04, 0x00,
	0xAF, 0x00, 0x00, 0x00, 0x07, 0x00, 0x00, 0x00, 0x6D, 0x00, 0x00, 0x00, 0x2B, 0x00, 0x04, 0x00,
	0x6D, 0x00, 0x00, 0x00, 0xB1, 0x00, 0x00, 0x00, 0x01, 0x00, 0x00, 0x00, 0x2B, 0x00, 0x04, 0x00,
	0x6D, 0x00, 0x00, 0x00, 0xB5, 0x00, 0x00, 0x00, 0x03, 0x00, 0x00, 0x00, 0x20, 0x00, 0x04, 0x00,
	0xB6, 0x00, 0x00, 0x00, 0x09, 0x00, 0x00, 0x00, 0x12, 0x00, 0x00, 0x00, 0x2B, 0x00, 0x04, 0x00,
	0x12, 0x00, 0x00, 0x00, 0xBC, 0x00, 0x00, 0x00, 0x02, 0x00, 0x00, 0x00, 0x3B, 0x00, 0x04, 0x00,
	0x0F, 0x00, 0x00, 0x00, 0xC3, 0x00, 0x00, 0x00, 0x00, 0x00, 0x00, 0x00, 0x2B, 0x00, 0x04, 0x00,
	0x6D, 0x00, 0x00, 0x00, 0xC9, 0x00, 0x00, 0x00, 0x06, 0x00, 0x00, 0x00, 0x2B, 0x00, 0x04, 0x00,
	0x06, 0x00, 0x00, 0x00, 0xD5, 0x00, 0x00, 0x00, 0x00, 0x00, 0xC0, 0x3F, 0x2B, 0x00, 0x04, 0x00,
	0x12, 0x00, 0x00, 0x00, 0xDD, 0x00, 0x00, 0x00, 0x03, 0x00, 0x00, 0x00, 0x3B, 0x00, 0x04, 0x00,
	0x0F, 0x00, 0x00, 0x00, 0xEC, 0x00, 0x00, 0x00, 0x00, 0x00, 0x00, 0x00, 0x2B, 0x00, 0x04, 0x00,
	0x6D, 0x00, 0x00, 0x00, 0xED, 0x00, 0x00, 0x00, 0x02, 0x00, 0x00, 0x00, 0x3B, 0x00, 0x04, 0x00,
	0x0F, 0x00, 0x00, 0x00, 0xF5, 0x00, 0x00, 0x00, 0x00, 0x00, 0x00, 0x00, 0x2B, 0x00, 0x04, 0x00,
	0x6D, 0x00, 0x00, 0x00, 0x09, 0x01, 0x00, 0x00, 0x05, 0x00, 0x00, 0x00, 0x20, 0x00, 0x04, 0x00,
	0x10, 0x01, 0x00, 0x00, 0x07, 0x00, 0x00, 0x00, 0xAB, 0x00, 0x00, 0x00, 0x2C, 0x00, 0x05, 0x00,
	0xAB, 0x00, 0x00, 0x00, 0x12, 0x01, 0x00, 0x00, 0x6E, 0x00, 0x00, 0x00, 0x6E, 0x00, 0x00, 0x00,
	0x2B, 0x00, 0x04, 0x00, 0x12, 0x00, 0x00, 0x00, 0x4E, 0x01, 0x00, 0x00, 0x05, 0x00, 0x00, 0x00,
	0x1C, 0x00, 0x04, 0x00, 0x4F, 0x01, 0x00, 0x00, 0x06, 0x00, 0x00, 0x00, 0x4E, 0x01, 0x00, 0x00,
	0x2B, 0x00, 0x04, 0x00, 0x06, 0x00, 0x00, 0x00, 0x50, 0x01, 0x00, 0x00, 0x00, 0x00, 0x80, 0x40,
	0x2B, 0x00, 0x04, 0x00, 0x06, 0x00, 0x00, 0x00, 0x51, 0x01, 0x00, 0x00, 0x00, 0x00, 0xC0, 0x40,
	0x2C, 0x00, 0x08, 0x00, 0x4F, 0x01, 0x00, 0x00, 0x52, 0x01, 0x00, 0x00, 0x39, 0x00, 0x00, 0x00,
	0x50, 0x01, 0x00, 0x00, 0x51, 0x01, 0x00, 0x00, 0x50, 0x01, 0x00, 0x00, 0x39, 0x00, 0x00, 0x00,
	0x20, 0x00, 0x04, 0x00, 0x54, 0x01, 0x00, 0x00, 0x07, 0x00, 0x00, 0x00, 0x4F, 0x01, 0x00, 0x00,
	0x2B, 0x00, 0x04, 0x00, 0x06, 0x00, 0x00, 0x00, 0x58, 0x01, 0x00, 0x00, 0x00, 0x00, 0x80, 0x41,
	0x2B, 0x00, 0x04, 0x00, 0x12, 0x00, 0x00, 0x00, 0xD9, 0x01, 0x00, 0x00, 0x08, 0x00, 0x00, 0x00,
	0x2C, 0x00, 0x06, 0x00, 0x63, 0x00, 0x00, 0x00, 0xDA, 0x01, 0x00, 0x00, 0xD9, 0x01, 0x00, 0x00,
	0xD9, 0x01, 0x00, 0x00, 0x77, 0x00, 0x00, 0x00, 0x3B, 0x00, 0x04, 0x00, 0x0F, 0x00, 0x00, 0x00,
	0xDB, 0x01, 0x00, 0x00, 0x00, 0x00, 0x00, 0x00, 0x36, 0x00, 0x05, 0x00, 0x02, 0x00, 0x00, 0x00,
	0x04, 0x00, 0x00, 0x00, 0x00, 0x00, 0x00, 0x00, 0x03, 0x00, 0x00, 0x00, 0xF8, 0x00, 0x02, 0x00,
	0x05, 0x00, 0x00, 0x00, 0x3B, 0x00, 0x04, 0x00, 0x61, 0x00, 0x00, 0x00, 0x62, 0x00, 0x00, 0x00,
	0x07, 0x00, 0x00, 0x00, 0x3B, 0x00, 0x04, 0x00, 0x11, 0x00, 0x00, 0x00, 0x82, 0x00, 0x00, 0x00,
	0x07, 0x00, 0x00, 0x00, 0x3B, 0x00, 0x04, 0x00, 0x11, 0x00, 0x00, 0x00, 0x8D, 0x00, 0x00, 0x00,
	0x07, 0x00, 0x00, 0x00, 0x3B, 0x00, 0x04, 0x00, 0x1A, 0x00, 0x00, 0x00, 0x93, 0x00, 0x00, 0x00,
	0x07, 0x00, 0x00, 0x00, 0x3B, 0x00, 0x04, 0x00, 0xA0, 0x00, 0x00, 0x00, 0xA1, 0x00, 0x00, 0x00,
	0x07, 0x00, 0x00, 0x00, 0x3B, 0x00, 0x04, 0x00, 0xAF, 0x00, 0x00, 0x00, 0xB0, 0x00, 0x00, 0x00,
	0x07, 0x00, 0x00, 0x00, 0x3B, 0x00, 0x04, 0x00, 0x1A, 0x00, 0x00, 0x00, 0xC2, 0x00, 0x00, 0x00,
	0x07, 0x00, 0x00, 0x00, 0x3B, 0x00, 0x04, 0x00, 0x1A, 0x00, 0x00, 0x00, 0xD9, 0x00, 0x00, 0x00,
	0x07, 0x00, 0x00, 0x00, 0x3B, 0x00, 0x04, 0x00, 0xAF, 0x00, 0x00, 0x00, 0xE8, 0x00, 0x00, 0x00,
	0x07, 0x00, 0x00, 0x00, 0x3B, 0x00, 0x04, 0x00, 0x08, 0x00, 0x00, 0x00, 0xEB, 0x00, 0x00, 0x00,
	0x07, 0x00, 0x00, 0x00, 0x3B, 0x00, 0x04, 0x00, 0x11, 0x00, 0x00, 0x00, 0xEE, 0x00, 0x00, 0x00,
	0x07, 0x00, 0x00, 0x00, 0x3B, 0x00, 0x04, 0x00, 0x13, 0x00, 0x00, 0x00, 0xF0, 0x00, 0x00, 0x00,
	0x07, 0x00, 0x00, 0x00, 0x3B, 0x00, 0x04, 0x00, 0x1A, 0x00, 0x00, 0x00, 0xF4, 0x00, 0x00, 0x00,
	0x07, 0x00, 0x00, 0x00, 0x3B, 0x00, 0x04, 0x00, 0xA0, 0x00, 0x00, 0x00, 0xFA, 0x00, 0x00, 0x00,
	0x07, 0x00, 0x00, 0x00, 0x3B, 0x00, 0x04, 0x00, 0x08, 0x00, 0x00, 0x00, 0xFE, 0x00, 0x00, 0x00,
	0x07, 0x00, 0x00, 0x00, 0x3B, 0x00, 0x04, 0x00, 0x1A, 0x00, 0x00, 0x00, 0x01, 0x01, 0x00, 0x00,
	0x07, 0x00, 0x00, 0x00, 0x3B, 0x00, 0x04, 0x00, 0xAF, 0x00, 0x00, 0x00, 0x02, 0x01, 0x00, 0x00,
	0x07, 0x00, 0x00, 0x00, 0x3B, 0x00, 0x04, 0x00, 0x10, 0x01, 0x00, 0x00, 0x11, 0x01, 0x00, 0x00,
	0x07, 0x00, 0x00, 0x00, 0x3B, 0x00, 0x04, 0x00, 0x11, 0x00, 0x00, 0x00, 0x23, 0x01, 0x00, 0x00,
	0x07, 0x00, 0x00, 0x00, 0x3B, 0x00, 0x04, 0x00, 0x1A, 0x00, 0x00, 0x00, 0x2A, 0x01, 0x00, 0x00,
	0x07, 0x00, 0x00, 0x00, 0x3B, 0x00, 0x04, 0x00, 0x08, 0x00, 0x00, 0x00, 0x39, 0x01, 0x00, 0x00,
	0x07, 0x00, 0x00, 0x00, 0x3B, 0x00, 0x04, 0x00, 0x11, 0x00, 0x00, 0x00, 0x3A, 0x01, 0x00, 0x00,
	0x07, 0x00, 0x00, 0x00, 0x3B, 0x00, 0x04, 0x00, 0x13, 0x00, 0x00, 0x00, 0x3C, 0x01, 0x00, 0x00,
	0x07, 0x00, 0x00, 0x00, 0x3B, 0x00, 0x04, 0x00, 0xA0, 0x00, 0x00, 0x00, 0x49, 0x01, 0x00, 0x00,
	0x07, 0x00, 0x00, 0x00, 0x3B, 0x00, 0x04, 0x00, 0x1A, 0x00, 0x00, 0x00, 0x4D, 0x01, 0x00, 0x00,
	0x07, 0x00, 0x00, 0x00, 0x3B, 0x00, 0x05, 0x00, 0x54, 0x01, 0x00, 0x00, 0x55, 0x01, 0x00, 0x00,
	0x07, 0x00, 0x00, 0x00, 0x52, 0x01, 0x00, 0x00, 0x3B, 0x00, 0x04, 0x00, 0x1A, 0x00, 0x00, 0x00,
	0x5F, 0x01, 0x00, 0x00, 0x07, 0x00, 0x00, 0x00, 0x3B, 0x00, 0x04, 0x00, 0x1A, 0x00, 0x00, 0x00,
	0x60, 0x01, 0x00, 0x00, 0x07, 0x00, 0x00, 0x00, 0x3B, 0x00, 0x04, 0x00, 0x1A, 0x00, 0x00, 0x00,
	0x63, 0x01, 0x00, 0x00, 0x07, 0x00, 0x00, 0x00, 0x3B, 0x00, 0x04, 0x00, 0x1A, 0x00, 0x00, 0x00,
	0x66, 0x01, 0x00, 0x00, 0x07, 0x00, 0x00, 0x00, 0x3B, 0x00, 0x04, 0x00, 0x1A, 0x00, 0x00, 0x00,
	0x68, 0x01, 0x00, 0x00, 0x07, 0x00, 0x00, 0x00, 0x3B, 0x00, 0x04, 0x00, 0x1A, 0x00, 0x00, 0x00,
	0x75, 0x01, 0x00, 0x00, 0x07, 0x00, 0x00, 0x00, 0x3B, 0x00, 0x04, 0x00, 0x08, 0x00, 0x00, 0x00,
	0x76, 0x01, 0x00, 0x00, 0x07, 0x00, 0x00, 0x00, 0x3B, 0x00, 0x04, 0x00, 0x08, 0x00, 0x00, 0x00,
	0x7A, 0x01, 0x00, 0x00, 0x07, 0x00, 0x00, 0x00, 0x3B, 0x00, 0x04, 0x00, 0x1A, 0x00, 0x00, 0x00,
	0x80, 0x01, 0x00, 0x00, 0x07, 0x00, 0x00, 0x00, 0x3B, 0x00, 0x04, 0x00, 0x1A, 0x00, 0x00, 0x00,
	0x81, 0x01, 0x00, 0x00, 0x07, 0x00, 0x00, 0x00, 0x3B, 0x00, 0x04, 0x00, 0x1A, 0x00, 0x00, 0x00,
	0x82, 0x01, 0x00, 0x00, 0x07, 0x00, 0x00, 0x00, 0x3B, 0x00, 0x04, 0x00, 0x1A, 0x00, 0x00, 0x00,
	0x83, 0x01, 0x00, 0x00, 0x07, 0x00, 0x00, 0x00, 0x3B, 0x00, 0x04, 0x00, 0x1A, 0x00, 0x00, 0x00,
	0x8B, 0x01, 0x00, 0x00, 0x07, 0x00, 0x00, 0x00, 0x3B, 0x00, 0x04, 0x00, 0x08, 0x00, 0x00, 0x00,
	0x8C, 0x01, 0x00, 0x00, 0x07, 0x00, 0x00, 0x00, 0x3B, 0x00, 0x04, 0x00, 0x08, 0x00, 0x00, 0x00,
	0x90, 0x01, 0x00, 0x00, 0x07, 0x00, 0x00, 0x00, 0x3B, 0x00, 0x04, 0x00, 0x08, 0x00, 0x00, 0x00,
	0xAA, 0x01, 0x00, 0x00, 0x07, 0x00, 0x00, 0x00, 0x3B, 0x00, 0x04, 0x00, 0x1A, 0x00, 0x00, 0x00,
	0xC7, 0x01, 0x00, 0x00, 0x07, 0x00, 0x00, 0x00, 0x3B, 0x00, 0x04, 0x00, 0x08, 0x00, 0x00, 0x00,
	0xC8, 0x01, 0x00, 0x00, 0x07, 0x00, 0x00, 0x00, 0x3D, 0x00, 0x04, 0x00, 0x63, 0x00, 0x00, 0x00,
	0x66, 0x00, 0x00, 0x00, 0x65, 0x00, 0x00, 0x00, 0x4F, 0x00, 0x07, 0x00, 0x60, 0x00, 0x00, 0x00,
	0x67, 0x00, 0x00, 0x00, 0x66, 0x00, 0x00, 0x00, 0x66, 0x00, 0x00, 0x00, 0x00, 0x00, 0x00, 0x00,
	0x01, 0x00, 0x00, 0x00, 0x3E, 0x00, 0x03, 0x00, 0x62, 0x00, 0x00, 0x00, 0x67, 0x00, 0x00, 0x00,
	0x41, 0x00, 0x05, 0x00, 0x13, 0x00, 0x00, 0x00, 0x68, 0x00, 0x00, 0x00, 0x62, 0x00, 0x00, 0x00,
	0x2B, 0x00, 0x00, 0x00, 0x3D, 0x00, 0x04, 0x00, 0x12, 0x00, 0x00, 0x00, 0x69, 0x00, 0x00, 0x00,
	0x68, 0x00, 0x00, 0x00, 0x41, 0x00, 0x06, 0x00, 0x6F, 0x00, 0x00, 0x00, 0x70, 0x00, 0x00, 0x00,
	0x6C, 0x00, 0x00, 0x00, 0x6E, 0x00, 0x00, 0x00, 0x2B, 0x00, 0x00, 0x00, 0x3D, 0x00, 0x04, 0x00,
	0x06, 0x00, 0x00, 0x00, 0x71, 0x00, 0x00, 0x00, 0x70, 0x00, 0x00, 0x00, 0x6D, 0x00, 0x04, 0x00,
	0x12, 0x00, 0x00, 0x00, 0x72, 0x00, 0x00, 0x00, 0x71, 0x00, 0x00, 0x00, 0xAE, 0x00, 0x05, 0x00,
	0x2C, 0x00, 0x00, 0x00, 0x73, 0x00, 0x00, 0x00, 0x69, 0x00, 0x00, 0x00, 0x72, 0x00, 0x00, 0x00,
	0xA8, 0x00, 0x04, 0x00, 0x2C, 0x00, 0x00, 0x00, 0x74, 0x00, 0x00, 0x00, 0x73, 0x00, 0x00, 0x00,
	0xF7, 0x00, 0x03, 0x00, 0x76, 0x00, 0x00, 0x00, 0x00, 0x00, 0x00, 0x00, 0xFA, 0x00, 0x04, 0x00,
	0x74, 0x00, 0x00, 0x00, 0x75, 0x00, 0x00, 0x00, 0x76, 0x00, 0x00, 0x00, 0xF8, 0x00, 0x02, 0x00,
	0x75, 0x00, 0x00, 0x00, 0x41, 0x00, 0x05, 0x00, 0x13, 0x00, 0x00, 0x00, 0x78, 0x00, 0x00, 0x00,
	0x62, 0x00, 0x00, 0x00, 0x77, 0x00, 0x00, 0x00, 0x3D, 0x00, 0x04, 0x00, 0x12, 0x00, 0x00, 0x00,
	0x79, 0x00, 0x00, 0x00, 0x78, 0x00, 0x00, 0x00, 0x41, 0x00, 0x06, 0x00, 0x6F, 0x00, 0x00, 0x00,
	0x7A, 0x00, 0x00, 0x00, 0x6C, 0x00, 0x00, 0x00, 0x6E, 0x00, 0x00, 0x00, 0x77, 0x00, 0x00, 0x00,
	0x3D, 0x00, 0x04, 0x00, 0x06, 0x00, 0x00, 0x00, 0x7B, 0x00, 0x00, 0x00, 0x7A, 0x00, 0x00, 0x00,
	0x6D, 0x00, 0x04, 0x00, 0x12, 0x00, 0x00, 0x00, 0x7C, 0x00, 0x00, 0x00, 0x7B, 0x00, 0x00, 0x00,
	0xAE, 0x00, 0x05, 0x00, 0x2C, 0x00, 0x00, 0x00, 0x7D, 0x00, 0x00, 0x00, 0x79, 0x00, 0x00, 0x00,
	0x7C, 0x00, 0x00, 0x00, 0xF9, 0x00, 0x02, 0x00, 0x76, 0x00, 0x00, 0x00, 0xF8, 0x00, 0x02, 0x00,
	0x76, 0x00, 0x00, 0x00, 0xF5, 0x00, 0x07, 0x00, 0x2C, 0x00, 0x00, 0x00, 0x7E, 0x00, 0x00, 0x00,
	0x73, 0x00, 0x00, 0x00, 0x05, 0x00, 0x00, 0x00, 0x7D, 0x00, 0x00, 0x00, 0x75, 0x00, 0x00, 0x00,
	0xF7, 0x00, 0x03, 0x00, 0x80, 0x00, 0x00, 0x00, 0x00, 0x00, 0x00, 0x00, 0xFA, 0x00, 0x04, 0x00,
	0x7E, 0x00, 0x00, 0x00, 0x7F, 0x00, 0x00, 0x00, 0x80, 0x00, 0x00, 0x00, 0xF8, 0x00, 0x02, 0x00,
	0x7F, 0x00, 0x00, 0x00, 0xFD, 0x00, 0x01, 0x00, 0xF8, 0x00, 0x02, 0x00, 0x80, 0x00, 0x00, 0x00,
	0x3D, 0x00, 0x04, 0x00, 0x60, 0x00, 0x00, 0x00, 0x83, 0x00, 0x00, 0x00, 0x62, 0x00, 0x00, 0x00,
	0x70, 0x00, 0x04, 0x00, 0x10, 0x00, 0x00, 0x00, 0x84, 0x00, 0x00, 0x00, 0x83, 0x00, 0x00, 0x00,
	0x50, 0x00, 0x05, 0x00, 0x10, 0x00, 0x00, 0x00, 0x86, 0x00, 0x00, 0x00, 0x85, 0x00, 0x00, 0x00,
	0x85, 0x00, 0x00, 0x00, 0x81, 0x00, 0x05, 0x00, 0x10, 0x00, 0x00, 0x00, 0x87, 0x00, 0x00, 0x00,
	0x84, 0x00, 0x00, 0x00, 0x86, 0x00, 0x00, 0x00, 0x41, 0x00, 0x05, 0x00, 0x88, 0x00, 0x00, 0x00,
	0x89, 0x00, 0x00, 0x00, 0x6C, 0x00, 0x00, 0x00, 0x6E, 0x00, 0x00, 0x00, 0x3D, 0x00, 0x04, 0x00,
	0x33, 0x00, 0x00, 0x00, 0x8A, 0x00, 0x00, 0x00, 0x89, 0x00, 0x00, 0x00, 0x4F, 0x00, 0x07, 0x00,
	0x10, 0x00, 0x00, 0x00, 0x8B, 0x00, 0x00, 0x00, 0x8A, 0x00, 0x00, 0x00, 0x8A, 0x00, 0x00, 0x00,
	0x00, 0x00, 0x00, 0x00, 0x01, 0x00, 0x00, 0x00, 0x88, 0x00, 0x05, 0x00, 0x10, 0x00, 0x00, 0x00,
	0x8C, 0x00, 0x00, 0x00, 0x87, 0x00, 0x00, 0x00, 0x8B, 0x00, 0x00, 0x00, 0x3E, 0x00, 0x03, 0x00,
	0x82, 0x00, 0x00, 0x00, 0x8C, 0x00, 0x00, 0x00, 0x41, 0x00, 0x05, 0x00, 0x88, 0x00, 0x00, 0x00,
	0x8E, 0x00, 0x00, 0x00, 0x6C, 0x00, 0x00, 0x00, 0x6E, 0x00, 0x00, 0x00, 0x3D, 0x00, 0x04, 0x00,
	0x33, 0x00, 0x00, 0x00, 0x8F, 0x00, 0x00, 0x00, 0x8E, 0x00, 0x00, 0x00, 0x4F, 0x00, 0x07, 0x00,
	0x10, 0x00, 0x00, 0x00, 0x90, 0x00, 0x00, 0x00, 0x8F, 0x00, 0x00, 0x00, 0x8F, 0x00, 0x00, 0x00,
	0x00, 0x00, 0x00, 0x00, 0x01, 0x00, 0x00, 0x00, 0x50, 0x00, 0x05, 0x00, 0x10, 0x00, 0x00, 0x00,
	0x91, 0x00, 0x00, 0x00, 0x39, 0x00, 0x00, 0x00, 0x39, 0x00, 0x00, 0x00, 0x88, 0x00, 0x05, 0x00,
	0x10, 0x00, 0x00, 0x00, 0x92, 0x00, 0x00, 0x00, 0x91, 0x00, 0x00, 0x00, 0x90, 0x00, 0x00, 0x00,
	0x3E, 0x00, 0x03, 0x00, 0x8D, 0x00, 0x00, 0x00, 0x92, 0x00, 0x00, 0x00, 0x3D, 0x00, 0x04, 0x00,
	0x0E, 0x00, 0x00, 0x00, 0x95, 0x00, 0x00, 0x00, 0x94, 0x00, 0x00, 0x00, 0x3D, 0x00, 0x04, 0x00,
	0x10, 0x00, 0x00, 0x00, 0x96, 0x00, 0x00, 0x00, 0x82, 0x00, 0x00, 0x00, 0x58, 0x00, 0x07, 0x00,
	0x33, 0x00, 0x00, 0x00, 0x97, 0x00, 0x00, 0x00, 0x95, 0x00, 0x00, 0x00, 0x96, 0x00, 0x00, 0x00,
	0x02, 0x00, 0x00, 0x00, 0x34, 0x00, 0x00, 0x00, 0x51, 0x00, 0x05, 0x00, 0x06, 0x00, 0x00, 0x00,
	0x98, 0x00, 0x00, 0x00, 0x97, 0x00, 0x00, 0x00, 0x00, 0x00, 0x00, 0x00, 0x3E, 0x00, 0x03, 0x00,
	0x93, 0x00, 0x00, 0x00, 0x98, 0x00, 0x00, 0x00, 0x3D, 0x00, 0x04, 0x00, 0x06, 0x00, 0x00, 0x00,
	0x99, 0x00, 0x00, 0x00, 0x93, 0x00, 0x00, 0x00, 0xBC, 0x00, 0x05, 0x00, 0x2C, 0x00, 0x00, 0x00,
	0x9A, 0x00, 0x00, 0x00, 0x99, 0x00, 0x00, 0x00, 0x34, 0x00, 0x00, 0x00, 0x3D, 0x00, 0x04, 0x00,
	0x06, 0x00, 0x00, 0x00, 0x9B, 0x00, 0x00, 0x00, 0x93, 0x00, 0x00, 0x00, 0xBE, 0x00, 0x05, 0x00,
	0x2C, 0x00, 0x00, 0x00, 0x9C, 0x00, 0x00, 0x00, 0x9B, 0x00, 0x00, 0x00, 0x39, 0x00, 0x00, 0x00,
	0xA6, 0x00, 0x05, 0x00, 0x2C, 0x00, 0x00, 0x00, 0x9D, 0x00, 0x00, 0x00, 0x9A, 0x00, 0x00, 0x00,
	0x9C, 0x00, 0x00, 0x00, 0xF7, 0x00, 0x03, 0x00, 0x9F, 0x00, 0x00, 0x00, 0x00, 0x00, 0x00, 0x00,
	0xFA, 0x00, 0x04, 0x00, 0x9D, 0x00, 0x00, 0x00, 0x9E, 0x00, 0x00, 0x00, 0x9F, 0x00, 0x00, 0x00,
	0xF8, 0x00, 0x02, 0x00, 0x9E, 0x00, 0x00, 0x00, 0x3D, 0x00, 0x04, 0x00, 0x0E, 0x00, 0x00, 0x00,
	0xA3, 0x00, 0x00, 0x00, 0xA2, 0x00, 0x00, 0x00, 0x3D, 0x00, 0x04, 0x00, 0x10, 0x00, 0x00, 0x00,
	0xA4, 0x00, 0x00, 0x00, 0x82, 0x00, 0x00, 0x00, 0x58, 0x00, 0x07, 0x00, 0x33, 0x00, 0x00, 0x00,
	0xA5, 0x00, 0x00, 0x00, 0xA3, 0x00, 0x00, 0x00, 0xA4, 0x00, 0x00, 0x00, 0x02, 0x00, 0x00, 0x00,
	0x34, 0x00, 0x00, 0x00, 0x3E, 0x00, 0x03, 0x00, 0xA1, 0x00, 0x00, 0x00, 0xA5, 0x00, 0x00, 0x00,
	0x3D, 0x00, 0x04, 0x00, 0xA6, 0x00, 0x00, 0x00, 0xA9, 0x00, 0x00, 0x00, 0xA8, 0x00, 0x00, 0x00,
	0x3D, 0x00, 0x04, 0x00, 0x60, 0x00, 0x00, 0x00, 0xAA, 0x00, 0x00, 0x00, 0x62, 0x00, 0x00, 0x00,
	0x7C, 0x00, 0x04, 0x00, 0xAB, 0x00, 0x00, 0x00, 0xAC, 0x00, 0x00, 0x00, 0xAA, 0x00, 0x00, 0x00,
	0x3D, 0x00, 0x04, 0x00, 0x33, 0x00, 0x00, 0x00, 0xAD, 0x00, 0x00, 0x00, 0xA1, 0x00, 0x00, 0x00,
	0x63, 0x00, 0x04, 0x00, 0xA9, 0x00, 0x00, 0x00, 0xAC, 0x00, 0x00, 0x00, 0xAD, 0x00, 0x00, 0x00,
	0xFD, 0x00, 0x01, 0x00, 0xF8, 0x00, 0x02, 0x00, 0x9F, 0x00, 0x00, 0x00, 0x41, 0x00, 0x06, 0x00,
	0x6F, 0x00, 0x00, 0x00, 0xB2, 0x00, 0x00, 0x00, 0x6C, 0x00, 0x00, 0x00, 0xB1, 0x00, 0x00, 0x00,
	0x2B, 0x00, 0x00, 0x00, 0x3D, 0x00, 0x04, 0x00, 0x06, 0x00, 0x00, 0x00, 0xB3, 0x00, 0x00, 0x00,
	0xB2, 0x00, 0x00, 0x00, 0x6E, 0x00, 0x04, 0x00, 0x6D, 0x00, 0x00, 0x00, 0xB4, 0x00, 0x00, 0x00,
	0xB3, 0x00, 0x00, 0x00, 0x3E, 0x00, 0x03, 0x00, 0xB0, 0x00, 0x00, 0x00, 0xB4, 0x00, 0x00, 0x00,
	0x41, 0x00, 0x05, 0x00, 0xB6, 0x00, 0x00, 0x00, 0xB7, 0x00, 0x00, 0x00, 0x6C, 0x00, 0x00, 0x00,
	0xB5, 0x00, 0x00, 0x00, 0x3D, 0x00, 0x04, 0x00, 0x12, 0x00, 0x00, 0x00, 0xB8, 0x00, 0x00, 0x00,
	0xB7, 0x00, 0x00, 0x00, 0xAB, 0x00, 0x05, 0x00, 0x2C, 0x00, 0x00, 0x00, 0xB9, 0x00, 0x00, 0x00,
	0xB8, 0x00, 0x00, 0x00, 0x2B, 0x00, 0x00, 0x00, 0xF7, 0x00, 0x03, 0x00, 0xBB, 0x00, 0x00, 0x00,
	0x00, 0x00, 0x00, 0x00, 0xFA, 0x00, 0x04, 0x00, 0xB9, 0x00, 0x00, 0x00, 0xBA, 0x00, 0x00, 0x00,
	0xBB, 0x00, 0x00, 0x00, 0xF8, 0x00, 0x02, 0x00, 0xBA, 0x00, 0x00, 0x00, 0x41, 0x00, 0x06, 0x00,
	0x6F, 0x00, 0x00, 0x00, 0xBD, 0x00, 0x00, 0x00, 0x6C, 0x00, 0x00, 0x00, 0xB1, 0x00, 0x00, 0x00,
	0xBC, 0x00, 0x00, 0x00, 0x3D, 0x00, 0x04, 0x00, 0x06, 0x00, 0x00, 0x00, 0xBE, 0x00, 0x00, 0x00,
	0xBD, 0x00, 0x00, 0x00, 0xB8, 0x00, 0x05, 0x00, 0x2C, 0x00, 0x00, 0x00, 0xBF, 0x00, 0x00, 0x00,
	0xBE, 0x00, 0x00, 0x00, 0x85, 0x00, 0x00, 0x00, 0xF7, 0x00, 0x03, 0x00, 0xC1, 0x00, 0x00, 0x00,
	0x00, 0x00, 0x00, 0x00, 0xFA, 0x00, 0x04, 0x00, 0xBF, 0x00, 0x00, 0x00, 0xC0, 0x00, 0x00, 0x00,
	0xD2, 0x00, 0x00, 0x00, 0xF8, 0x00, 0x02, 0x00, 0xC0, 0x00, 0x00, 0x00, 0x3D, 0x00, 0x04, 0x00,
	0x0E, 0x00, 0x00, 0x00, 0xC4, 0x00, 0x00, 0x00, 0xC3, 0x00, 0x00, 0x00, 0x3D, 0x00, 0x04, 0x00,
	0x10, 0x00, 0x00, 0x00, 0xC5, 0x00, 0x00, 0x00, 0x82, 0x00, 0x00, 0x00, 0x58, 0x00, 0x07, 0x00,
	0x33, 0x00, 0x00, 0x00, 0xC6, 0x00, 0x00, 0x00, 0xC4, 0x00, 0x00, 0x00, 0xC5, 0x00, 0x00, 0x00,
	0x02, 0x00, 0x00, 0x00, 0x34, 0x00, 0x00, 0x00, 0x51, 0x00, 0x05, 0x00, 0x06, 0x00, 0x00, 0x00,
	0xC7, 0x00, 0x00, 0x00, 0xC6, 0x00, 0x00, 0x00, 0x01, 0x00, 0x00, 0x00, 0x3E, 0x00, 0x03, 0x00,
	0xC2, 0x00, 0x00, 0x00, 0xC7, 0x00, 0x00, 0x00, 0x3D, 0x00, 0x04, 0x00, 0x06, 0x00, 0x00, 0x00,
	0xC8, 0x00, 0x00, 0x00, 0xC2, 0x00, 0x00, 0x00, 0x41, 0x00, 0x06, 0x00, 0x6F, 0x00, 0x00, 0x00,
	0xCA, 0x00, 0x00, 0x00, 0x6C, 0x00, 0x00, 0x00, 0xC9, 0x00, 0x00, 0x00, 0xBC, 0x00, 0x00, 0x00,
	0x3D, 0x00, 0x04, 0x00, 0x06, 0x00, 0x00, 0x00, 0xCB, 0x00, 0x00, 0x00, 0xCA, 0x00, 0x00, 0x00,
	0xBA, 0x00, 0x05, 0x00, 0x2C, 0x00, 0x00, 0x00, 0xCC, 0x00, 0x00, 0x00, 0xC8, 0x00, 0x00, 0x00,
	0xCB, 0x00, 0x00, 0x00, 0x3D, 0x00, 0x04, 0x00, 0x6D, 0x00, 0x00, 0x00, 0xCD, 0x00, 0x00, 0x00,
	0xB0, 0x00, 0x00, 0x00, 0xAA, 0x00, 0x05, 0x00, 0x2C, 0x00, 0x00, 0x00, 0xCE, 0x00, 0x00, 0x00,
	0xCD, 0x00, 0x00, 0x00, 0x6E, 0x00, 0x00, 0x00, 0xA7, 0x00, 0x05, 0x00, 0x2C, 0x00, 0x00, 0x00,
	0xCF, 0x00, 0x00, 0x00, 0xCC, 0x00, 0x00, 0x00, 0xCE, 0x00, 0x00, 0x00, 0xF7, 0x00, 0x03, 0x00,
	0xD1, 0x00, 0x00, 0x00, 0x00, 0x00, 0x00, 0x00, 0xFA, 0x00, 0x04, 0x00, 0xCF, 0x00, 0x00, 0x00,
	0xD0, 0x00, 0x00, 0x00, 0xD1, 0x00, 0x00, 0x00, 0xF8, 0x00, 0x02, 0x00, 0xD0, 0x00, 0x00, 0x00,
	0x3E, 0x00, 0x03, 0x00, 0xB0, 0x00, 0x00, 0x00, 0xB1, 0x00, 0x00, 0x00, 0xF9, 0x00, 0x02, 0x00,
	0xD1, 0x00, 0x00, 0x00, 0xF8, 0x00, 0x02, 0x00, 0xD1, 0x00, 0x00, 0x00, 0xF9, 0x00, 0x02, 0x00,
	0xC1, 0x00, 0x00, 0x00, 0xF8, 0x00, 0x02, 0x00, 0xD2, 0x00, 0x00, 0x00, 0x41, 0x00, 0x06, 0x00,
	0x6F, 0x00, 0x00, 0x00, 0xD3, 0x00, 0x00, 0x00, 0x6C, 0x00, 0x00, 0x00, 0xB1, 0x00, 0x00, 0x00,
	0xBC, 0x00, 0x00, 0x00, 0x3D, 0x00, 0x04, 0x00, 0x06, 0x00, 0x00, 0x00, 0xD4, 0x00, 0x00, 0x00,
	0xD3, 0x00, 0x00, 0x00, 0xB8, 0x00, 0x05, 0x00, 0x2C, 0x00, 0x00, 0x00, 0xD6, 0x00, 0x00, 0x00,
	0xD4, 0x00, 0x00, 0x00, 0xD5, 0x00, 0x00, 0x00, 0xF7, 0x00, 0x03, 0x00, 0xD8, 0x00, 0x00, 0x00,
	0x00, 0x00, 0x00, 0x00, 0xFA, 0x00, 0x04, 0x00, 0xD6, 0x00, 0x00, 0x00, 0xD7, 0x00, 0x00, 0x00,
	0xD8, 0x00, 0x00, 0x00, 0xF8, 0x00, 0x02, 0x00, 0xD7, 0x00, 0x00, 0x00, 0x3D, 0x00, 0x04, 0x00,
	0x0E, 0x00, 0x00, 0x00, 0xDA, 0x00, 0x00, 0x00, 0xC3, 0x00, 0x00, 0x00, 0x3D, 0x00, 0x04, 0x00,
	0x10, 0x00, 0x00, 0x00, 0xDB, 0x00, 0x00, 0x00, 0x82, 0x00, 0x00, 0x00, 0x58, 0x00, 0x07, 0x00,
	0x33, 0x00, 0x00, 0x00, 0xDC, 0x00, 0x00, 0x00, 0xDA, 0x00, 0x00, 0x00, 0xDB, 0x00, 0x00, 0x00,
	0x02, 0x00, 0x00, 0x00, 0x34, 0x00, 0x00, 0x00, 0x51, 0x00, 0x05, 0x00, 0x06, 0x00, 0x00, 0x00,
	0xDE, 0x00, 0x00, 0x00, 0xDC, 0x00, 0x00, 0x00, 0x03, 0x00, 0x00, 0x00, 0x3E, 0x00, 0x03, 0x00,
	0xD9, 0x00, 0x00, 0x00, 0xDE, 0x00, 0x00, 0x00, 0x3D, 0x00, 0x04, 0x00, 0x06, 0x00, 0x00, 0x00,
	0xDF, 0x00, 0x00, 0x00, 0xD9, 0x00, 0x00, 0x00, 0x41, 0x00, 0x06, 0x00, 0x6F, 0x00, 0x00, 0x00,
	0xE0, 0x00, 0x00, 0x00, 0x6C, 0x00, 0x00, 0x00, 0xC9, 0x00, 0x00, 0x00, 0xDD, 0x00, 0x00, 0x00,
	0x3D, 0x00, 0x04, 0x00, 0x06, 0x00, 0x00, 0x00, 0xE1, 0x00, 0x00, 0x00, 0xE0, 0x00, 0x00, 0x00,
	0xBA, 0x00, 0x05, 0x00, 0x2C, 0x00, 0x00, 0x00, 0xE2, 0x00, 0x00, 0x00, 0xDF, 0x00, 0x00, 0x00,
	0xE1, 0x00, 0x00, 0x00, 0x3D, 0x00, 0x04, 0x00, 0x6D, 0x00, 0x00, 0x00, 0xE3, 0x00, 0x00, 0x00,
	0xB0, 0x00, 0x00, 0x00, 0xAA, 0x00, 0x05, 0x00, 0x2C, 0x00, 0x00, 0x00, 0xE4, 0x00, 0x00, 0x00,
	0xE3, 0x00, 0x00, 0x00, 0x6E, 0x00, 0x00, 0x00, 0xA7, 0x00, 0x05, 0x00, 0x2C, 0x00, 0x00, 0x00,
	0xE5, 0x00, 0x00, 0x00, 0xE2, 0x00, 0x00, 0x00, 0xE4, 0x00, 0x00, 0x00, 0xF7, 0x00, 0x03, 0x00,
	0xE7, 0x00, 0x00, 0x00, 0x00, 0x00, 0x00, 0x00, 0xFA, 0x00, 0x04, 0x00, 0xE5, 0x00, 0x00, 0x00,
	0xE6, 0x00, 0x00, 0x00, 0xE7, 0x00, 0x00, 0x00, 0xF8, 0x00, 0x02, 0x00, 0xE6, 0x00, 0x00, 0x00,
	0x3E, 0x00, 0x03, 0x00, 0xB0, 0x00, 0x00, 0x00, 0xB1, 0x00, 0x00, 0x00, 0xF9, 0x00, 0x02, 0x00,
	0xE7, 0x00, 0x00, 0x00, 0xF8, 0x00, 0x02, 0x00, 0xE7, 0x00, 0x00, 0x00, 0xF9, 0x00, 0x02, 0x00,
	0xD8, 0x00, 0x00, 0x00, 0xF8, 0x00, 0x02, 0x00, 0xD8, 0x00, 0x00, 0x00, 0xF9, 0x00, 0x02, 0x00,
	0xC1, 0x00, 0x00, 0x00, 0xF8, 0x00, 0x02, 0x00, 0xC1, 0x00, 0x00, 0x00, 0xF9, 0x00, 0x02, 0x00,
	0xBB, 0x00, 0x00, 0x00, 0xF8, 0x00, 0x02, 0x00, 0xBB, 0x00, 0x00, 0x00, 0x3D, 0x00, 0x04, 0x00,
	0x6D, 0x00, 0x00, 0x00, 0xE9, 0x00, 0x00, 0x00, 0xB0, 0x00, 0x00, 0x00, 0xC4, 0x00, 0x05, 0x00,
	0x6D, 0x00, 0x00, 0x00, 0xEA, 0x00, 0x00, 0x00, 0xB1, 0x00, 0x00, 0x00, 0xE9, 0x00, 0x00, 0x00,
	0x3E, 0x00, 0x03, 0x00, 0xE8, 0x00, 0x00, 0x00, 0xEA, 0x00, 0x00, 0x00, 0x3D, 0x00, 0x04, 0x00,
	0x10, 0x00, 0x00, 0x00, 0xEF, 0x00, 0x00, 0x00, 0x82, 0x00, 0x00, 0x00, 0x3E, 0x00, 0x03, 0x00,
	0xEE, 0x00, 0x00, 0x00, 0xEF, 0x00, 0x00, 0x00, 0x41, 0x00, 0x05, 0x00, 0xB6, 0x00, 0x00, 0x00,
	0xF1, 0x00, 0x00, 0x00, 0x6C, 0x00, 0x00, 0x00, 0xED, 0x00, 0x00, 0x00, 0x3D, 0x00, 0x04, 0x00,
	0x12, 0x00, 0x00, 0x00, 0xF2, 0x00, 0x00, 0x00, 0xF1, 0x00, 0x00, 0x00, 0x3E, 0x00, 0x03, 0x00,
	0xF0, 0x00, 0x00, 0x00, 0xF2, 0x00, 0x00, 0x00, 0x39, 0x00, 0x07, 0x00, 0x07, 0x00, 0x00, 0x00,
	0xF3, 0x00, 0x00, 0x00, 0x18, 0x00, 0x00, 0x00, 0xEC, 0x00, 0x00, 0x00, 0xEE, 0x00, 0x00, 0x00,
	0xF0, 0x00, 0x00, 0x00, 0x3E, 0x00, 0x03, 0x00, 0xEB, 0x00, 0x00, 0x00, 0xF3, 0x00, 0x00, 0x00,
	0x3D, 0x00, 0x04, 0x00, 0x0E, 0x00, 0x00, 0x00, 0xF6, 0x00, 0x00, 0x00, 0xF5, 0x00, 0x00, 0x00,
	0x3D, 0x00, 0x04, 0x00, 0x10, 0x00, 0x00, 0x00, 0xF7, 0x00, 0x00, 0x00, 0x82, 0x00, 0x00, 0x00,
	0x58, 0x00, 0x07, 0x00, 0x33, 0x00, 0x00, 0x00, 0xF8, 0x00, 0x00, 0x00, 0xF6, 0x00, 0x00, 0x00,
	0xF7, 0x00, 0x00, 0x00, 0x02, 0x00, 0x00, 0x00, 0x34, 0x00, 0x00, 0x00, 0x51, 0x00, 0x05, 0x00,
	0x06, 0x00, 0x00, 0x00, 0xF9, 0x00, 0x00, 0x00, 0xF8, 0x00, 0x00, 0x00, 0x00, 0x00, 0x00, 0x00,
	0x3E, 0x00, 0x03, 0x00, 0xF4, 0x00, 0x00, 0x00, 0xF9, 0x00, 0x00, 0x00, 0x3D, 0x00, 0x04, 0x00,
	0x0E, 0x00, 0x00, 0x00, 0xFB, 0x00, 0x00, 0x00, 0xA2, 0x00, 0x00, 0x00, 0x3D, 0x00, 0x04, 0x00,
	0x10, 0x00, 0x00, 0x00, 0xFC, 0x00, 0x00, 0x00, 0x82, 0x00, 0x00, 0x00, 0x58, 0x00, 0x07, 0x00,
	0x33, 0x00, 0x00, 0x00, 0xFD, 0x00, 0x00, 0x00, 0xFB, 0x00, 0x00, 0x00, 0xFC, 0x00, 0x00, 0x00,
	0x02, 0x00, 0x00, 0x00, 0x34, 0x00, 0x00, 0x00, 0x3E, 0x00, 0x03, 0x00, 0xFA, 0x00, 0x00, 0x00,
	0xFD, 0x00, 0x00, 0x00, 0x3D, 0x00, 0x04, 0x00, 0x33, 0x00, 0x00, 0x00, 0xFF, 0x00, 0x00, 0x00,
	0xFA, 0x00, 0x00, 0x00, 0x4F, 0x00, 0x08, 0x00, 0x07, 0x00, 0x00, 0x00, 0x00, 0x01, 0x00, 0x00,
	0xFF, 0x00, 0x00, 0x00, 0xFF, 0x00, 0x00, 0x00, 0x00, 0x00, 0x00, 0x00, 0x01, 0x00, 0x00, 0x00,
	0x02, 0x00, 0x00, 0x00, 0x3E, 0x00, 0x03, 0x00, 0xFE, 0x00, 0x00, 0x00, 0x00, 0x01, 0x00, 0x00,
	0x3E, 0x00, 0x03, 0x00, 0x01, 0x01, 0x00, 0x00, 0x39, 0x00, 0x00, 0x00, 0x3E, 0x00, 0x03, 0x00,
	0x02, 0x01, 0x00, 0x00, 0x6E, 0x00, 0x00, 0x00, 0xF9, 0x00, 0x02, 0x00, 0x03, 0x01, 0x00, 0x00,
	0xF8, 0x00, 0x02, 0x00, 0x03, 0x01, 0x00, 0x00, 0xF6, 0x00, 0x04, 0x00, 0x05, 0x01, 0x00, 0x00,
	0x06, 0x01, 0x00, 0x00, 0x00, 0x00, 0x00, 0x00, 0xF9, 0x00, 0x02, 0x00, 0x07, 0x01, 0x00, 0x00,
	0xF8, 0x00, 0x02, 0x00, 0x07, 0x01, 0x00, 0x00, 0x3D, 0x00, 0x04, 0x00, 0x6D, 0x00, 0x00, 0x00,
	0x08, 0x01, 0x00, 0x00, 0x02, 0x01, 0x00, 0x00, 0xB1, 0x00, 0x05, 0x00, 0x2C, 0x00, 0x00, 0x00,
	0x0A, 0x01, 0x00, 0x00, 0x08, 0x01, 0x00, 0x00, 0x09, 0x01, 0x00, 0x00, 0xFA, 0x00, 0x04, 0x00,
	0x0A, 0x01, 0x00, 0x00, 0x04, 0x01, 0x00, 0x00, 0x05, 0x01, 0x00, 0x00, 0xF8, 0x00, 0x02, 0x00,
	0x04, 0x01, 0x00, 0x00, 0x3D, 0x00, 0x04, 0x00, 0x6D, 0x00, 0x00, 0x00, 0x0B, 0x01, 0x00, 0x00,
	0x02, 0x01, 0x00, 0x00, 0xAA, 0x00, 0x05, 0x00, 0x2C, 0x00, 0x00, 0x00, 0x0C, 0x01, 0x00, 0x00,
	0x0B, 0x01, 0x00, 0x00, 0xED, 0x00, 0x00, 0x00, 0xF7, 0x00, 0x03, 0x00, 0x0E, 0x01, 0x00, 0x00,
	0x00, 0x00, 0x00, 0x00, 0xFA, 0x00, 0x04, 0x00, 0x0C, 0x01, 0x00, 0x00, 0x0D, 0x01, 0x00, 0x00,
	0x0E, 0x01, 0x00, 0x00, 0xF8, 0x00, 0x02, 0x00, 0x0D, 0x01, 0x00, 0x00, 0xF9, 0x00, 0x02, 0x00,
	0x06, 0x01, 0x00, 0x00, 0xF8, 0x00, 0x02, 0x00, 0x0E, 0x01, 0x00, 0x00, 0x3E, 0x00, 0x03, 0x00,
	0x11, 0x01, 0x00, 0x00, 0x12, 0x01, 0x00, 0x00, 0x41, 0x00, 0x06, 0x00, 0x6F, 0x00, 0x00, 0x00,
	0x13, 0x01, 0x00, 0x00, 0x6C, 0x00, 0x00, 0x00, 0xB1, 0x00, 0x00, 0x00, 0xDD, 0x00, 0x00, 0x00,
	0x3D, 0x00, 0x04, 0x00, 0x06, 0x00, 0x00, 0x00, 0x14, 0x01, 0x00, 0x00, 0x13, 0x01, 0x00, 0x00,
	0xB8, 0x00, 0x05, 0x00, 0x2C, 0x00, 0x00, 0x00, 0x15, 0x01, 0x00, 0x00, 0x14, 0x01, 0x00, 0x00,
	0x85, 0x00, 0x00, 0x00, 0xF7, 0x00, 0x03, 0x00, 0x17, 0x01, 0x00, 0x00, 0x00, 0x00, 0x00, 0x00,
	0xFA, 0x00, 0x04, 0x00, 0x15, 0x01, 0x00, 0x00, 0x16, 0x01, 0x00, 0x00, 0x1D, 0x01, 0x00, 0x00,
	0xF8, 0x00, 0x02, 0x00, 0x16, 0x01, 0x00, 0x00, 0x3D, 0x00, 0x04, 0x00, 0x6D, 0x00, 0x00, 0x00,
	0x18, 0x01, 0x00, 0x00, 0x02, 0x01, 0x00, 0x00, 0x82, 0x00, 0x05, 0x00, 0x6D, 0x00, 0x00, 0x00,
	0x19, 0x01, 0x00, 0x00, 0x18, 0x01, 0x00, 0x00, 0xED, 0x00, 0x00, 0x00, 0x3D, 0x00, 0x04, 0x00,
	0x6D, 0x00, 0x00, 0x00, 0x1A, 0x01, 0x00, 0x00, 0xE8, 0x00, 0x00, 0x00, 0x84, 0x00, 0x05, 0x00,
	0x6D, 0x00, 0x00, 0x00, 0x1B, 0x01, 0x00, 0x00, 0x19, 0x01, 0x00, 0x00, 0x1A, 0x01, 0x00, 0x00,
	0x41, 0x00, 0x05, 0x00, 0xAF, 0x00, 0x00, 0x00, 0x1C, 0x01, 0x00, 0x00, 0x11, 0x01, 0x00, 0x00,
	0x2B, 0x00, 0x00, 0x00, 0x3E, 0x00, 0x03, 0x00, 0x1C, 0x01, 0x00, 0x00, 0x1B, 0x01, 0x00, 0x00,
	0xF9, 0x00, 0x02, 0x00, 0x17, 0x01, 0x00, 0x00, 0xF8, 0x00, 0x02, 0x00, 0x1D, 0x01, 0x00, 0x00,
	0x3D, 0x00, 0x04, 0x00, 0x6D, 0x00, 0x00, 0x00, 0x1E, 0x01, 0x00, 0x00, 0x02, 0x01, 0x00, 0x00,
	0x82, 0x00, 0x05, 0x00, 0x6D, 0x00, 0x00, 0x00, 0x1F, 0x01, 0x00, 0x00, 0x1E, 0x01, 0x00, 0x00,
	0xED, 0x00, 0x00, 0x00, 0x3D, 0x00, 0x04, 0x00, 0x6D, 0x00, 0x00, 0x00, 0x20, 0x01, 0x00, 0x00,
	0xE8, 0x00, 0x00, 0x00, 0x84, 0x00, 0x05, 0x00, 0x6D, 0x00, 0x00, 0x00, 0x21, 0x01, 0x00, 0x00,
	0x1F, 0x01, 0x00, 0x00, 0x20, 0x01, 0x00, 0x00, 0x41, 0x00, 0x05, 0x00, 0xAF, 0x00, 0x00, 0x00,
	0x22, 0x01, 0x00, 0x00, 0x11, 0x01, 0x00, 0x00, 0x77, 0x00, 0x00, 0x00, 0x3E, 0x00, 0x03, 0x00,
	0x22, 0x01, 0x00, 0x00, 0x21, 0x01, 0x00, 0x00, 0xF9, 0x00, 0x02, 0x00, 0x17, 0x01, 0x00, 0x00,
	0xF8, 0x00, 0x02, 0x00, 0x17, 0x01, 0x00, 0x00, 0x3D, 0x00, 0x04, 0x00, 0x10, 0x00, 0x00, 0x00,
	0x24, 0x01, 0x00, 0x00, 0x82, 0x00, 0x00, 0x00, 0x3D, 0x00, 0x04, 0x00, 0xAB, 0x00, 0x00, 0x00,
	0x25, 0x01, 0x00, 0x00, 0x11, 0x01, 0x00, 0x00, 0x6F, 0x00, 0x04, 0x00, 0x10, 0x00, 0x00, 0x00,
	0x26, 0x01, 0x00, 0x00, 0x25, 0x01, 0x00, 0x00, 0x3D, 0x00, 0x04, 0x00, 0x10, 0x00, 0x00, 0x00,
	0x27, 0x01, 0x00, 0x00, 0x8D, 0x00, 0x00, 0x00, 0x85, 0x00, 0x05, 0x00, 0x10, 0x00, 0x00, 0x00,
	0x28, 0x01, 0x00, 0x00, 0x26, 0x01, 0x00, 0x00, 0x27, 0x01, 0x00, 0x00, 0x81, 0x00, 0x05, 0x00,
	0x10, 0x00, 0x00, 0x00, 0x29, 0x01, 0x00, 0x00, 0x24, 0x01, 0x00, 0x00, 0x28, 0x01, 0x00, 0x00,
	0x3E, 0x00, 0x03, 0x00, 0x23, 0x01, 0x00, 0x00, 0x29, 0x01, 0x00, 0x00, 0x3D, 0x00, 0x04, 0x00,
	0x0E, 0x00, 0x00, 0x00, 0x2B, 0x01, 0x00, 0x00, 0x94, 0x00, 0x00, 0x00, 0x3D, 0x00, 0x04, 0x00,
	0x10, 0x00, 0x00, 0x00, 0x2C, 0x01, 0x00, 0x00, 0x23, 0x01, 0x00, 0x00, 0x58, 0x00, 0x07, 0x00,
	0x33, 0x00, 0x00, 0x00, 0x2D, 0x01, 0x00, 0x00, 0x2B, 0x01, 0x00, 0x00, 0x2C, 0x01, 0x00, 0x00,
	0x02, 0x00, 0x00, 0x00, 0x34, 0x00, 0x00, 0x00, 0x51, 0x00, 0x05, 0x00, 0x06, 0x00, 0x00, 0x00,
	0x2E, 0x01, 0x00, 0x00, 0x2D, 0x01, 0x00, 0x00, 0x00, 0x00, 0x00, 0x00, 0x3E, 0x00, 0x03, 0x00,
	0x2A, 0x01, 0x00, 0x00, 0x2E, 0x01, 0x00, 0x00, 0x3D, 0x00, 0x04, 0x00, 0x06, 0x00, 0x00, 0x00,
	0x2F, 0x01, 0x00, 0x00, 0x2A, 0x01, 0x00, 0x00, 0x3D, 0x00, 0x04, 0x00, 0x06, 0x00, 0x00, 0x00,
	0x30, 0x01, 0x00, 0x00, 0x93, 0x00, 0x00, 0x00, 0x83, 0x00, 0x05, 0x00, 0x06, 0x00, 0x00, 0x00,
	0x31, 0x01, 0x00, 0x00, 0x2F, 0x01, 0x00, 0x00, 0x30, 0x01, 0x00, 0x00, 0x0C, 0x00, 0x06, 0x00,
	0x06, 0x00, 0x00, 0x00, 0x32, 0x01, 0x00, 0x00, 0x01, 0x00, 0x00, 0x00, 0x04, 0x00, 0x00, 0x00,
	0x31, 0x01, 0x00, 0x00, 0x41, 0x00, 0x06, 0x00, 0x6F, 0x00, 0x00, 0x00, 0x33, 0x01, 0x00, 0x00,
	0x6C, 0x00, 0x00, 0x00, 0xC9, 0x00, 0x00, 0x00, 0x2B, 0x00, 0x00, 0x00, 0x3D, 0x00, 0x04, 0x00,
	0x06, 0x00, 0x00, 0x00, 0x34, 0x01, 0x00, 0x00, 0x33, 0x01, 0x00, 0x00, 0xBA, 0x00, 0x05, 0x00,
	0x2C, 0x00, 0x00, 0x00, 0x35, 0x01, 0x00, 0x00, 0x32, 0x01, 0x00, 0x00, 0x34, 0x01, 0x00, 0x00,
	0xF7, 0x00, 0x03, 0x00, 0x37, 0x01, 0x00, 0x00, 0x00, 0x00, 0x00, 0x00, 0xFA, 0x00, 0x04, 0x00,
	0x35, 0x01, 0x00, 0x00, 0x36, 0x01, 0x00, 0x00, 0x37, 0x01, 0x00, 0x00, 0xF8, 0x00, 0x02, 0x00,
	0x36, 0x01, 0x00, 0x00, 0xF9, 0x00, 0x02, 0x00, 0x06, 0x01, 0x00, 0x00, 0xF8, 0x00, 0x02, 0x00,
	0x37, 0x01, 0x00, 0x00, 0x3D, 0x00, 0x04, 0x00, 0x10, 0x00, 0x00, 0x00, 0x3B, 0x01, 0x00, 0x00,
	0x23, 0x01, 0x00, 0x00, 0x3E, 0x00, 0x03, 0x00, 0x3A, 0x01, 0x00, 0x00, 0x3B, 0x01, 0x00, 0x00,
	0x41, 0x00, 0x05, 0x00, 0xB6, 0x00, 0x00, 0x00, 0x3D, 0x01, 0x00, 0x00, 0x6C, 0x00, 0x00, 0x00,
	0xED, 0x00, 0x00, 0x00, 0x3D, 0x00, 0x04, 0x00, 0x12, 0x00, 0x00, 0x00, 0x3E, 0x01, 0x00, 0x00,
	0x3D, 0x01, 0x00, 0x00, 0x3E, 0x00, 0x03, 0x00, 0x3C, 0x01, 0x00, 0x00, 0x3E, 0x01, 0x00, 0x00,
	0x39, 0x00, 0x07, 0x00, 0x07, 0x00, 0x00, 0x00, 0x3F, 0x01, 0x00, 0x00, 0x18, 0x00, 0x00, 0x00,
	0xEC, 0x00, 0x00, 0x00, 0x3A, 0x01, 0x00, 0x00, 0x3C, 0x01, 0x00, 0x00, 0x3E, 0x00, 0x03, 0x00,
	0x39, 0x01, 0x00, 0x00, 0x3F, 0x01, 0x00, 0x00, 0x3D, 0x00, 0x04, 0x00, 0x07, 0x00, 0x00, 0x00,
	0x40, 0x01, 0x00, 0x00, 0xEB, 0x00, 0x00, 0x00, 0x3D, 0x00, 0x04, 0x00, 0x07, 0x00, 0x00, 0x00,
	0x41, 0x01, 0x00, 0x00, 0x39, 0x01, 0x00, 0x00, 0x94, 0x00, 0x05, 0x00, 0x06, 0x00, 0x00, 0x00,
	0x42, 0x01, 0x00, 0x00, 0x40, 0x01, 0x00, 0x00, 0x41, 0x01, 0x00, 0x00, 0x41, 0x00, 0x06, 0x00,
	0x6F, 0x00, 0x00, 0x00, 0x43, 0x01, 0x00, 0x00, 0x6C, 0x00, 0x00, 0x00, 0xC9, 0x00, 0x00, 0x00,
	0x77, 0x00, 0x00, 0x00, 0x3D, 0x00, 0x04, 0x00, 0x06, 0x00, 0x00, 0x00, 0x44, 0x01, 0x00, 0x00,
	0x43, 0x01, 0x00, 0x00, 0xB8, 0x00, 0x05, 0x00, 0x2C, 0x00, 0x00, 0x00, 0x45, 0x01, 0x00, 0x00,
	0x42, 0x01, 0x00, 0x00, 0x44, 0x01, 0x00, 0x00, 0xF7, 0x00, 0x03, 0x00, 0x47, 0x01, 0x00, 0x00,
	0x00, 0x00, 0x00, 0x00, 0xFA, 0x00, 0x04, 0x00, 0x45, 0x01, 0x00, 0x00, 0x46, 0x01, 0x00, 0x00,
	0x47, 0x01, 0x00, 0x00, 0xF8, 0x00, 0x02, 0x00, 0x46, 0x01, 0x00, 0x00, 0xF9, 0x00, 0x02, 0x00,
	0x06, 0x01, 0x00, 0x00, 0xF8, 0x00, 0x02, 0x00, 0x47, 0x01, 0x00, 0x00, 0x3D, 0x00, 0x04, 0x00,
	0x0E, 0x00, 0x00, 0x00, 0x4A, 0x01, 0x00, 0x00, 0xA2, 0x00, 0x00, 0x00, 0x3D, 0x00, 0x04, 0x00,
	0x10, 0x00, 0x00, 0x00, 0x4B, 0x01, 0x00, 0x00, 0x23, 0x01, 0x00, 0x00, 0x58, 0x00, 0x07, 0x00,
	0x33, 0x00, 0x00, 0x00, 0x4C, 0x01, 0x00, 0x00, 0x4A, 0x01, 0x00, 0x00, 0x4B, 0x01, 0x00, 0x00,
	0x02, 0x00, 0x00, 0x00, 0x34, 0x00, 0x00, 0x00, 0x3E, 0x00, 0x03, 0x00, 0x49, 0x01, 0x00, 0x00,
	0x4C, 0x01, 0x00, 0x00, 0x3D, 0x00, 0x04, 0x00, 0x6D, 0x00, 0x00, 0x00, 0x53, 0x01, 0x00, 0x00,
	0x02, 0x01, 0x00, 0x00, 0x41, 0x00, 0x05, 0x00, 0x1A, 0x00, 0x00, 0x00, 0x56, 0x01, 0x00, 0x00,
	0x55, 0x01, 0x00, 0x00, 0x53, 0x01, 0x00, 0x00, 0x3D, 0x00, 0x04, 0x00, 0x06, 0x00, 0x00, 0x00,
	0x57, 0x01, 0x00, 0x00, 0x56, 0x01, 0x00, 0x00, 0x88, 0x00, 0x05, 0x00, 0x06, 0x00, 0x00, 0x00,
	0x59, 0x01, 0x00, 0x00, 0x57, 0x01, 0x00, 0x00, 0x58, 0x01, 0x00, 0x00, 0x3E, 0x00, 0x03, 0x00,
	0x4D, 0x01, 0x00, 0x00, 0x59, 0x01, 0x00, 0x00, 0x41, 0x00, 0x06, 0x00, 0x6F, 0x00, 0x00, 0x00,
	0x5A, 0x01, 0x00, 0x00, 0x6C, 0x00, 0x00, 0x00, 0xB1, 0x00, 0x00, 0x00, 0xBC, 0x00, 0x00, 0x00,
	0x3D, 0x00, 0x04, 0x00, 0x06, 0x00, 0x00, 0x00, 0x5B, 0x01, 0x00, 0x00, 0x5A, 0x01, 0x00, 0x00,
	0xB8, 0x00, 0x05, 0x00, 0x2C, 0x00, 0x00, 0x00, 0x5C, 0x01, 0x00, 0x00, 0x5B, 0x01, 0x00, 0x00,
	0x85, 0x00, 0x00, 0x00, 0xF7, 0x00, 0x03, 0x00, 0x5E, 0x01, 0x00, 0x00, 0x00, 0x00, 0x00, 0x00,
	0xFA, 0x00, 0x04, 0x00, 0x5C, 0x01, 0x00, 0x00, 0x5D, 0x01, 0x00, 0x00, 0x6F, 0x01, 0x00, 0x00,
	0xF8, 0x00, 0x02, 0x00, 0x5D, 0x01, 0x00, 0x00, 0x41, 0x00, 0x05, 0x00, 0x1A, 0x00, 0x00, 0x00,
	0x61, 0x01, 0x00, 0x00, 0xFA, 0x00, 0x00, 0x00, 0x2B, 0x00, 0x00, 0x00, 0x3D, 0x00, 0x04, 0x00,
	0x06, 0x00, 0x00, 0x00, 0x62, 0x01, 0x00, 0x00, 0x61, 0x01, 0x00, 0x00, 0x3E, 0x00, 0x03, 0x00,
	0x60, 0x01, 0x00, 0x00, 0x62, 0x01, 0x00, 0x00, 0x41, 0x00, 0x05, 0x00, 0x1A, 0x00, 0x00, 0x00,
	0x64, 0x01, 0x00, 0x00, 0x49, 0x01, 0x00, 0x00, 0x2B, 0x00, 0x00, 0x00, 0x3D, 0x00, 0x04, 0x00,
	0x06, 0x00, 0x00, 0x00, 0x65, 0x01, 0x00, 0x00, 0x64, 0x01, 0x00, 0x00, 0x3E, 0x00, 0x03, 0x00,
	0x63, 0x01, 0x00, 0x00, 0x65, 0x01, 0x00, 0x00, 0x3D, 0x00, 0x04, 0x00, 0x06, 0x00, 0x00, 0x00,
	0x67, 0x01, 0x00, 0x00, 0xF4, 0x00, 0x00, 0x00, 0x3E, 0x00, 0x03, 0x00, 0x66, 0x01, 0x00, 0x00,
	0x67, 0x01, 0x00, 0x00, 0x41, 0x00, 0x06, 0x00, 0x6F, 0x00, 0x00, 0x00, 0x69, 0x01, 0x00, 0x00,
	0x6C, 0x00, 0x00, 0x00, 0xB1, 0x00, 0x00, 0x00, 0x77, 0x00, 0x00, 0x00, 0x3D, 0x00, 0x04, 0x00,
	0x06, 0x00, 0x00, 0x00, 0x6A, 0x01, 0x00, 0x00, 0x69, 0x01, 0x00, 0x00, 0x3E, 0x00, 0x03, 0x00,
	0x68, 0x01, 0x00, 0x00, 0x6A, 0x01, 0x00, 0x00, 0x39, 0x00, 0x08, 0x00, 0x06, 0x00, 0x00, 0x00,
	0x6B, 0x01, 0x00, 0x00, 0x20, 0x00, 0x00, 0x00, 0x60, 0x01, 0x00, 0x00, 0x63, 0x01, 0x00, 0x00,
	0x66, 0x01, 0x00, 0x00, 0x68, 0x01, 0x00, 0x00, 0x3E, 0x00, 0x03, 0x00, 0x5F, 0x01, 0x00, 0x00,
	0x6B, 0x01, 0x00, 0x00, 0x3D, 0x00, 0x04, 0x00, 0x06, 0x00, 0x00, 0x00, 0x6C, 0x01, 0x00, 0x00,
	0x5F, 0x01, 0x00, 0x00, 0x3D, 0x00, 0x04, 0x00, 0x06, 0x00, 0x00, 0x00, 0x6D, 0x01, 0x00, 0x00,
	0x4D, 0x01, 0x00, 0x00, 0x85, 0x00, 0x05, 0x00, 0x06, 0x00, 0x00, 0x00, 0x6E, 0x01, 0x00, 0x00,
	0x6D, 0x01, 0x00, 0x00, 0x6C, 0x01, 0x00, 0x00, 0x3E, 0x00, 0x03, 0x00, 0x4D, 0x01, 0x00, 0x00,
	0x6E, 0x01, 0x00, 0x00, 0xF9, 0x00, 0x02, 0x00, 0x5E, 0x01, 0x00, 0x00, 0xF8, 0x00, 0x02, 0x00,
	0x6F, 0x01, 0x00, 0x00, 0x41, 0x00, 0x06, 0x00, 0x6F, 0x00, 0x00, 0x00, 0x70, 0x01, 0x00, 0x00,
	0x6C, 0x00, 0x00, 0x00, 0xB1, 0x00, 0x00, 0x00, 0xBC, 0x00, 0x00, 0x00, 0x3D, 0x00, 0x04, 0x00,
	0x06, 0x00, 0x00, 0x00, 0x71, 0x01, 0x00, 0x00, 0x70, 0x01, 0x00, 0x00, 0xB8, 0x00, 0x05, 0x00,
	0x2C, 0x00, 0x00, 0x00, 0x72, 0x01, 0x00, 0x00, 0x71, 0x01, 0x00, 0x00, 0xD5, 0x00, 0x00, 0x00,
	0xF7, 0x00, 0x03, 0x00, 0x74, 0x01, 0x00, 0x00, 0x00, 0x00, 0x00, 0x00, 0xFA, 0x00, 0x04, 0x00,
	0x72, 0x01, 0x00, 0x00, 0x73, 0x01, 0x00, 0x00, 0x8A, 0x01, 0x00, 0x00, 0xF8, 0x00, 0x02, 0x00,
	0x73, 0x01, 0x00, 0x00, 0x3D, 0x00, 0x04, 0x00, 0x33, 0x00, 0x00, 0x00, 0x77, 0x01, 0x00, 0x00,
	0xFA, 0x00, 0x00, 0x00, 0x4F, 0x00, 0x08, 0x00, 0x07, 0x00, 0x00, 0x00, 0x78, 0x01, 0x00, 0x00,
	0x77, 0x01, 0x00, 0x00, 0x77, 0x01, 0x00, 0x00, 0x00, 0x00, 0x00, 0x00, 0x01, 0x00, 0x00, 0x00,
	0x02, 0x00, 0x00, 0x00, 0x3E, 0x00, 0x03, 0x00, 0x76, 0x01, 0x00, 0x00, 0x78, 0x01, 0x00, 0x00,
	0x39, 0x00, 0x05, 0x00, 0x06, 0x00, 0x00, 0x00, 0x79, 0x01, 0x00, 0x00, 0x0B, 0x00, 0x00, 0x00,
	0x76, 0x01, 0x00, 0x00, 0x3D, 0x00, 0x04, 0x00, 0x33, 0x00, 0x00, 0x00, 0x7B, 0x01, 0x00, 0x00,
	0x49, 0x01, 0x00, 0x00, 0x4F, 0x00, 0x08, 0x00, 0x07, 0x00, 0x00, 0x00, 0x7C, 0x01, 0x00, 0x00,
	0x7B, 0x01, 0x00, 0x00, 0x7B, 0x01, 0x00, 0x00, 0x00, 0x00, 0x00, 0x00, 0x01, 0x00, 0x00, 0x00,
	0x02, 0x00, 0x00, 0x00, 0x3E, 0x00, 0x03, 0x00, 0x7A, 0x01, 0x00, 0x00, 0x7C, 0x01, 0x00, 0x00,
	0x39, 0x00, 0x05, 0x00, 0x06, 0x00, 0x00, 0x00, 0x7D, 0x01, 0x00, 0x00, 0x0B, 0x00, 0x00, 0x00,
	0x7A, 0x01, 0x00, 0x00, 0x3D, 0x00, 0x04, 0x00, 0x06, 0x00, 0x00, 0x00, 0x7E, 0x01, 0x00, 0x00,
	0xF4, 0x00, 0x00, 0x00, 0x0C, 0x00, 0x07, 0x00, 0x06, 0x00, 0x00, 0x00, 0x7F, 0x01, 0x00, 0x00,
	0x01, 0x00, 0x00, 0x00, 0x28, 0x00, 0x00, 0x00, 0x7E, 0x01, 0x00, 0x00, 0x53, 0x00, 0x00, 0x00,
	0x3E, 0x00, 0x03, 0x00, 0x80, 0x01, 0x00, 0x00, 0x79, 0x01, 0x00, 0x00, 0x3E, 0x00, 0x03, 0x00,
	0x81, 0x01, 0x00, 0x00, 0x7D, 0x01, 0x00, 0x00, 0x3E, 0x00, 0x03, 0x00, 0x82, 0x01, 0x00, 0x00,
	0x7F, 0x01, 0x00, 0x00, 0x41, 0x00, 0x06, 0x00, 0x6F, 0x00, 0x00, 0x00, 0x84, 0x01, 0x00, 0x00,
	0x6C, 0x00, 0x00, 0x00, 0xB1, 0x00, 0x00, 0x00, 0x77, 0x00, 0x00, 0x00, 0x3D, 0x00, 0x04, 0x00,
	0x06, 0x00, 0x00, 0x00, 0x85, 0x01, 0x00, 0x00, 0x84, 0x01, 0x00, 0x00, 0x3E, 0x00, 0x03, 0x00,
	0x83, 0x01, 0x00, 0x00, 0x85, 0x01, 0x00, 0x00, 0x39, 0x00, 0x08, 0x00, 0x06, 0x00, 0x00, 0x00,
	0x86, 0x01, 0x00, 0x00, 0x20, 0x00, 0x00, 0x00, 0x80, 0x01, 0x00, 0x00, 0x81, 0x01, 0x00, 0x00,
	0x82, 0x01, 0x00, 0x00, 0x83, 0x01, 0x00, 0x00, 0x3E, 0x00, 0x03, 0x00, 0x75, 0x01, 0x00, 0x00,
	0x86, 0x01, 0x00, 0x00, 0x3D, 0x00, 0x04, 0x00, 0x06, 0x00, 0x00, 0x00, 0x87, 0x01, 0x00, 0x00,
	0x75, 0x01, 0x00, 0x00, 0x3D, 0x00, 0x04, 0x00, 0x06, 0x00, 0x00, 0x00, 0x88, 0x01, 0x00, 0x00,
	0x4D, 0x01, 0x00, 0x00, 0x85, 0x00, 0x05, 0x00, 0x06, 0x00, 0x00, 0x00, 0x89, 0x01, 0x00, 0x00,
	0x88, 0x01, 0x00, 0x00, 0x87, 0x01, 0x00, 0x00, 0x3E, 0x00, 0x03, 0x00, 0x4D, 0x01, 0x00, 0x00,
	0x89, 0x01, 0x00, 0x00, 0xF9, 0x00, 0x02, 0x00, 0x74, 0x01, 0x00, 0x00, 0xF8, 0x00, 0x02, 0x00,
	0x8A, 0x01, 0x00, 0x00, 0x3D, 0x00, 0x04, 0x00, 0x33, 0x00, 0x00, 0x00, 0x8D, 0x01, 0x00, 0x00,
	0xFA, 0x00, 0x00, 0x00, 0x4F, 0x00, 0x08, 0x00, 0x07, 0x00, 0x00, 0x00, 0x8E, 0x01, 0x00, 0x00,
	0x8D, 0x01, 0x00, 0x00, 0x8D, 0x01, 0x00, 0x00, 0x00, 0x00, 0x00, 0x00, 0x01, 0x00, 0x00, 0x00,
	0x02, 0x00, 0x00, 0x00, 0x3E, 0x00, 0x03, 0x00, 0x8C, 0x01, 0x00, 0x00, 0x8E, 0x01, 0x00, 0x00,
	0x39, 0x00, 0x05, 0x00, 0x06, 0x00, 0x00, 0x00, 0x8F, 0x01, 0x00, 0x00, 0x0B, 0x00, 0x00, 0x00,
	0x8C, 0x01, 0x00, 0x00, 0x3D, 0x00, 0x04, 0x00, 0x33, 0x00, 0x00, 0x00, 0x91, 0x01, 0x00, 0x00,
	0x49, 0x01, 0x00, 0x00, 0x4F, 0x00, 0x08, 0x00, 0x07, 0x00, 0x00, 0x00, 0x92, 0x01, 0x00, 0x00,
	0x91, 0x01, 0x00, 0x00, 0x91, 0x01, 0x00, 0x00, 0x00, 0x00, 0x00, 0x00, 0x01, 0x00, 0x00, 0x00,
	0x02, 0x00, 0x00, 0x00, 0x3E, 0x00, 0x03, 0x00, 0x90, 0x01, 0x00, 0x00, 0x92, 0x01, 0x00, 0x00,
	0x39, 0x00, 0x05, 0x00, 0x06, 0x00, 0x00, 0x00, 0x93, 0x01, 0x00, 0x00, 0x0B, 0x00, 0x00, 0x00,
	0x90, 0x01, 0x00, 0x00, 0x83, 0x00, 0x05, 0x00, 0x06, 0x00, 0x00, 0x00, 0x94, 0x01, 0x00, 0x00,
	0x8F, 0x01, 0x00, 0x00, 0x93, 0x01, 0x00, 0x00, 0x0C, 0x00, 0x06, 0x00, 0x06, 0x00, 0x00, 0x00,
	0x95, 0x01, 0x00, 0x00, 0x01, 0x00, 0x00, 0x00, 0x04, 0x00, 0x00, 0x00, 0x94, 0x01, 0x00, 0x00,
	0x3E, 0x00, 0x03, 0x00, 0x8B, 0x01, 0x00, 0x00, 0x95, 0x01, 0x00, 0x00, 0x3D, 0x00, 0x04, 0x00,
	0x06, 0x00, 0x00, 0x00, 0x96, 0x01, 0x00, 0x00, 0x8B, 0x01, 0x00, 0x00, 0x7F, 0x00, 0x04, 0x00,
	0x06, 0x00, 0x00, 0x00, 0x97, 0x01, 0x00, 0x00, 0x96, 0x01, 0x00, 0x00, 0x41, 0x00, 0x06, 0x00,
	0x6F, 0x00, 0x00, 0x00, 0x98, 0x01, 0x00, 0x00, 0x6C, 0x00, 0x00, 0x00, 0xB1, 0x00, 0x00, 0x00,
	0x77, 0x00, 0x00, 0x00, 0x3D, 0x00, 0x04, 0x00, 0x06, 0x00, 0x00, 0x00, 0x99, 0x01, 0x00, 0x00,
	0x98, 0x01, 0x00, 0x00, 0x0C, 0x00, 0x07, 0x00, 0x06, 0x00, 0x00, 0x00, 0x9A, 0x01, 0x00, 0x00,
	0x01, 0x00, 0x00, 0x00, 0x28, 0x00, 0x00, 0x00, 0x99, 0x01, 0x00, 0x00, 0x53, 0x00, 0x00, 0x00,
	0x88, 0x00, 0x05, 0x00, 0x06, 0x00, 0x00, 0x00, 0x9B, 0x01, 0x00, 0x00, 0x97, 0x01, 0x00, 0x00,
	0x9A, 0x01, 0x00, 0x00, 0x0C, 0x00, 0x06, 0x00, 0x06, 0x00, 0x00, 0x00, 0x9C, 0x01, 0x00, 0x00,
	0x01, 0x00, 0x00, 0x00, 0x1B, 0x00, 0x00, 0x00, 0x9B, 0x01, 0x00, 0x00, 0x3D, 0x00, 0x04, 0x00,
	0x06, 0x00, 0x00, 0x00, 0x9D, 0x01, 0x00, 0x00, 0x4D, 0x01, 0x00, 0x00, 0x85, 0x00, 0x05, 0x00,
	0x06, 0x00, 0x00, 0x00, 0x9E, 0x01, 0x00, 0x00, 0x9D, 0x01, 0x00, 0x00, 0x9C, 0x01, 0x00, 0x00,
	0x3E, 0x00, 0x03, 0x00, 0x4D, 0x01, 0x00, 0x00, 0x9E, 0x01, 0x00, 0x00, 0xF9, 0x00, 0x02, 0x00,
	0x74, 0x01, 0x00, 0x00, 0xF8, 0x00, 0x02, 0x00, 0x74, 0x01, 0x00, 0x00, 0xF9, 0x00, 0x02, 0x00,
	0x5E, 0x01, 0x00, 0x00, 0xF8, 0x00, 0x02, 0x00, 0x5E, 0x01, 0x00, 0x00, 0x3D, 0x00, 0x04, 0x00,
	0x33, 0x00, 0x00, 0x00, 0x9F, 0x01, 0x00, 0x00, 0x49, 0x01, 0x00, 0x00, 0x4F, 0x00, 0x08, 0x00,
	0x07, 0x00, 0x00, 0x00, 0xA0, 0x01, 0x00, 0x00, 0x9F, 0x01, 0x00, 0x00, 0x9F, 0x01, 0x00, 0x00,
	0x00, 0x00, 0x00, 0x00, 0x01, 0x00, 0x00, 0x00, 0x02, 0x00, 0x00, 0x00, 0x3D, 0x00, 0x04, 0x00,
	0x06, 0x00, 0x00, 0x00, 0xA1, 0x01, 0x00, 0x00, 0x4D, 0x01, 0x00, 0x00, 0x8E, 0x00, 0x05, 0x00,
	0x07, 0x00, 0x00, 0x00, 0xA2, 0x01, 0x00, 0x00, 0xA0, 0x01, 0x00, 0x00, 0xA1, 0x01, 0x00, 0x00,
	0x3D, 0x00, 0x04, 0x00, 0x07, 0x00, 0x00, 0x00, 0xA3, 0x01, 0x00, 0x00, 0xFE, 0x00, 0x00, 0x00,
	0x81, 0x00, 0x05, 0x00, 0x07, 0x00, 0x00, 0x00, 0xA4, 0x01, 0x00, 0x00, 0xA3, 0x01, 0x00, 0x00,
	0xA2, 0x01, 0x00, 0x00, 0x3E, 0x00, 0x03, 0x00, 0xFE, 0x00, 0x00, 0x00, 0xA4, 0x01, 0x00, 0x00,
	0x3D, 0x00, 0x04, 0x00, 0x06, 0x00, 0x00, 0x00, 0xA5, 0x01, 0x00, 0x00, 0x4D, 0x01, 0x00, 0x00,
	0x3D, 0x00, 0x04, 0x00, 0x06, 0x00, 0x00, 0x00, 0xA6, 0x01, 0x00, 0x00, 0x01, 0x01, 0x00, 0x00,
	0x81, 0x00, 0x05, 0x00, 0x06, 0x00, 0x00, 0x00, 0xA7, 0x01, 0x00, 0x00, 0xA6, 0x01, 0x00, 0x00,
	0xA5, 0x01, 0x00, 0x00, 0x3E, 0x00, 0x03, 0x00, 0x01, 0x01, 0x00, 0x00, 0xA7, 0x01, 0x00, 0x00,
	0xF9, 0x00, 0x02, 0x00, 0x06, 0x01, 0x00, 0x00, 0xF8, 0x00, 0x02, 0x00, 0x06, 0x01, 0x00, 0x00,
	0x3D, 0x00, 0x04, 0x00, 0x6D, 0x00, 0x00, 0x00, 0xA8, 0x01, 0x00, 0x00, 0x02, 0x01, 0x00, 0x00,
	0x80, 0x00, 0x05, 0x00, 0x6D, 0x00, 0x00, 0x00, 0xA9, 0x01, 0x00, 0x00, 0xA8, 0x01, 0x00, 0x00,
	0xB1, 0x00, 0x00, 0x00, 0x3E, 0x00, 0x03, 0x00, 0x02, 0x01, 0x00, 0x00, 0xA9, 0x01, 0x00, 0x00,
	0xF9, 0x00, 0x02, 0x00, 0x03, 0x01, 0x00, 0x00, 0xF8, 0x00, 0x02, 0x00, 0x05, 0x01, 0x00, 0x00,
	0x3D, 0x00, 0x04, 0x00, 0x07, 0x00, 0x00, 0x00, 0xAB, 0x01, 0x00, 0x00, 0xFE, 0x00, 0x00, 0x00,
	0x3D, 0x00, 0x04, 0x00, 0x06, 0x00, 0x00, 0x00, 0xAC, 0x01, 0x00, 0x00, 0x01, 0x01, 0x00, 0x00,
	0x0C, 0x00, 0x07, 0x00, 0x06, 0x00, 0x00, 0x00, 0xAD, 0x01, 0x00, 0x00, 0x01, 0x00, 0x00, 0x00,
	0x28, 0x00, 0x00, 0x00, 0xAC, 0x01, 0x00, 0x00, 0x53, 0x00, 0x00, 0x00, 0x50, 0x00, 0x06, 0x00,
	0x07, 0x00, 0x00, 0x00, 0xAE, 0x01, 0x00, 0x00, 0xAD, 0x01, 0x00, 0x00, 0xAD, 0x01, 0x00, 0x00,
	0xAD, 0x01, 0x00, 0x00, 0x88, 0x00, 0x05, 0x00, 0x07, 0x00, 0x00, 0x00, 0xAF, 0x01, 0x00, 0x00,
	0xAB, 0x01, 0x00, 0x00, 0xAE, 0x01, 0x00, 0x00, 0x3E, 0x00, 0x03, 0x00, 0xAA, 0x01, 0x00, 0x00,
	0xAF, 0x01, 0x00, 0x00, 0x41, 0x00, 0x06, 0x00, 0x6F, 0x00, 0x00, 0x00, 0xB0, 0x01, 0x00, 0x00,
	0x6C, 0x00, 0x00, 0x00, 0xB1, 0x00, 0x00, 0x00, 0xBC, 0x00, 0x00, 0x00, 0x3D, 0x00, 0x04, 0x00,
	0x06, 0x00, 0x00, 0x00, 0xB1, 0x01, 0x00, 0x00, 0xB0, 0x01, 0x00, 0x00, 0xBA, 0x00, 0x05, 0x00,
	0x2C, 0x00, 0x00, 0x00, 0xB2, 0x01, 0x00, 0x00, 0xB1, 0x01, 0x00, 0x00, 0x85, 0x00, 0x00, 0x00,
	0xF7, 0x00, 0x03, 0x00, 0xB4, 0x01, 0x00, 0x00, 0x00, 0x00, 0x00, 0x00, 0xFA, 0x00, 0x04, 0x00,
	0xB2, 0x01, 0x00, 0x00, 0xB3, 0x01, 0x00, 0x00, 0xB4, 0x01, 0x00, 0x00, 0xF8, 0x00, 0x02, 0x00,
	0xB3, 0x01, 0x00, 0x00, 0x41, 0x00, 0x06, 0x00, 0x6F, 0x00, 0x00, 0x00, 0xB5, 0x01, 0x00, 0x00,
	0x6C, 0x00, 0x00, 0x00, 0xB1, 0x00, 0x00, 0x00, 0xBC, 0x00, 0x00, 0x00, 0x3D, 0x00, 0x04, 0x00,
	0x06, 0x00, 0x00, 0x00, 0xB6, 0x01, 0x00, 0x00, 0xB5, 0x01, 0x00, 0x00, 0xB8, 0x00, 0x05, 0x00,
	0x2C, 0x00, 0x00, 0x00, 0xB7, 0x01, 0x00, 0x00, 0xB6, 0x01, 0x00, 0x00, 0xD5, 0x00, 0x00, 0x00,
	0xF9, 0x00, 0x02, 0x00, 0xB4, 0x01, 0x00, 0x00, 0xF8, 0x00, 0x02, 0x00, 0xB4, 0x01, 0x00, 0x00,
	0xF5, 0x00, 0x07, 0x00, 0x2C, 0x00, 0x00, 0x00, 0xB8, 0x01, 0x00, 0x00, 0xB2, 0x01, 0x00, 0x00,
	0x05, 0x01, 0x00, 0x00, 0xB7, 0x01, 0x00, 0x00, 0xB3, 0x01, 0x00, 0x00, 0xF7, 0x00, 0x03, 0x00,
	0xBA, 0x01, 0x00, 0x00, 0x00, 0x00, 0x00, 0x00, 0xFA, 0x00, 0x04, 0x00, 0xB8, 0x01, 0x00, 0x00,
	0xB9, 0x01, 0x00, 0x00, 0xBA, 0x01, 0x00, 0x00, 0xF8, 0x00, 0x02, 0x00, 0xB9, 0x01, 0x00, 0x00,
	0x41, 0x00, 0x06, 0x00, 0x6F, 0x00, 0x00, 0x00, 0xBB, 0x01, 0x00, 0x00, 0x6C, 0x00, 0x00, 0x00,
	0xB1, 0x00, 0x00, 0x00, 0xDD, 0x00, 0x00, 0x00, 0x3D, 0x00, 0x04, 0x00, 0x06, 0x00, 0x00, 0x00,
	0xBC, 0x01, 0x00, 0x00, 0xBB, 0x01, 0x00, 0x00, 0xBA, 0x00, 0x05, 0x00, 0x2C, 0x00, 0x00, 0x00,
	0xBD, 0x01, 0x00, 0x00, 0xBC, 0x01, 0x00, 0x00, 0x85, 0x00, 0x00, 0x00, 0xF9, 0x00, 0x02, 0x00,
	0xBA, 0x01, 0x00, 0x00, 0xF8, 0x00, 0x02, 0x00, 0xBA, 0x01, 0x00, 0x00, 0xF5, 0x00, 0x07, 0x00,
	0x2C, 0x00, 0x00, 0x00, 0xBE, 0x01, 0x00, 0x00, 0xB8, 0x01, 0x00, 0x00, 0xB4, 0x01, 0x00, 0x00,
	0xBD, 0x01, 0x00, 0x00, 0xB9, 0x01, 0x00, 0x00, 0xF7, 0x00, 0x03, 0x00, 0xC0, 0x01, 0x00, 0x00,
	0x00, 0x00, 0x00, 0x00, 0xFA, 0x00, 0x04, 0x00, 0xBE, 0x01, 0x00, 0x00, 0xBF, 0x01, 0x00, 0x00,
	0xC0, 0x01, 0x00, 0x00, 0xF8, 0x00, 0x02, 0x00, 0xBF, 0x01, 0x00, 0x00, 0x41, 0x00, 0x05, 0x00,
	0xB6, 0x00, 0x00, 0x00, 0xC1, 0x01, 0x00, 0x00, 0x6C, 0x00, 0x00, 0x00, 0x09, 0x01, 0x00, 0x00,
	0x3D, 0x00, 0x04, 0x00, 0x12, 0x00, 0x00, 0x00, 0xC2, 0x01, 0x00, 0x00, 0xC1, 0x01, 0x00, 0x00,
	0xAB, 0x00, 0x05, 0x00, 0x2C, 0x00, 0x00, 0x00, 0xC3, 0x01, 0x00, 0x00, 0xC2, 0x01, 0x00, 0x00,
	0x2B, 0x00, 0x00, 0x00, 0xF9, 0x00, 0x02, 0x00, 0xC0, 0x01, 0x00, 0x00, 0xF8, 0x00, 0x02, 0x00,
	0xC0, 0x01, 0x00, 0x00, 0xF5, 0x00, 0x07, 0x00, 0x2C, 0x00, 0x00, 0x00, 0xC4, 0x01, 0x00, 0x00,
	0xBE, 0x01, 0x00, 0x00, 0xBA, 0x01, 0x00, 0x00, 0xC3, 0x01, 0x00, 0x00, 0xBF, 0x01, 0x00, 0x00,
	0xF7, 0x00, 0x03, 0x00, 0xC6, 0x01, 0x00, 0x00, 0x00, 0x00, 0x00, 0x00, 0xFA, 0x00, 0x04, 0x00,
	0xC4, 0x01, 0x00, 0x00, 0xC5, 0x01, 0x00, 0x00, 0xC6, 0x01, 0x00, 0x00, 0xF8, 0x00, 0x02, 0x00,
	0xC5, 0x01, 0x00, 0x00, 0x3D, 0x00, 0x04, 0x00, 0x07, 0x00, 0x00, 0x00, 0xC9, 0x01, 0x00, 0x00,
	0xAA, 0x01, 0x00, 0x00, 0x3E, 0x00, 0x03, 0x00, 0xC8, 0x01, 0x00, 0x00, 0xC9, 0x01, 0x00, 0x00,
	0x39, 0x00, 0x05, 0x00, 0x06, 0x00, 0x00, 0x00, 0xCA, 0x01, 0x00, 0x00, 0x0B, 0x00, 0x00, 0x00,
	0xC8, 0x01, 0x00, 0x00, 0x3E, 0x00, 0x03, 0x00, 0xC7, 0x01, 0x00, 0x00, 0xCA, 0x01, 0x00, 0x00,
	0x3D, 0x00, 0x04, 0x00, 0x06, 0x00, 0x00, 0x00, 0xCB, 0x01, 0x00, 0x00, 0xC7, 0x01, 0x00, 0x00,
	0x81, 0x00, 0x05, 0x00, 0x06, 0x00, 0x00, 0x00, 0xCC, 0x01, 0x00, 0x00, 0x39, 0x00, 0x00, 0x00,
	0xCB, 0x01, 0x00, 0x00, 0x3D, 0x00, 0x04, 0x00, 0x07, 0x00, 0x00, 0x00, 0xCD, 0x01, 0x00, 0x00,
	0xAA, 0x01, 0x00, 0x00, 0x8E, 0x00, 0x05, 0x00, 0x07, 0x00, 0x00, 0x00, 0xCE, 0x01, 0x00, 0x00,
	0xCD, 0x01, 0x00, 0x00, 0xCC, 0x01, 0x00, 0x00, 0x3E, 0x00, 0x03, 0x00, 0xAA, 0x01, 0x00, 0x00,
	0xCE, 0x01, 0x00, 0x00, 0xF9, 0x00, 0x02, 0x00, 0xC6, 0x01, 0x00, 0x00, 0xF8, 0x00, 0x02, 0x00,
	0xC6, 0x01, 0x00, 0x00, 0x3D, 0x00, 0x04, 0x00, 0xA6, 0x00, 0x00, 0x00, 0xCF, 0x01, 0x00, 0x00,
	0xA8, 0x00, 0x00, 0x00, 0x3D, 0x00, 0x04, 0x00, 0x60, 0x00, 0x00, 0x00, 0xD0, 0x01, 0x00, 0x00,
	0x62, 0x00, 0x00, 0x00, 0x7C, 0x00, 0x04, 0x00, 0xAB, 0x00, 0x00, 0x00, 0xD1, 0x01, 0x00, 0x00,
	0xD0, 0x01, 0x00, 0x00, 0x3D, 0x00, 0x04, 0x00, 0x07, 0x00, 0x00, 0x00, 0xD2, 0x01, 0x00, 0x00,
	0xAA, 0x01, 0x00, 0x00, 0x41, 0x00, 0x05, 0x00, 0x1A, 0x00, 0x00, 0x00, 0xD3, 0x01, 0x00, 0x00,
	0xFA, 0x00, 0x00, 0x00, 0xDD, 0x00, 0x00, 0x00, 0x3D, 0x00, 0x04, 0x00, 0x06, 0x00, 0x00, 0x00,
	0xD4, 0x01, 0x00, 0x00, 0xD3, 0x01, 0x00, 0x00, 0x51, 0x00, 0x05, 0x00, 0x06, 0x00, 0x00, 0x00,
	0xD5, 0x01, 0x00, 0x00, 0xD2, 0x01, 0x00, 0x00, 0x00, 0x00, 0x00, 0x00, 0x51, 0x00, 0x05, 0x00,
	0x06, 0x00, 0x00, 0x00, 0xD6, 0x01, 0x00, 0x00, 0xD2, 0x01, 0x00, 0x00, 0x01, 0x00, 0x00, 0x00,
	0x51, 0x00, 0x05, 0x00, 0x06, 0x00, 0x00, 0x00, 0xD7, 0x01, 0x00, 0x00, 0xD2, 0x01, 0x00, 0x00,
	0x02, 0x00, 0x00, 0x00, 0x50, 0x00, 0x07, 0x00, 0x33, 0x00, 0x00, 0x00, 0xD8, 0x01, 0x00, 0x00,
	0xD5, 0x01, 0x00, 0x00, 0xD6, 0x01, 0x00, 0x00, 0xD7, 0x01, 0x00, 0x00, 0xD4, 0x01, 0x00, 0x00,
	0x63, 0x00, 0x04, 0x00, 0xCF, 0x01, 0x00, 0x00, 0xD1, 0x01, 0x00, 0x00, 0xD8, 0x01, 0x00, 0x00,
	0xFD, 0x00, 0x01, 0x00, 0x38, 0x00, 0x01, 0x00, 0x36, 0x00, 0x05, 0x00, 0x06, 0x00, 0x00, 0x00,
	0x0B, 0x00, 0x00, 0x00, 0x00, 0x00, 0x00, 0x00, 0x09, 0x00, 0x00, 0x00, 0x37, 0x00, 0x03, 0x00,
	0x08, 0x00, 0x00, 0x00, 0x0A, 0x00, 0x00, 0x00, 0xF8, 0x00, 0x02, 0x00, 0x0C, 0x00, 0x00, 0x00,
	0x3D, 0x00, 0x04, 0x00, 0x07, 0x00, 0x00, 0x00, 0x26, 0x00, 0x00, 0x00, 0x0A, 0x00, 0x00, 0x00,
	0x94, 0x00, 0x05, 0x00, 0x06, 0x00, 0x00, 0x00, 0x27, 0x00, 0x00, 0x00, 0x25, 0x00, 0x00, 0x00,
	0x26, 0x00, 0x00, 0x00, 0xFE, 0x00, 0x02, 0x00, 0x27, 0x00, 0x00, 0x00, 0x38, 0x00, 0x01, 0x00,
	0x36, 0x00, 0x05, 0x00, 0x07, 0x00, 0x00, 0x00, 0x18, 0x00, 0x00, 0x00, 0x00, 0x00, 0x00, 0x00,
	0x14, 0x00, 0x00, 0x00, 0x37, 0x00, 0x03, 0x00, 0x0F, 0x00, 0x00, 0x00, 0x15, 0x00, 0x00, 0x00,
	0x37, 0x00, 0x03, 0x00, 0x11, 0x00, 0x00, 0x00, 0x16, 0x00, 0x00, 0x00, 0x37, 0x00, 0x03, 0x00,
	0x13, 0x00, 0x00, 0x00, 0x17, 0x00, 0x00, 0x00, 0xF8, 0x00, 0x02, 0x00, 0x19, 0x00, 0x00, 0x00,
	0x3B, 0x00, 0x04, 0x00, 0x08, 0x00, 0x00, 0x00, 0x30, 0x00, 0x00, 0x00, 0x07, 0x00, 0x00, 0x00,
	0x3B, 0x00, 0x04, 0x00, 0x1A, 0x00, 0x00, 0x00, 0x3C, 0x00, 0x00, 0x00, 0x07, 0x00, 0x00, 0x00,
	0x3D, 0x00, 0x04, 0x00, 0x12, 0x00, 0x00, 0x00, 0x2A, 0x00, 0x00, 0x00, 0x17, 0x00, 0x00, 0x00,
	0xAB, 0x00, 0x05, 0x00, 0x2C, 0x00, 0x00, 0x00, 0x2D, 0x00, 0x00, 0x00, 0x2A, 0x00, 0x00, 0x00,
	0x2B, 0x00, 0x00, 0x00, 0xF7, 0x00, 0x03, 0x00, 0x2F, 0x00, 0x00, 0x00, 0x00, 0x00, 0x00, 0x00,
	0xFA, 0x00, 0x04, 0x00, 0x2D, 0x00, 0x00, 0x00, 0x2E, 0x00, 0x00, 0x00, 0x2F, 0x00, 0x00, 0x00,
	0xF8, 0x00, 0x02, 0x00, 0x2E, 0x00, 0x00, 0x00, 0x3D, 0x00, 0x04, 0x00, 0x0E, 0x00, 0x00, 0x00,
	0x31, 0x00, 0x00, 0x00, 0x15, 0x00, 0x00, 0x00, 0x3D, 0x00, 0x04, 0x00, 0x10, 0x00, 0x00, 0x00,
	0x32, 0x00, 0x00, 0x00, 0x16, 0x00, 0x00, 0x00, 0x58, 0x00, 0x07, 0x00, 0x33, 0x00, 0x00, 0x00,
	0x35, 0x00, 0x00, 0x00, 0x31, 0x00, 0x00, 0x00, 0x32, 0x00, 0x00, 0x00, 0x02, 0x00, 0x00, 0x00,
	0x34, 0x00, 0x00, 0x00, 0x4F, 0x00, 0x08, 0x00, 0x07, 0x00, 0x00, 0x00, 0x36, 0x00, 0x00, 0x00,
	0x35, 0x00, 0x00, 0x00, 0x35, 0x00, 0x00, 0x00, 0x00, 0x00, 0x00, 0x00, 0x01, 0x00, 0x00, 0x00,
	0x02, 0x00, 0x00, 0x00, 0x8E, 0x00, 0x05, 0x00, 0x07, 0x00, 0x00, 0x00, 0x38, 0x00, 0x00, 0x00,
	0x36, 0x00, 0x00, 0x00, 0x37, 0x00, 0x00, 0x00, 0x50, 0x00, 0x06, 0x00, 0x07, 0x00, 0x00, 0x00,
	0x3A, 0x00, 0x00, 0x00, 0x39, 0x00, 0x00, 0x00, 0x39, 0x00, 0x00, 0x00, 0x39, 0x00, 0x00, 0x00,
	0x83, 0x00, 0x05, 0x00, 0x07, 0x00, 0x00, 0x00, 0x3B, 0x00, 0x00, 0x00, 0x38, 0x00, 0x00, 0x00,
	0x3A, 0x00, 0x00, 0x00, 0x3E, 0x00, 0x03, 0x00, 0x30, 0x00, 0x00, 0x00, 0x3B, 0x00, 0x00, 0x00,
	0x3D, 0x00, 0x04, 0x00, 0x07, 0x00, 0x00, 0x00, 0x3D, 0x00, 0x00, 0x00, 0x30, 0x00, 0x00, 0x00,
	0x0C, 0x00, 0x06, 0x00, 0x06, 0x00, 0x00, 0x00, 0x3E, 0x00, 0x00, 0x00, 0x01, 0x00, 0x00, 0x00,
	0x42, 0x00, 0x00, 0x00, 0x3D, 0x00, 0x00, 0x00, 0x3E, 0x00, 0x03, 0x00, 0x3C, 0x00, 0x00, 0x00,
	0x3E, 0x00, 0x00, 0x00, 0x3D, 0x00, 0x04, 0x00, 0x06, 0x00, 0x00, 0x00, 0x3F, 0x00, 0x00, 0x00,
	0x3C, 0x00, 0x00, 0x00, 0xBA, 0x00, 0x05, 0x00, 0x2C, 0x00, 0x00, 0x00, 0x41, 0x00, 0x00, 0x00,
	0x3F, 0x00, 0x00, 0x00, 0x40, 0x00, 0x00, 0x00, 0xF7, 0x00, 0x03, 0x00, 0x43, 0x00, 0x00, 0x00,
	0x00, 0x00, 0x00, 0x00, 0xFA, 0x00, 0x04, 0x00, 0x41, 0x00, 0x00, 0x00, 0x42, 0x00, 0x00, 0x00,
	0x43, 0x00, 0x00, 0x00, 0xF8, 0x00, 0x02, 0x00, 0x42, 0x00, 0x00, 0x00, 0x3D, 0x00, 0x04, 0x00,
	0x07, 0x00, 0x00, 0x00, 0x44, 0x00, 0x00, 0x00, 0x30, 0x00, 0x00, 0x00, 0x3D, 0x00, 0x04, 0x00,
	0x06, 0x00, 0x00, 0x00, 0x45, 0x00, 0x00, 0x00, 0x3C, 0x00, 0x00, 0x00, 0x50, 0x00, 0x06, 0x00,
	0x07, 0x00, 0x00, 0x00, 0x46, 0x00, 0x00, 0x00, 0x45, 0x00, 0x00, 0x00, 0x45, 0x00, 0x00, 0x00,
	0x45, 0x00, 0x00, 0x00, 0x88, 0x00, 0x05, 0x00, 0x07, 0x00, 0x00, 0x00, 0x47, 0x00, 0x00, 0x00,
	0x44, 0x00, 0x00, 0x00, 0x46, 0x00, 0x00, 0x00, 0xFE, 0x00, 0x02, 0x00, 0x47, 0x00, 0x00, 0x00,
	0xF8, 0x00, 0x02, 0x00, 0x43, 0x00, 0x00, 0x00, 0xF9, 0x00, 0x02, 0x00, 0x2F, 0x00, 0x00, 0x00,
	0xF8, 0x00, 0x02, 0x00, 0x2F, 0x00, 0x00, 0x00, 0xFE, 0x00, 0x02, 0x00, 0x49, 0x00, 0x00, 0x00,
	0x38, 0x00, 0x01, 0x00, 0x36, 0x00, 0x05, 0x00, 0x06, 0x00, 0x00, 0x00, 0x20, 0x00, 0x00, 0x00,
	0x00, 0x00, 0x00, 0x00, 0x1B, 0x00, 0x00, 0x00, 0x37, 0x00, 0x03, 0x00, 0x1A, 0x00, 0x00, 0x00,
	0x1C, 0x00, 0x00, 0x00, 0x37, 0x00, 0x03, 0x00, 0x1A, 0x00, 0x00, 0x00, 0x1D, 0x00, 0x00, 0x00,
	0x37, 0x00, 0x03, 0x00, 0x1A, 0x00, 0x00, 0x00, 0x1E, 0x00, 0x00, 0x00, 0x37, 0x00, 0x03, 0x00,
	0x1A, 0x00, 0x00, 0x00, 0x1F, 0x00, 0x00, 0x00, 0xF8, 0x00, 0x02, 0x00, 0x21, 0x00, 0x00, 0x00,
	0x3B, 0x00, 0x04, 0x00, 0x1A, 0x00, 0x00, 0x00, 0x4C, 0x00, 0x00, 0x00, 0x07, 0x00, 0x00, 0x00,
	0x3B, 0x00, 0x04, 0x00, 0x1A, 0x00, 0x00, 0x00, 0x51, 0x00, 0x00, 0x00, 0x07, 0x00, 0x00, 0x00,
	0x3D, 0x00, 0x04, 0x00, 0x06, 0x00, 0x00, 0x00, 0x4D, 0x00, 0x00, 0x00, 0x1C, 0x00, 0x00, 0x00,
	0x3D, 0x00, 0x04, 0x00, 0x06, 0x00, 0x00, 0x00, 0x4E, 0x00, 0x00, 0x00, 0x1D, 0x00, 0x00, 0x00,
	0x83, 0x00, 0x05, 0x00, 0x06, 0x00, 0x00, 0x00, 0x4F, 0x00, 0x00, 0x00, 0x4D, 0x00, 0x00, 0x00,
	0x4E, 0x00, 0x00, 0x00, 0x0C, 0x00, 0x06, 0x00, 0x06, 0x00, 0x00, 0x00, 0x50, 0x00, 0x00, 0x00,
	0x01, 0x00, 0x00, 0x00, 0x04, 0x00, 0x00, 0x00, 0x4F, 0x00, 0x00, 0x00, 0x3E, 0x00, 0x03, 0x00,
	0x4C, 0x00, 0x00, 0x00, 0x50, 0x00, 0x00, 0x00, 0x3D, 0x00, 0x04, 0x00, 0x06, 0x00, 0x00, 0x00,
	0x52, 0x00, 0x00, 0x00, 0x1E, 0x00, 0x00, 0x00, 0x0C, 0x00, 0x07, 0x00, 0x06, 0x00, 0x00, 0x00,
	0x54, 0x00, 0x00, 0x00, 0x01, 0x00, 0x00, 0x00, 0x28, 0x00, 0x00, 0x00, 0x52, 0x00, 0x00, 0x00,
	0x53, 0x00, 0x00, 0x00, 0x3E, 0x00, 0x03, 0x00, 0x51, 0x00, 0x00, 0x00, 0x54, 0x00, 0x00, 0x00,
	0x3D, 0x00, 0x04, 0x00, 0x06, 0x00, 0x00, 0x00, 0x55, 0x00, 0x00, 0x00, 0x4C, 0x00, 0x00, 0x00,
	0x7F, 0x00, 0x04, 0x00, 0x06, 0x00, 0x00, 0x00, 0x56, 0x00, 0x00, 0x00, 0x55, 0x00, 0x00, 0x00,
	0x3D, 0x00, 0x04, 0x00, 0x06, 0x00, 0x00, 0x00, 0x57, 0x00, 0x00, 0x00, 0x1F, 0x00, 0x00, 0x00,
	0x3D, 0x00, 0x04, 0x00, 0x06, 0x00, 0x00, 0x00, 0x58, 0x00, 0x00, 0x00, 0x51, 0x00, 0x00, 0x00,
	0x0C, 0x00, 0x06, 0x00, 0x06, 0x00, 0x00, 0x00, 0x59, 0x00, 0x00, 0x00, 0x01, 0x00, 0x00, 0x00,
	0x1F, 0x00, 0x00, 0x00, 0x58, 0x00, 0x00, 0x00, 0x85, 0x00, 0x05, 0x00, 0x06, 0x00, 0x00, 0x00,
	0x5A, 0x00, 0x00, 0x00, 0x57, 0x00, 0x00, 0x00, 0x59, 0x00, 0x00, 0x00, 0x0C, 0x00, 0x07, 0x00,
	0x06, 0x00, 0x00, 0x00, 0x5B, 0x00, 0x00, 0x00, 0x01, 0x00, 0x00, 0x00, 0x28, 0x00, 0x00, 0x00,
	0x5A, 0x00, 0x00, 0x00, 0x53, 0x00, 0x00, 0x00, 0x88, 0x00, 0x05, 0x00, 0x06, 0x00, 0x00, 0x00,
	0x5C, 0x00, 0x00, 0x00, 0x56, 0x00, 0x00, 0x00, 0x5B, 0x00, 0x00, 0x00, 0x0C, 0x00, 0x06, 0x00,
	0x06, 0x00, 0x00, 0x00, 0x5D, 0x00, 0x00, 0x00, 0x01, 0x00, 0x00, 0x00, 0x1B, 0x00, 0x00, 0x00,
	0x5C, 0x00, 0x00, 0x00, 0xFE, 0x00, 0x02, 0x00, 0x5D, 0x00, 0x00, 0x00, 0x38, 0x00, 0x01, 0x00
};
#define VK_HYBRID1_ATROUS_CS_SPV_SIZE (11664u)

/* hybrid1_composite_cs.spv 5744 bytes */
static const uint8_t vk_hybrid1_composite_cs_spv[] = {
	0x03, 0x02, 0x23, 0x07, 0x00, 0x05, 0x01, 0x00, 0x0B, 0x00, 0x08, 0x00, 0xE9, 0x00, 0x00, 0x00,
	0x00, 0x00, 0x00, 0x00, 0x11, 0x00, 0x02, 0x00, 0x01, 0x00, 0x00, 0x00, 0x0B, 0x00, 0x06, 0x00,
	0x01, 0x00, 0x00, 0x00, 0x47, 0x4C, 0x53, 0x4C, 0x2E, 0x73, 0x74, 0x64, 0x2E, 0x34, 0x35, 0x30,
	0x00, 0x00, 0x00, 0x00, 0x0E, 0x00, 0x03, 0x00, 0x00, 0x00, 0x00, 0x00, 0x01, 0x00, 0x00, 0x00,
	0x0F, 0x00, 0x0E, 0x00, 0x05, 0x00, 0x00, 0x00, 0x04, 0x00, 0x00, 0x00, 0x6D, 0x61, 0x69, 0x6E,
	0x00, 0x00, 0x00, 0x00, 0x0C, 0x00, 0x00, 0x00, 0x18, 0x00, 0x00, 0x00, 0x40, 0x00, 0x00, 0x00,
	0x4A, 0x00, 0x00, 0x00, 0x5A, 0x00, 0x00, 0x00, 0x62, 0x00, 0x00, 0x00, 0x68, 0x00, 0x00, 0x00,
	0x6E, 0x00, 0x00, 0x00, 0x74, 0x00, 0x00, 0x00, 0x10, 0x00, 0x06, 0x00, 0x04, 0x00, 0x00, 0x00,
	0x11, 0x00, 0x00, 0x00, 0x08, 0x00, 0x00, 0x00, 0x08, 0x00, 0x00, 0x00, 0x01, 0x00, 0x00, 0x00,
	0x03, 0x00, 0x03, 0x00, 0x02, 0x00, 0x00, 0x00, 0xC2, 0x01, 0x00, 0x00, 0x05, 0x00, 0x04, 0x00,
	0x04, 0x00, 0x00, 0x00, 0x6D, 0x61, 0x69, 0x6E, 0x00, 0x00, 0x00, 0x00, 0x05, 0x00, 0x03, 0x00,
	0x09, 0x00, 0x00, 0x00, 0x70, 0x69, 0x78, 0x00, 0x05, 0x00, 0x08, 0x00, 0x0C, 0x00, 0x00, 0x00,
	0x67, 0x6C, 0x5F, 0x47, 0x6C, 0x6F, 0x62, 0x61, 0x6C, 0x49, 0x6E, 0x76, 0x6F, 0x63, 0x61, 0x74,
	0x69, 0x6F, 0x6E, 0x49, 0x44, 0x00, 0x00, 0x00, 0x05, 0x00, 0x08, 0x00, 0x16, 0x00, 0x00, 0x00,
	0x48, 0x79, 0x62, 0x72, 0x69, 0x64, 0x31, 0x43, 0x6F, 0x6D, 0x70, 0x6F, 0x73, 0x69, 0x74, 0x65,
	0x50, 0x75, 0x73, 0x68, 0x00, 0x00, 0x00, 0x00, 0x06, 0x00, 0x05, 0x00, 0x16, 0x00, 0x00, 0x00,
	0x00, 0x00, 0x00, 0x00, 0x65, 0x78, 0x74, 0x65, 0x6E, 0x74, 0x00, 0x00, 0x06, 0x00, 0x06, 0x00,
	0x16, 0x00, 0x00, 0x00, 0x01, 0x00, 0x00, 0x00, 0x73, 0x74, 0x72, 0x65, 0x6E, 0x67, 0x74, 0x68,
	0x73, 0x00, 0x00, 0x00, 0x06, 0x00, 0x05, 0x00, 0x16, 0x00, 0x00, 0x00, 0x02, 0x00, 0x00, 0x00,
	0x73, 0x75, 0x72, 0x66, 0x65, 0x6C, 0x00, 0x00, 0x05, 0x00, 0x03, 0x00, 0x18, 0x00, 0x00, 0x00,
	0x70, 0x63, 0x00, 0x00, 0x05, 0x00, 0x03, 0x00, 0x30, 0x00, 0x00, 0x00, 0x75, 0x76, 0x00, 0x00,
	0x05, 0x00, 0x04, 0x00, 0x3C, 0x00, 0x00, 0x00, 0x64, 0x65, 0x70, 0x74, 0x68, 0x00, 0x00, 0x00,
	0x05, 0x00, 0x05, 0x00, 0x40, 0x00, 0x00, 0x00, 0x64, 0x65, 0x70, 0x74, 0x68, 0x54, 0x65, 0x78,
	0x00, 0x00, 0x00, 0x00, 0x05, 0x00, 0x04, 0x00, 0x47, 0x00, 0x00, 0x00, 0x73, 0x63, 0x65, 0x6E,
	0x65, 0x00, 0x00, 0x00, 0x05, 0x00, 0x05, 0x00, 0x4A, 0x00, 0x00, 0x00, 0x63, 0x6F, 0x6C, 0x6F,
	0x72, 0x4F, 0x75, 0x74, 0x00, 0x00, 0x00, 0x00, 0x05, 0x00, 0x05, 0x00, 0x59, 0x00, 0x00, 0x00,
	0x73, 0x68, 0x61, 0x64, 0x6F, 0x77, 0x56, 0x69, 0x73, 0x00, 0x00, 0x00, 0x05, 0x00, 0x05, 0x00,
	0x5A, 0x00, 0x00, 0x00, 0x73, 0x68, 0x61, 0x64, 0x6F, 0x77, 0x54, 0x65, 0x78, 0x00, 0x00, 0x00,
	0x05, 0x00, 0x04, 0x00, 0x61, 0x00, 0x00, 0x00, 0x73, 0x70, 0x65, 0x63, 0x52, 0x67, 0x62, 0x00,
	0x05, 0x00, 0x04, 0x00, 0x62, 0x00, 0x00, 0x00, 0x73, 0x70, 0x65, 0x63, 0x54, 0x65, 0x78, 0x00,
	0x05, 0x00, 0x05, 0x00, 0x67, 0x00, 0x00, 0x00, 0x64, 0x69, 0x66, 0x66, 0x75, 0x73, 0x65, 0x52,
	0x67, 0x62, 0x00, 0x00, 0x05, 0x00, 0x05, 0x00, 0x68, 0x00, 0x00, 0x00, 0x64, 0x69, 0x66, 0x66,
	0x75, 0x73, 0x65, 0x54, 0x65, 0x78, 0x00, 0x00, 0x05, 0x00, 0x04, 0x00, 0x6D, 0x00, 0x00, 0x00,
	0x61, 0x6C, 0x62, 0x65, 0x64, 0x6F, 0x00, 0x00, 0x05, 0x00, 0x05, 0x00, 0x6E, 0x00, 0x00, 0x00,
	0x61, 0x6C, 0x62, 0x65, 0x64, 0x6F, 0x54, 0x65, 0x78, 0x00, 0x00, 0x00, 0x05, 0x00, 0x05, 0x00,
	0x73, 0x00, 0x00, 0x00, 0x73, 0x75, 0x72, 0x66, 0x65, 0x6C, 0x49, 0x72, 0x72, 0x00, 0x00, 0x00,
	0x05, 0x00, 0x07, 0x00, 0x74, 0x00, 0x00, 0x00, 0x73, 0x75, 0x72, 0x66, 0x65, 0x6C, 0x49, 0x72,
	0x72, 0x61, 0x64, 0x69, 0x61, 0x6E, 0x63, 0x65, 0x54, 0x65, 0x78, 0x00, 0x05, 0x00, 0x05, 0x00,
	0x79, 0x00, 0x00, 0x00, 0x73, 0x68, 0x61, 0x64, 0x6F, 0x77, 0x53, 0x74, 0x72, 0x00, 0x00, 0x00,
	0x05, 0x00, 0x04, 0x00, 0x7D, 0x00, 0x00, 0x00, 0x73, 0x70, 0x65, 0x63, 0x53, 0x74, 0x72, 0x00,
	0x05, 0x00, 0x05, 0x00, 0x81, 0x00, 0x00, 0x00, 0x64, 0x65, 0x62, 0x75, 0x67, 0x4D, 0x6F, 0x64,
	0x65, 0x00, 0x00, 0x00, 0x05, 0x00, 0x05, 0x00, 0x87, 0x00, 0x00, 0x00, 0x64, 0x69, 0x66, 0x66,
	0x75, 0x73, 0x65, 0x53, 0x74, 0x72, 0x00, 0x00, 0x05, 0x00, 0x05, 0x00, 0x8B, 0x00, 0x00, 0x00,
	0x73, 0x75, 0x72, 0x66, 0x65, 0x6C, 0x53, 0x74, 0x72, 0x00, 0x00, 0x00, 0x05, 0x00, 0x05, 0x00,
	0x8F, 0x00, 0x00, 0x00, 0x75, 0x73, 0x65, 0x53, 0x75, 0x72, 0x66, 0x65, 0x6C, 0x00, 0x00, 0x00,
	0x05, 0x00, 0x04, 0x00, 0x92, 0x00, 0x00, 0x00, 0x6F, 0x75, 0x74, 0x52, 0x67, 0x62, 0x00, 0x00,
	0x05, 0x00, 0x06, 0x00, 0xBF, 0x00, 0x00, 0x00, 0x73, 0x68, 0x61, 0x64, 0x6F, 0x77, 0x46, 0x61,
	0x63, 0x74, 0x6F, 0x72, 0x00, 0x00, 0x00, 0x00, 0x47, 0x00, 0x04, 0x00, 0x0C, 0x00, 0x00, 0x00,
	0x0B, 0x00, 0x00, 0x00, 0x1C, 0x00, 0x00, 0x00, 0x47, 0x00, 0x03, 0x00, 0x16, 0x00, 0x00, 0x00,
	0x02, 0x00, 0x00, 0x00, 0x48, 0x00, 0x05, 0x00, 0x16, 0x00, 0x00, 0x00, 0x00, 0x00, 0x00, 0x00,
	0x23, 0x00, 0x00, 0x00, 0x00, 0x00, 0x00, 0x00, 0x48, 0x00, 0x05, 0x00, 0x16, 0x00, 0x00, 0x00,
	0x01, 0x00, 0x00, 0x00, 0x23, 0x00, 0x00, 0x00, 0x10, 0x00, 0x00, 0x00, 0x48, 0x00, 0x05, 0x00,
	0x16, 0x00, 0x00, 0x00, 0x02, 0x00, 0x00, 0x00, 0x23, 0x00, 0x00, 0x00, 0x20, 0x00, 0x00, 0x00,
	0x47, 0x00, 0x04, 0x00, 0x40, 0x00, 0x00, 0x00, 0x21, 0x00, 0x00, 0x00, 0x00, 0x00, 0x00, 0x00,
	0x47, 0x00, 0x04, 0x00, 0x40, 0x00, 0x00, 0x00, 0x22, 0x00, 0x00, 0x00, 0x00, 0x00, 0x00, 0x00,
	0x47, 0x00, 0x04, 0x00, 0x4A, 0x00, 0x00, 0x00, 0x21, 0x00, 0x00, 0x00, 0x05, 0x00, 0x00, 0x00,
	0x47, 0x00, 0x04, 0x00, 0x4A, 0x00, 0x00, 0x00, 0x22, 0x00, 0x00, 0x00, 0x00, 0x00, 0x00, 0x00,
	0x47, 0x00, 0x04, 0x00, 0x5A, 0x00, 0x00, 0x00, 0x21, 0x00, 0x00, 0x00, 0x01, 0x00, 0x00, 0x00,
	0x47, 0x00, 0x04, 0x00, 0x5A, 0x00, 0x00, 0x00, 0x22, 0x00, 0x00, 0x00, 0x00, 0x00, 0x00, 0x00,
	0x47, 0x00, 0x04, 0x00, 0x62, 0x00, 0x00, 0x00, 0x21, 0x00, 0x00, 0x00, 0x02, 0x00, 0x00, 0x00,
	0x47, 0x00, 0x04, 0x00, 0x62, 0x00, 0x00, 0x00, 0x22, 0x00, 0x00, 0x00, 0x00, 0x00, 0x00, 0x00,
	0x47, 0x00, 0x04, 0x00, 0x68, 0x00, 0x00, 0x00, 0x21, 0x00, 0x00, 0x00, 0x03, 0x00, 0x00, 0x00,
	0x47, 0x00, 0x04, 0x00, 0x68, 0x00, 0x00, 0x00, 0x22, 0x00, 0x00, 0x00, 0x00, 0x00, 0x00, 0x00,
	0x47, 0x00, 0x04, 0x00, 0x6E, 0x00, 0x00, 0x00, 0x21, 0x00, 0x00, 0x00, 0x04, 0x00, 0x00, 0x00,
	0x47, 0x00, 0x04, 0x00, 0x6E, 0x00, 0x00, 0x00, 0x22, 0x00, 0x00, 0x00, 0x00, 0x00, 0x00, 0x00,
	0x47, 0x00, 0x04, 0x00, 0x74, 0x00, 0x00, 0x00, 0x21, 0x00, 0x00, 0x00, 0x06, 0x00, 0x00, 0x00,
	0x47, 0x00, 0x04, 0x00, 0x74, 0x00, 0x00, 0x00, 0x22, 0x00, 0x00, 0x00, 0x00, 0x00, 0x00, 0x00,
	0x47, 0x00, 0x04, 0x00, 0xE8, 0x00, 0x00, 0x00, 0x0B, 0x00, 0x00, 0x00, 0x19, 0x00, 0x00, 0x00,
	0x13, 0x00, 0x02, 0x00, 0x02, 0x00, 0x00, 0x00, 0x21, 0x00, 0x03, 0x00, 0x03, 0x00, 0x00, 0x00,
	0x02, 0x00, 0x00, 0x00, 0x15, 0x00, 0x04, 0x00, 0x06, 0x00, 0x00, 0x00, 0x20, 0x00, 0x00, 0x00,
	0x00, 0x00, 0x00, 0x00, 0x17, 0x00, 0x04, 0x00, 0x07, 0x00, 0x00, 0x00, 0x06, 0x00, 0x00, 0x00,
	0x02, 0x00, 0x00, 0x00, 0x20, 0x00, 0x04, 0x00, 0x08, 0x00, 0x00, 0x00, 0x07, 0x00, 0x00, 0x00,
	0x07, 0x00, 0x00, 0x00, 0x17, 0x00, 0x04, 0x00, 0x0A, 0x00, 0x00, 0x00, 0x06, 0x00, 0x00, 0x00,
	0x03, 0x00, 0x00, 0x00, 0x20, 0x00, 0x04, 0x00, 0x0B, 0x00, 0x00, 0x00, 0x01, 0x00, 0x00, 0x00,
	0x0A, 0x00, 0x00, 0x00, 0x3B, 0x00, 0x04, 0x00, 0x0B, 0x00, 0x00, 0x00, 0x0C, 0x00, 0x00, 0x00,
	0x01, 0x00, 0x00, 0x00, 0x14, 0x00, 0x02, 0x00, 0x0F, 0x00, 0x00, 0x00, 0x2B, 0x00, 0x04, 0x00,
	0x06, 0x00, 0x00, 0x00, 0x10, 0x00, 0x00, 0x00, 0x00, 0x00, 0x00, 0x00, 0x20, 0x00, 0x04, 0x00,
	0x11, 0x00, 0x00, 0x00, 0x07, 0x00, 0x00, 0x00, 0x06, 0x00, 0x00, 0x00, 0x16, 0x00, 0x03, 0x00,
	0x14, 0x00, 0x00, 0x00, 0x20, 0x00, 0x00, 0x00, 0x17, 0x00, 0x04, 0x00, 0x15, 0x00, 0x00, 0x00,
	0x14, 0x00, 0x00, 0x00, 0x04, 0x00, 0x00, 0x00, 0x1E, 0x00, 0x05, 0x00, 0x16, 0x00, 0x00, 0x00,
	0x15, 0x00, 0x00, 0x00, 0x15, 0x00, 0x00, 0x00, 0x15, 0x00, 0x00, 0x00, 0x20, 0x00, 0x04, 0x00,
	0x17, 0x00, 0x00, 0x00, 0x09, 0x00, 0x00, 0x00, 0x16, 0x00, 0x00, 0x00, 0x3B, 0x00, 0x04, 0x00,
	0x17, 0x00, 0x00, 0x00, 0x18, 0x00, 0x00, 0x00, 0x09, 0x00, 0x00, 0x00, 0x15, 0x00, 0x04, 0x00,
	0x19, 0x00, 0x00, 0x00, 0x20, 0x00, 0x00, 0x00, 0x01, 0x00, 0x00, 0x00, 0x2B, 0x00, 0x04, 0x00,
	0x19, 0x00, 0x00, 0x00, 0x1A, 0x00, 0x00, 0x00, 0x00, 0x00, 0x00, 0x00, 0x20, 0x00, 0x04, 0x00,
	0x1B, 0x00, 0x00, 0x00, 0x09, 0x00, 0x00, 0x00, 0x14, 0x00, 0x00, 0x00, 0x2B, 0x00, 0x04, 0x00,
	0x06, 0x00, 0x00, 0x00, 0x23, 0x00, 0x00, 0x00, 0x01, 0x00, 0x00, 0x00, 0x17, 0x00, 0x04, 0x00,
	0x2E, 0x00, 0x00, 0x00, 0x14, 0x00, 0x00, 0x00, 0x02, 0x00, 0x00, 0x00, 0x20, 0x00, 0x04, 0x00,
	0x2F, 0x00, 0x00, 0x00, 0x07, 0x00, 0x00, 0x00, 0x2E, 0x00, 0x00, 0x00, 0x2B, 0x00, 0x04, 0x00,
	0x14, 0x00, 0x00, 0x00, 0x33, 0x00, 0x00, 0x00, 0x00, 0x00, 0x00, 0x3F, 0x20, 0x00, 0x04, 0x00,
	0x36, 0x00, 0x00, 0x00, 0x09, 0x00, 0x00, 0x00, 0x15, 0x00, 0x00, 0x00, 0x20, 0x00, 0x04, 0x00,
	0x3B, 0x00, 0x00, 0x00, 0x07, 0x00, 0x00, 0x00, 0x14, 0x00, 0x00, 0x00, 0x19, 0x00, 0x09, 0x00,
	0x3D, 0x00, 0x00, 0x00, 0x14, 0x00, 0x00, 0x00, 0x01, 0x00, 0x00, 0x00, 0x00, 0x00, 0x00, 0x00,
	0x00, 0x00, 0x00, 0x00, 0x00, 0x00, 0x00, 0x00, 0x01, 0x00, 0x00, 0x00, 0x00, 0x00, 0x00, 0x00,
	0x1B, 0x00, 0x03, 0x00, 0x3E, 0x00, 0x00, 0x00, 0x3D, 0x00, 0x00, 0x00, 0x20, 0x00, 0x04, 0x00,
	0x3F, 0x00, 0x00, 0x00, 0x00, 0x00, 0x00, 0x00, 0x3E, 0x00, 0x00, 0x00, 0x3B, 0x00, 0x04, 0x00,
	0x3F, 0x00, 0x00, 0x00, 0x40, 0x00, 0x00, 0x00, 0x00, 0x00, 0x00, 0x00, 0x2B, 0x00, 0x04, 0x00,
	0x14, 0x00, 0x00, 0x00, 0x43, 0x00, 0x00, 0x00, 0x00, 0x00, 0x00, 0x00, 0x20, 0x00, 0x04, 0x00,
	0x46, 0x00, 0x00, 0x00, 0x07, 0x00, 0x00, 0x00, 0x15, 0x00, 0x00, 0x00, 0x19, 0x00, 0x09, 0x00,
	0x48, 0x00, 0x00, 0x00, 0x14, 0x00, 0x00, 0x00, 0x01, 0x00, 0x00, 0x00, 0x00, 0x00, 0x00, 0x00,
	0x00, 0x00, 0x00, 0x00, 0x00, 0x00, 0x00, 0x00, 0x02, 0x00, 0x00, 0x00, 0x02, 0x00, 0x00, 0x00,
	0x20, 0x00, 0x04, 0x00, 0x49, 0x00, 0x00, 0x00, 0x00, 0x00, 0x00, 0x00, 0x48, 0x00, 0x00, 0x00,
	0x3B, 0x00, 0x04, 0x00, 0x49, 0x00, 0x00, 0x00, 0x4A, 0x00, 0x00, 0x00, 0x00, 0x00, 0x00, 0x00,
	0x17, 0x00, 0x04, 0x00, 0x4D, 0x00, 0x00, 0x00, 0x19, 0x00, 0x00, 0x00, 0x02, 0x00, 0x00, 0x00,
	0x2B, 0x00, 0x04, 0x00, 0x14, 0x00, 0x00, 0x00, 0x53, 0x00, 0x00, 0x00, 0x00, 0x00, 0x80, 0x3F,
	0x3B, 0x00, 0x04, 0x00, 0x3F, 0x00, 0x00, 0x00, 0x5A, 0x00, 0x00, 0x00, 0x00, 0x00, 0x00, 0x00,
	0x17, 0x00, 0x04, 0x00, 0x5F, 0x00, 0x00, 0x00, 0x14, 0x00, 0x00, 0x00, 0x03, 0x00, 0x00, 0x00,
	0x20, 0x00, 0x04, 0x00, 0x60, 0x00, 0x00, 0x00, 0x07, 0x00, 0x00, 0x00, 0x5F, 0x00, 0x00, 0x00,
	0x3B, 0x00, 0x04, 0x00, 0x3F, 0x00, 0x00, 0x00, 0x62, 0x00, 0x00, 0x00, 0x00, 0x00, 0x00, 0x00,
	0x3B, 0x00, 0x04, 0x00, 0x3F, 0x00, 0x00, 0x00, 0x68, 0x00, 0x00, 0x00, 0x00, 0x00, 0x00, 0x00,
	0x3B, 0x00, 0x04, 0x00, 0x3F, 0x00, 0x00, 0x00, 0x6E, 0x00, 0x00, 0x00, 0x00, 0x00, 0x00, 0x00,
	0x3B, 0x00, 0x04, 0x00, 0x3F, 0x00, 0x00, 0x00, 0x74, 0x00, 0x00, 0x00, 0x00, 0x00, 0x00, 0x00,
	0x2B, 0x00, 0x04, 0x00, 0x19, 0x00, 0x00, 0x00, 0x7A, 0x00, 0x00, 0x00, 0x01, 0x00, 0x00, 0x00,
	0x20, 0x00, 0x04, 0x00, 0x80, 0x00, 0x00, 0x00, 0x07, 0x00, 0x00, 0x00, 0x19, 0x00, 0x00, 0x00,
	0x2B, 0x00, 0x04, 0x00, 0x06, 0x00, 0x00, 0x00, 0x82, 0x00, 0x00, 0x00, 0x02, 0x00, 0x00, 0x00,
	0x2B, 0x00, 0x04, 0x00, 0x06, 0x00, 0x00, 0x00, 0x88, 0x00, 0x00, 0x00, 0x03, 0x00, 0x00, 0x00,
	0x2B, 0x00, 0x04, 0x00, 0x19, 0x00, 0x00, 0x00, 0x8C, 0x00, 0x00, 0x00, 0x02, 0x00, 0x00, 0x00,
	0x2B, 0x00, 0x04, 0x00, 0x19, 0x00, 0x00, 0x00, 0xA3, 0x00, 0x00, 0x00, 0x03, 0x00, 0x00, 0x00,
	0x2B, 0x00, 0x04, 0x00, 0x14, 0x00, 0x00, 0x00, 0xAB, 0x00, 0x00, 0x00, 0x00, 0x00, 0xB4, 0x42,
	0x2B, 0x00, 0x04, 0x00, 0x19, 0x00, 0x00, 0x00, 0xB0, 0x00, 0x00, 0x00, 0x04, 0x00, 0x00, 0x00,
	0x2B, 0x00, 0x04, 0x00, 0x19, 0x00, 0x00, 0x00, 0xB9, 0x00, 0x00, 0x00, 0x05, 0x00, 0x00, 0x00,
	0x2B, 0x00, 0x04, 0x00, 0x06, 0x00, 0x00, 0x00, 0xE7, 0x00, 0x00, 0x00, 0x08, 0x00, 0x00, 0x00,
	0x2C, 0x00, 0x06, 0x00, 0x0A, 0x00, 0x00, 0x00, 0xE8, 0x00, 0x00, 0x00, 0xE7, 0x00, 0x00, 0x00,
	0xE7, 0x00, 0x00, 0x00, 0x23, 0x00, 0x00, 0x00, 0x36, 0x00, 0x05, 0x00, 0x02, 0x00, 0x00, 0x00,
	0x04, 0x00, 0x00, 0x00, 0x00, 0x00, 0x00, 0x00, 0x03, 0x00, 0x00, 0x00, 0xF8, 0x00, 0x02, 0x00,
	0x05, 0x00, 0x00, 0x00, 0x3B, 0x00, 0x04, 0x00, 0x08, 0x00, 0x00, 0x00, 0x09, 0x00, 0x00, 0x00,
	0x07, 0x00, 0x00, 0x00, 0x3B, 0x00, 0x04, 0x00, 0x2F, 0x00, 0x00, 0x00, 0x30, 0x00, 0x00, 0x00,
	0x07, 0x00, 0x00, 0x00, 0x3B, 0x00, 0x04, 0x00, 0x3B, 0x00, 0x00, 0x00, 0x3C, 0x00, 0x00, 0x00,
	0x07, 0x00, 0x00, 0x00, 0x3B, 0x00, 0x04, 0x00, 0x46, 0x00, 0x00, 0x00, 0x47, 0x00, 0x00, 0x00,
	0x07, 0x00, 0x00, 0x00, 0x3B, 0x00, 0x04, 0x00, 0x3B, 0x00, 0x00, 0x00, 0x59, 0x00, 0x00, 0x00,
	0x07, 0x00, 0x00, 0x00, 0x3B, 0x00, 0x04, 0x00, 0x60, 0x00, 0x00, 0x00, 0x61, 0x00, 0x00, 0x00,
	0x07, 0x00, 0x00, 0x00, 0x3B, 0x00, 0x04, 0x00, 0x60, 0x00, 0x00, 0x00, 0x67, 0x00, 0x00, 0x00,
	0x07, 0x00, 0x00, 0x00, 0x3B, 0x00, 0x04, 0x00, 0x60, 0x00, 0x00, 0x00, 0x6D, 0x00, 0x00, 0x00,
	0x07, 0x00, 0x00, 0x00, 0x3B, 0x00, 0x04, 0x00, 0x60, 0x00, 0x00, 0x00, 0x73, 0x00, 0x00, 0x00,
	0x07, 0x00, 0x00, 0x00, 0x3B, 0x00, 0x04, 0x00, 0x3B, 0x00, 0x00, 0x00, 0x79, 0x00, 0x00, 0x00,
	0x07, 0x00, 0x00, 0x00, 0x3B, 0x00, 0x04, 0x00, 0x3B, 0x00, 0x00, 0x00, 0x7D, 0x00, 0x00, 0x00,
	0x07, 0x00, 0x00, 0x00, 0x3B, 0x00, 0x04, 0x00, 0x80, 0x00, 0x00, 0x00, 0x81, 0x00, 0x00, 0x00,
	0x07, 0x00, 0x00, 0x00, 0x3B, 0x00, 0x04, 0x00, 0x3B, 0x00, 0x00, 0x00, 0x87, 0x00, 0x00, 0x00,
	0x07, 0x00, 0x00, 0x00, 0x3B, 0x00, 0x04, 0x00, 0x3B, 0x00, 0x00, 0x00, 0x8B, 0x00, 0x00, 0x00,
	0x07, 0x00, 0x00, 0x00, 0x3B, 0x00, 0x04, 0x00, 0x3B, 0x00, 0x00, 0x00, 0x8F, 0x00, 0x00, 0x00,
	0x07, 0x00, 0x00, 0x00, 0x3B, 0x00, 0x04, 0x00, 0x60, 0x00, 0x00, 0x00, 0x92, 0x00, 0x00, 0x00,
	0x07, 0x00, 0x00, 0x00, 0x3B, 0x00, 0x04, 0x00, 0x3B, 0x00, 0x00, 0x00, 0xBF, 0x00, 0x00, 0x00,
	0x07, 0x00, 0x00, 0x00, 0x3D, 0x00, 0x04, 0x00, 0x0A, 0x00, 0x00, 0x00, 0x0D, 0x00, 0x00, 0x00,
	0x0C, 0x00, 0x00, 0x00, 0x4F, 0x00, 0x07, 0x00, 0x07, 0x00, 0x00, 0x00, 0x0E, 0x00, 0x00, 0x00,
	0x0D, 0x00, 0x00, 0x00, 0x0D, 0x00, 0x00, 0x00, 0x00, 0x00, 0x00, 0x00, 0x01, 0x00, 0x00, 0x00,
	0x3E, 0x00, 0x03, 0x00, 0x09, 0x00, 0x00, 0x00, 0x0E, 0x00, 0x00, 0x00, 0x41, 0x00, 0x05, 0x00,
	0x11, 0x00, 0x00, 0x00, 0x12, 0x00, 0x00, 0x00, 0x09, 0x00, 0x00, 0x00, 0x10, 0x00, 0x00, 0x00,
	0x3D, 0x00, 0x04, 0x00, 0x06, 0x00, 0x00, 0x00, 0x13, 0x00, 0x00, 0x00, 0x12, 0x00, 0x00, 0x00,
	0x41, 0x00, 0x06, 0x00, 0x1B, 0x00, 0x00, 0x00, 0x1C, 0x00, 0x00, 0x00, 0x18, 0x00, 0x00, 0x00,
	0x1A, 0x00, 0x00, 0x00, 0x10, 0x00, 0x00, 0x00, 0x3D, 0x00, 0x04, 0x00, 0x14, 0x00, 0x00, 0x00,
	0x1D, 0x00, 0x00, 0x00, 0x1C, 0x00, 0x00, 0x00, 0x6D, 0x00, 0x04, 0x00, 0x06, 0x00, 0x00, 0x00,
	0x1E, 0x00, 0x00, 0x00, 0x1D, 0x00, 0x00, 0x00, 0xAE, 0x00, 0x05, 0x00, 0x0F, 0x00, 0x00, 0x00,
	0x1F, 0x00, 0x00, 0x00, 0x13, 0x00, 0x00, 0x00, 0x1E, 0x00, 0x00, 0x00, 0xA8, 0x00, 0x04, 0x00,
	0x0F, 0x00, 0x00, 0x00, 0x20, 0x00, 0x00, 0x00, 0x1F, 0x00, 0x00, 0x00, 0xF7, 0x00, 0x03, 0x00,
	0x22, 0x00, 0x00, 0x00, 0x00, 0x00, 0x00, 0x00, 0xFA, 0x00, 0x04, 0x00, 0x20, 0x00, 0x00, 0x00,
	0x21, 0x00, 0x00, 0x00, 0x22, 0x00, 0x00, 0x00, 0xF8, 0x00, 0x02, 0x00, 0x21, 0x00, 0x00, 0x00,
	0x41, 0x00, 0x05, 0x00, 0x11, 0x00, 0x00, 0x00, 0x24, 0x00, 0x00, 0x00, 0x09, 0x00, 0x00, 0x00,
	0x23, 0x00, 0x00, 0x00, 0x3D, 0x00, 0x04, 0x00, 0x06, 0x00, 0x00, 0x00, 0x25, 0x00, 0x00, 0x00,
	0x24, 0x00, 0x00, 0x00, 0x41, 0x00, 0x06, 0x00, 0x1B, 0x00, 0x00, 0x00, 0x26, 0x00, 0x00, 0x00,
	0x18, 0x00, 0x00, 0x00, 0x1A, 0x00, 0x00, 0x00, 0x23, 0x00, 0x00, 0x00, 0x3D, 0x00, 0x04, 0x00,
	0x14, 0x00, 0x00, 0x00, 0x27, 0x00, 0x00, 0x00, 0x26, 0x00, 0x00, 0x00, 0x6D, 0x00, 0x04, 0x00,
	0x06, 0x00, 0x00, 0x00, 0x28, 0x00, 0x00, 0x00, 0x27, 0x00, 0x00, 0x00, 0xAE, 0x00, 0x05, 0x00,
	0x0F, 0x00, 0x00, 0x00, 0x29, 0x00, 0x00, 0x00, 0x25, 0x00, 0x00, 0x00, 0x28, 0x00, 0x00, 0x00,
	0xF9, 0x00, 0x02, 0x00, 0x22, 0x00, 0x00, 0x00, 0xF8, 0x00, 0x02, 0x00, 0x22, 0x00, 0x00, 0x00,
	0xF5, 0x00, 0x07, 0x00, 0x0F, 0x00, 0x00, 0x00, 0x2A, 0x00, 0x00, 0x00, 0x1F, 0x00, 0x00, 0x00,
	0x05, 0x00, 0x00, 0x00, 0x29, 0x00, 0x00, 0x00, 0x21, 0x00, 0x00, 0x00, 0xF7, 0x00, 0x03, 0x00,
	0x2C, 0x00, 0x00, 0x00, 0x00, 0x00, 0x00, 0x00, 0xFA, 0x00, 0x04, 0x00, 0x2A, 0x00, 0x00, 0x00,
	0x2B, 0x00, 0x00, 0x00, 0x2C, 0x00, 0x00, 0x00, 0xF8, 0x00, 0x02, 0x00, 0x2B, 0x00, 0x00, 0x00,
	0xFD, 0x00, 0x01, 0x00, 0xF8, 0x00, 0x02, 0x00, 0x2C, 0x00, 0x00, 0x00, 0x3D, 0x00, 0x04, 0x00,
	0x07, 0x00, 0x00, 0x00, 0x31, 0x00, 0x00, 0x00, 0x09, 0x00, 0x00, 0x00, 0x70, 0x00, 0x04, 0x00,
	0x2E, 0x00, 0x00, 0x00, 0x32, 0x00, 0x00, 0x00, 0x31, 0x00, 0x00, 0x00, 0x50, 0x00, 0x05, 0x00,
	0x2E, 0x00, 0x00, 0x00, 0x34, 0x00, 0x00, 0x00, 0x33, 0x00, 0x00, 0x00, 0x33, 0x00, 0x00, 0x00,
	0x81, 0x00, 0x05, 0x00, 0x2E, 0x00, 0x00, 0x00, 0x35, 0x00, 0x00, 0x00, 0x32, 0x00, 0x00, 0x00,
	0x34, 0x00, 0x00, 0x00, 0x41, 0x00, 0x05, 0x00, 0x36, 0x00, 0x00, 0x00, 0x37, 0x00, 0x00, 0x00,
	0x18, 0x00, 0x00, 0x00, 0x1A, 0x00, 0x00, 0x00, 0x3D, 0x00, 0x04, 0x00, 0x15, 0x00, 0x00, 0x00,
	0x38, 0x00, 0x00, 0x00, 0x37, 0x00, 0x00, 0x00, 0x4F, 0x00, 0x07, 0x00, 0x2E, 0x00, 0x00, 0x00,
	0x39, 0x00, 0x00, 0x00, 0x38, 0x00, 0x00, 0x00, 0x38, 0x00, 0x00, 0x00, 0x00, 0x00, 0x00, 0x00,
	0x01, 0x00, 0x00, 0x00, 0x88, 0x00, 0x05, 0x00, 0x2E, 0x00, 0x00, 0x00, 0x3A, 0x00, 0x00, 0x00,
	0x35, 0x00, 0x00, 0x00, 0x39, 0x00, 0x00, 0x00, 0x3E, 0x00, 0x03, 0x00, 0x30, 0x00, 0x00, 0x00,
	0x3A, 0x00, 0x00, 0x00, 0x3D, 0x00, 0x04, 0x00, 0x3E, 0x00, 0x00, 0x00, 0x41, 0x00, 0x00, 0x00,
	0x40, 0x00, 0x00, 0x00, 0x3D, 0x00, 0x04, 0x00, 0x2E, 0x00, 0x00, 0x00, 0x42, 0x00, 0x00, 0x00,
	0x30, 0x00, 0x00, 0x00, 0x58, 0x00, 0x07, 0x00, 0x15, 0x00, 0x00, 0x00, 0x44, 0x00, 0x00, 0x00,
	0x41, 0x00, 0x00, 0x00, 0x42, 0x00, 0x00, 0x00, 0x02, 0x00, 0x00, 0x00, 0x43, 0x00, 0x00, 0x00,
	0x51, 0x00, 0x05, 0x00, 0x14, 0x00, 0x00, 0x00, 0x45, 0x00, 0x00, 0x00, 0x44, 0x00, 0x00, 0x00,
	0x00, 0x00, 0x00, 0x00, 0x3E, 0x00, 0x03, 0x00, 0x3C, 0x00, 0x00, 0x00, 0x45, 0x00, 0x00, 0x00,
	0x3D, 0x00, 0x04, 0x00, 0x48, 0x00, 0x00, 0x00, 0x4B, 0x00, 0x00, 0x00, 0x4A, 0x00, 0x00, 0x00,
	0x3D, 0x00, 0x04, 0x00, 0x07, 0x00, 0x00, 0x00, 0x4C, 0x00, 0x00, 0x00, 0x09, 0x00, 0x00, 0x00,
	0x7C, 0x00, 0x04, 0x00, 0x4D, 0x00, 0x00, 0x00, 0x4E, 0x00, 0x00, 0x00, 0x4C, 0x00, 0x00, 0x00,
	0x62, 0x00, 0x05, 0x00, 0x15, 0x00, 0x00, 0x00, 0x4F, 0x00, 0x00, 0x00, 0x4B, 0x00, 0x00, 0x00,
	0x4E, 0x00, 0x00, 0x00, 0x3E, 0x00, 0x03, 0x00, 0x47, 0x00, 0x00, 0x00, 0x4F, 0x00, 0x00, 0x00,
	0x3D, 0x00, 0x04, 0x00, 0x14, 0x00, 0x00, 0x00, 0x50, 0x00, 0x00, 0x00, 0x3C, 0x00, 0x00, 0x00,
	0xBC, 0x00, 0x05, 0x00, 0x0F, 0x00, 0x00, 0x00, 0x51, 0x00, 0x00, 0x00, 0x50, 0x00, 0x00, 0x00,
	0x43, 0x00, 0x00, 0x00, 0x3D, 0x00, 0x04, 0x00, 0x14, 0x00, 0x00, 0x00, 0x52, 0x00, 0x00, 0x00,
	0x3C, 0x00, 0x00, 0x00, 0xBE, 0x00, 0x05, 0x00, 0x0F, 0x00, 0x00, 0x00, 0x54, 0x00, 0x00, 0x00,
	0x52, 0x00, 0x00, 0x00, 0x53, 0x00, 0x00, 0x00, 0xA6, 0x00, 0x05, 0x00, 0x0F, 0x00, 0x00, 0x00,
	0x55, 0x00, 0x00, 0x00, 0x51, 0x00, 0x00, 0x00, 0x54, 0x00, 0x00, 0x00, 0xF7, 0x00, 0x03, 0x00,
	0x57, 0x00, 0x00, 0x00, 0x00, 0x00, 0x00, 0x00, 0xFA, 0x00, 0x04, 0x00, 0x55, 0x00, 0x00, 0x00,
	0x56, 0x00, 0x00, 0x00, 0x57, 0x00, 0x00, 0x00, 0xF8, 0x00, 0x02, 0x00, 0x56, 0x00, 0x00, 0x00,
	0xFD, 0x00, 0x01, 0x00, 0xF8, 0x00, 0x02, 0x00, 0x57, 0x00, 0x00, 0x00, 0x3D, 0x00, 0x04, 0x00,
	0x3E, 0x00, 0x00, 0x00, 0x5B, 0x00, 0x00, 0x00, 0x5A, 0x00, 0x00, 0x00, 0x3D, 0x00, 0x04, 0x00,
	0x2E, 0x00, 0x00, 0x00, 0x5C, 0x00, 0x00, 0x00, 0x30, 0x00, 0x00, 0x00, 0x58, 0x00, 0x07, 0x00,
	0x15, 0x00, 0x00, 0x00, 0x5D, 0x00, 0x00, 0x00, 0x5B, 0x00, 0x00, 0x00, 0x5C, 0x00, 0x00, 0x00,
	0x02, 0x00, 0x00, 0x00, 0x43, 0x00, 0x00, 0x00, 0x51, 0x00, 0x05, 0x00, 0x14, 0x00, 0x00, 0x00,
	0x5E, 0x00, 0x00, 0x00, 0x5D, 0x00, 0x00, 0x00, 0x00, 0x00, 0x00, 0x00, 0x3E, 0x00, 0x03, 0x00,
	0x59, 0x00, 0x00, 0x00, 0x5E, 0x00, 0x00, 0x00, 0x3D, 0x00, 0x04, 0x00, 0x3E, 0x00, 0x00, 0x00,
	0x63, 0x00, 0x00, 0x00, 0x62, 0x00, 0x00, 0x00, 0x3D, 0x00, 0x04, 0x00, 0x2E, 0x00, 0x00, 0x00,
	0x64, 0x00, 0x00, 0x00, 0x30, 0x00, 0x00, 0x00, 0x58, 0x00, 0x07, 0x00, 0x15, 0x00, 0x00, 0x00,
	0x65, 0x00, 0x00, 0x00, 0x63, 0x00, 0x00, 0x00, 0x64, 0x00, 0x00, 0x00, 0x02, 0x00, 0x00, 0x00,
	0x43, 0x00, 0x00, 0x00, 0x4F, 0x00, 0x08, 0x00, 0x5F, 0x00, 0x00, 0x00, 0x66, 0x00, 0x00, 0x00,
	0x65, 0x00, 0x00, 0x00, 0x65, 0x00, 0x00, 0x00, 0x00, 0x00, 0x00, 0x00, 0x01, 0x00, 0x00, 0x00,
	0x02, 0x00, 0x00, 0x00, 0x3E, 0x00, 0x03, 0x00, 0x61, 0x00, 0x00, 0x00, 0x66, 0x00, 0x00, 0x00,
	0x3D, 0x00, 0x04, 0x00, 0x3E, 0x00, 0x00, 0x00, 0x69, 0x00, 0x00, 0x00, 0x68, 0x00, 0x00, 0x00,
	0x3D, 0x00, 0x04, 0x00, 0x2E, 0x00, 0x00, 0x00, 0x6A, 0x00, 0x00, 0x00, 0x30, 0x00, 0x00, 0x00,
	0x58, 0x00, 0x07, 0x00, 0x15, 0x00, 0x00, 0x00, 0x6B, 0x00, 0x00, 0x00, 0x69, 0x00, 0x00, 0x00,
	0x6A, 0x00, 0x00, 0x00, 0x02, 0x00, 0x00, 0x00, 0x43, 0x00, 0x00, 0x00, 0x4F, 0x00, 0x08, 0x00,
	0x5F, 0x00, 0x00, 0x00, 0x6C, 0x00, 0x00, 0x00, 0x6B, 0x00, 0x00, 0x00, 0x6B, 0x00, 0x00, 0x00,
	0x00, 0x00, 0x00, 0x00, 0x01, 0x00, 0x00, 0x00, 0x02, 0x00, 0x00, 0x00, 0x3E, 0x00, 0x03, 0x00,
	0x67, 0x00, 0x00, 0x00, 0x6C, 0x00, 0x00, 0x00, 0x3D, 0x00, 0x04, 0x00, 0x3E, 0x00, 0x00, 0x00,
	0x6F, 0x00, 0x00, 0x00, 0x6E, 0x00, 0x00, 0x00, 0x3D, 0x00, 0x04, 0x00, 0x2E, 0x00, 0x00, 0x00,
	0x70, 0x00, 0x00, 0x00, 0x30, 0x00, 0x00, 0x00, 0x58, 0x00, 0x07, 0x00, 0x15, 0x00, 0x00, 0x00,
	0x71, 0x00, 0x00, 0x00, 0x6F, 0x00, 0x00, 0x00, 0x70, 0x00, 0x00, 0x00, 0x02, 0x00, 0x00, 0x00,
	0x43, 0x00, 0x00, 0x00, 0x4F, 0x00, 0x08, 0x00, 0x5F, 0x00, 0x00, 0x00, 0x72, 0x00, 0x00, 0x00,
	0x71, 0x00, 0x00, 0x00, 0x71, 0x00, 0x00, 0x00, 0x00, 0x00, 0x00, 0x00, 0x01, 0x00, 0x00, 0x00,
	0x02, 0x00, 0x00, 0x00, 0x3E, 0x00, 0x03, 0x00, 0x6D, 0x00, 0x00, 0x00, 0x72, 0x00, 0x00, 0x00,
	0x3D, 0x00, 0x04, 0x00, 0x3E, 0x00, 0x00, 0x00, 0x75, 0x00, 0x00, 0x00, 0x74, 0x00, 0x00, 0x00,
	0x3D, 0x00, 0x04, 0x00, 0x2E, 0x00, 0x00, 0x00, 0x76, 0x00, 0x00, 0x00, 0x30, 0x00, 0x00, 0x00,
	0x58, 0x00, 0x07, 0x00, 0x15, 0x00, 0x00, 0x00, 0x77, 0x00, 0x00, 0x00, 0x75, 0x00, 0x00, 0x00,
	0x76, 0x00, 0x00, 0x00, 0x02, 0x00, 0x00, 0x00, 0x43, 0x00, 0x00, 0x00, 0x4F, 0x00, 0x08, 0x00,
	0x5F, 0x00, 0x00, 0x00, 0x78, 0x00, 0x00, 0x00, 0x77, 0x00, 0x00, 0x00, 0x77, 0x00, 0x00, 0x00,
	0x00, 0x00, 0x00, 0x00, 0x01, 0x00, 0x00, 0x00, 0x02, 0x00, 0x00, 0x00, 0x3E, 0x00, 0x03, 0x00,
	0x73, 0x00, 0x00, 0x00, 0x78, 0x00, 0x00, 0x00, 0x41, 0x00, 0x06, 0x00, 0x1B, 0x00, 0x00, 0x00,
	0x7B, 0x00, 0x00, 0x00, 0x18, 0x00, 0x00, 0x00, 0x7A, 0x00, 0x00, 0x00, 0x10, 0x00, 0x00, 0x00,
	0x3D, 0x00, 0x04, 0x00, 0x14, 0x00, 0x00, 0x00, 0x7C, 0x00, 0x00, 0x00, 0x7B, 0x00, 0x00, 0x00,
	0x3E, 0x00, 0x03, 0x00, 0x79, 0x00, 0x00, 0x00, 0x7C, 0x00, 0x00, 0x00, 0x41, 0x00, 0x06, 0x00,
	0x1B, 0x00, 0x00, 0x00, 0x7E, 0x00, 0x00, 0x00, 0x18, 0x00, 0x00, 0x00, 0x7A, 0x00, 0x00, 0x00,
	0x23, 0x00, 0x00, 0x00, 0x3D, 0x00, 0x04, 0x00, 0x14, 0x00, 0x00, 0x00, 0x7F, 0x00, 0x00, 0x00,
	0x7E, 0x00, 0x00, 0x00, 0x3E, 0x00, 0x03, 0x00, 0x7D, 0x00, 0x00, 0x00, 0x7F, 0x00, 0x00, 0x00,
	0x41, 0x00, 0x06, 0x00, 0x1B, 0x00, 0x00, 0x00, 0x83, 0x00, 0x00, 0x00, 0x18, 0x00, 0x00, 0x00,
	0x7A, 0x00, 0x00, 0x00, 0x82, 0x00, 0x00, 0x00, 0x3D, 0x00, 0x04, 0x00, 0x14, 0x00, 0x00, 0x00,
	0x84, 0x00, 0x00, 0x00, 0x83, 0x00, 0x00, 0x00, 0x81, 0x00, 0x05, 0x00, 0x14, 0x00, 0x00, 0x00,
	0x85, 0x00, 0x00, 0x00, 0x84, 0x00, 0x00, 0x00, 0x33, 0x00, 0x00, 0x00, 0x6E, 0x00, 0x04, 0x00,
	0x19, 0x00, 0x00, 0x00, 0x86, 0x00, 0x00, 0x00, 0x85, 0x00, 0x00, 0x00, 0x3E, 0x00, 0x03, 0x00,
	0x81, 0x00, 0x00, 0x00, 0x86, 0x00, 0x00, 0x00, 0x41, 0x00, 0x06, 0x00, 0x1B, 0x00, 0x00, 0x00,
	0x89, 0x00, 0x00, 0x00, 0x18, 0x00, 0x00, 0x00, 0x7A, 0x00, 0x00, 0x00, 0x88, 0x00, 0x00, 0x00,
	0x3D, 0x00, 0x04, 0x00, 0x14, 0x00, 0x00, 0x00, 0x8A, 0x00, 0x00, 0x00, 0x89, 0x00, 0x00, 0x00,
	0x3E, 0x00, 0x03, 0x00, 0x87, 0x00, 0x00, 0x00, 0x8A, 0x00, 0x00, 0x00, 0x41, 0x00, 0x06, 0x00,
	0x1B, 0x00, 0x00, 0x00, 0x8D, 0x00, 0x00, 0x00, 0x18, 0x00, 0x00, 0x00, 0x8C, 0x00, 0x00, 0x00,
	0x10, 0x00, 0x00, 0x00, 0x3D, 0x00, 0x04, 0x00, 0x14, 0x00, 0x00, 0x00, 0x8E, 0x00, 0x00, 0x00,
	0x8D, 0x00, 0x00, 0x00, 0x3E, 0x00, 0x03, 0x00, 0x8B, 0x00, 0x00, 0x00, 0x8E, 0x00, 0x00, 0x00,
	0x41, 0x00, 0x06, 0x00, 0x1B, 0x00, 0x00, 0x00, 0x90, 0x00, 0x00, 0x00, 0x18, 0x00, 0x00, 0x00,
	0x8C, 0x00, 0x00, 0x00, 0x23, 0x00, 0x00, 0x00, 0x3D, 0x00, 0x04, 0x00, 0x14, 0x00, 0x00, 0x00,
	0x91, 0x00, 0x00, 0x00, 0x90, 0x00, 0x00, 0x00, 0x3E, 0x00, 0x03, 0x00, 0x8F, 0x00, 0x00, 0x00,
	0x91, 0x00, 0x00, 0x00, 0x3D, 0x00, 0x04, 0x00, 0x15, 0x00, 0x00, 0x00, 0x93, 0x00, 0x00, 0x00,
	0x47, 0x00, 0x00, 0x00, 0x4F, 0x00, 0x08, 0x00, 0x5F, 0x00, 0x00, 0x00, 0x94, 0x00, 0x00, 0x00,
	0x93, 0x00, 0x00, 0x00, 0x93, 0x00, 0x00, 0x00, 0x00, 0x00, 0x00, 0x00, 0x01, 0x00, 0x00, 0x00,
	0x02, 0x00, 0x00, 0x00, 0x3E, 0x00, 0x03, 0x00, 0x92, 0x00, 0x00, 0x00, 0x94, 0x00, 0x00, 0x00,
	0x3D, 0x00, 0x04, 0x00, 0x19, 0x00, 0x00, 0x00, 0x95, 0x00, 0x00, 0x00, 0x81, 0x00, 0x00, 0x00,
	0xAA, 0x00, 0x05, 0x00, 0x0F, 0x00, 0x00, 0x00, 0x96, 0x00, 0x00, 0x00, 0x95, 0x00, 0x00, 0x00,
	0x7A, 0x00, 0x00, 0x00, 0xF7, 0x00, 0x03, 0x00, 0x98, 0x00, 0x00, 0x00, 0x00, 0x00, 0x00, 0x00,
	0xFA, 0x00, 0x04, 0x00, 0x96, 0x00, 0x00, 0x00, 0x97, 0x00, 0x00, 0x00, 0x9B, 0x00, 0x00, 0x00,
	0xF8, 0x00, 0x02, 0x00, 0x97, 0x00, 0x00, 0x00, 0x3D, 0x00, 0x04, 0x00, 0x14, 0x00, 0x00, 0x00,
	0x99, 0x00, 0x00, 0x00, 0x59, 0x00, 0x00, 0x00, 0x50, 0x00, 0x06, 0x00, 0x5F, 0x00, 0x00, 0x00,
	0x9A, 0x00, 0x00, 0x00, 0x99, 0x00, 0x00, 0x00, 0x99, 0x00, 0x00, 0x00, 0x99, 0x00, 0x00, 0x00,
	0x3E, 0x00, 0x03, 0x00, 0x92, 0x00, 0x00, 0x00, 0x9A, 0x00, 0x00, 0x00, 0xF9, 0x00, 0x02, 0x00,
	0x98, 0x00, 0x00, 0x00, 0xF8, 0x00, 0x02, 0x00, 0x9B, 0x00, 0x00, 0x00, 0x3D, 0x00, 0x04, 0x00,
	0x19, 0x00, 0x00, 0x00, 0x9C, 0x00, 0x00, 0x00, 0x81, 0x00, 0x00, 0x00, 0xAA, 0x00, 0x05, 0x00,
	0x0F, 0x00, 0x00, 0x00, 0x9D, 0x00, 0x00, 0x00, 0x9C, 0x00, 0x00, 0x00, 0x8C, 0x00, 0x00, 0x00,
	0xF7, 0x00, 0x03, 0x00, 0x9F, 0x00, 0x00, 0x00, 0x00, 0x00, 0x00, 0x00, 0xFA, 0x00, 0x04, 0x00,
	0x9D, 0x00, 0x00, 0x00, 0x9E, 0x00, 0x00, 0x00, 0xA1, 0x00, 0x00, 0x00, 0xF8, 0x00, 0x02, 0x00,
	0x9E, 0x00, 0x00, 0x00, 0x3D, 0x00, 0x04, 0x00, 0x5F, 0x00, 0x00, 0x00, 0xA0, 0x00, 0x00, 0x00,
	0x61, 0x00, 0x00, 0x00, 0x3E, 0x00, 0x03, 0x00, 0x92, 0x00, 0x00, 0x00, 0xA0, 0x00, 0x00, 0x00,
	0xF9, 0x00, 0x02, 0x00, 0x9F, 0x00, 0x00, 0x00, 0xF8, 0x00, 0x02, 0x00, 0xA1, 0x00, 0x00, 0x00,
	0x3D, 0x00, 0x04, 0x00, 0x19, 0x00, 0x00, 0x00, 0xA2, 0x00, 0x00, 0x00, 0x81, 0x00, 0x00, 0x00,
	0xAA, 0x00, 0x05, 0x00, 0x0F, 0x00, 0x00, 0x00, 0xA4, 0x00, 0x00, 0x00, 0xA2, 0x00, 0x00, 0x00,
	0xA3, 0x00, 0x00, 0x00, 0xF7, 0x00, 0x03, 0x00, 0xA6, 0x00, 0x00, 0x00, 0x00, 0x00, 0x00, 0x00,
	0xFA, 0x00, 0x04, 0x00, 0xA4, 0x00, 0x00, 0x00, 0xA5, 0x00, 0x00, 0x00, 0xAE, 0x00, 0x00, 0x00,
	0xF8, 0x00, 0x02, 0x00, 0xA5, 0x00, 0x00, 0x00, 0x3D, 0x00, 0x04, 0x00, 0x3E, 0x00, 0x00, 0x00,
	0xA7, 0x00, 0x00, 0x00, 0x5A, 0x00, 0x00, 0x00, 0x3D, 0x00, 0x04, 0x00, 0x2E, 0x00, 0x00, 0x00,
	0xA8, 0x00, 0x00, 0x00, 0x30, 0x00, 0x00, 0x00, 0x58, 0x00, 0x07, 0x00, 0x15, 0x00, 0x00, 0x00,
	0xA9, 0x00, 0x00, 0x00, 0xA7, 0x00, 0x00, 0x00, 0xA8, 0x00, 0x00, 0x00, 0x02, 0x00, 0x00, 0x00,
	0x43, 0x00, 0x00, 0x00, 0x51, 0x00, 0x05, 0x00, 0x14, 0x00, 0x00, 0x00, 0xAA, 0x00, 0x00, 0x00,
	0xA9, 0x00, 0x00, 0x00, 0x01, 0x00, 0x00, 0x00, 0x88, 0x00, 0x05, 0x00, 0x14, 0x00, 0x00, 0x00,
	0xAC, 0x00, 0x00, 0x00, 0xAA, 0x00, 0x00, 0x00, 0xAB, 0x00, 0x00, 0x00, 0x50, 0x00, 0x06, 0x00,
	0x5F, 0x00, 0x00, 0x00, 0xAD, 0x00, 0x00, 0x00, 0xAC, 0x00, 0x00, 0x00, 0xAC, 0x00, 0x00, 0x00,
	0xAC, 0x00, 0x00, 0x00, 0x3E, 0x00, 0x03, 0x00, 0x92, 0x00, 0x00, 0x00, 0xAD, 0x00, 0x00, 0x00,
	0xF9, 0x00, 0x02, 0x00, 0xA6, 0x00, 0x00, 0x00, 0xF8, 0x00, 0x02, 0x00, 0xAE, 0x00, 0x00, 0x00,
	0x3D, 0x00, 0x04, 0x00, 0x19, 0x00, 0x00, 0x00, 0xAF, 0x00, 0x00, 0x00, 0x81, 0x00, 0x00, 0x00,
	0xAA, 0x00, 0x05, 0x00, 0x0F, 0x00, 0x00, 0x00, 0xB1, 0x00, 0x00, 0x00, 0xAF, 0x00, 0x00, 0x00,
	0xB0, 0x00, 0x00, 0x00, 0xF7, 0x00, 0x03, 0x00, 0xB3, 0x00, 0x00, 0x00, 0x00, 0x00, 0x00, 0x00,
	0xFA, 0x00, 0x04, 0x00, 0xB1, 0x00, 0x00, 0x00, 0xB2, 0x00, 0x00, 0x00, 0xB7, 0x00, 0x00, 0x00,
	0xF8, 0x00, 0x02, 0x00, 0xB2, 0x00, 0x00, 0x00, 0x3D, 0x00, 0x04, 0x00, 0x5F, 0x00, 0x00, 0x00,
	0xB4, 0x00, 0x00, 0x00, 0x67, 0x00, 0x00, 0x00, 0x3D, 0x00, 0x04, 0x00, 0x5F, 0x00, 0x00, 0x00,
	0xB5, 0x00, 0x00, 0x00, 0x6D, 0x00, 0x00, 0x00, 0x85, 0x00, 0x05, 0x00, 0x5F, 0x00, 0x00, 0x00,
	0xB6, 0x00, 0x00, 0x00, 0xB4, 0x00, 0x00, 0x00, 0xB5, 0x00, 0x00, 0x00, 0x3E, 0x00, 0x03, 0x00,
	0x92, 0x00, 0x00, 0x00, 0xB6, 0x00, 0x00, 0x00, 0xF9, 0x00, 0x02, 0x00, 0xB3, 0x00, 0x00, 0x00,
	0xF8, 0x00, 0x02, 0x00, 0xB7, 0x00, 0x00, 0x00, 0x3D, 0x00, 0x04, 0x00, 0x19, 0x00, 0x00, 0x00,
	0xB8, 0x00, 0x00, 0x00, 0x81, 0x00, 0x00, 0x00, 0xAA, 0x00, 0x05, 0x00, 0x0F, 0x00, 0x00, 0x00,
	0xBA, 0x00, 0x00, 0x00, 0xB8, 0x00, 0x00, 0x00, 0xB9, 0x00, 0x00, 0x00, 0xF7, 0x00, 0x03, 0x00,
	0xBC, 0x00, 0x00, 0x00, 0x00, 0x00, 0x00, 0x00, 0xFA, 0x00, 0x04, 0x00, 0xBA, 0x00, 0x00, 0x00,
	0xBB, 0x00, 0x00, 0x00, 0xBE, 0x00, 0x00, 0x00, 0xF8, 0x00, 0x02, 0x00, 0xBB, 0x00, 0x00, 0x00,
	0x3D, 0x00, 0x04, 0x00, 0x5F, 0x00, 0x00, 0x00, 0xBD, 0x00, 0x00, 0x00, 0x73, 0x00, 0x00, 0x00,
	0x3E, 0x00, 0x03, 0x00, 0x92, 0x00, 0x00, 0x00, 0xBD, 0x00, 0x00, 0x00, 0xF9, 0x00, 0x02, 0x00,
	0xBC, 0x00, 0x00, 0x00, 0xF8, 0x00, 0x02, 0x00, 0xBE, 0x00, 0x00, 0x00, 0x3D, 0x00, 0x04, 0x00,
	0x14, 0x00, 0x00, 0x00, 0xC0, 0x00, 0x00, 0x00, 0x59, 0x00, 0x00, 0x00, 0x3D, 0x00, 0x04, 0x00,
	0x14, 0x00, 0x00, 0x00, 0xC1, 0x00, 0x00, 0x00, 0x79, 0x00, 0x00, 0x00, 0x0C, 0x00, 0x08, 0x00,
	0x14, 0x00, 0x00, 0x00, 0xC2, 0x00, 0x00, 0x00, 0x01, 0x00, 0x00, 0x00, 0x2B, 0x00, 0x00, 0x00,
	0xC1, 0x00, 0x00, 0x00, 0x43, 0x00, 0x00, 0x00, 0x53, 0x00, 0x00, 0x00, 0x0C, 0x00, 0x08, 0x00,
	0x14, 0x00, 0x00, 0x00, 0xC3, 0x00, 0x00, 0x00, 0x01, 0x00, 0x00, 0x00, 0x2E, 0x00, 0x00, 0x00,
	0x53, 0x00, 0x00, 0x00, 0xC0, 0x00, 0x00, 0x00, 0xC2, 0x00, 0x00, 0x00, 0x3E, 0x00, 0x03, 0x00,
	0xBF, 0x00, 0x00, 0x00, 0xC3, 0x00, 0x00, 0x00, 0x3D, 0x00, 0x04, 0x00, 0x15, 0x00, 0x00, 0x00,
	0xC4, 0x00, 0x00, 0x00, 0x47, 0x00, 0x00, 0x00, 0x4F, 0x00, 0x08, 0x00, 0x5F, 0x00, 0x00, 0x00,
	0xC5, 0x00, 0x00, 0x00, 0xC4, 0x00, 0x00, 0x00, 0xC4, 0x00, 0x00, 0x00, 0x00, 0x00, 0x00, 0x00,
	0x01, 0x00, 0x00, 0x00, 0x02, 0x00, 0x00, 0x00, 0x3D, 0x00, 0x04, 0x00, 0x14, 0x00, 0x00, 0x00,
	0xC6, 0x00, 0x00, 0x00, 0xBF, 0x00, 0x00, 0x00, 0x8E, 0x00, 0x05, 0x00, 0x5F, 0x00, 0x00, 0x00,
	0xC7, 0x00, 0x00, 0x00, 0xC5, 0x00, 0x00, 0x00, 0xC6, 0x00, 0x00, 0x00, 0x3D, 0x00, 0x04, 0x00,
	0x5F, 0x00, 0x00, 0x00, 0xC8, 0x00, 0x00, 0x00, 0x61, 0x00, 0x00, 0x00, 0x3D, 0x00, 0x04, 0x00,
	0x14, 0x00, 0x00, 0x00, 0xC9, 0x00, 0x00, 0x00, 0x7D, 0x00, 0x00, 0x00, 0x8E, 0x00, 0x05, 0x00,
	0x5F, 0x00, 0x00, 0x00, 0xCA, 0x00, 0x00, 0x00, 0xC8, 0x00, 0x00, 0x00, 0xC9, 0x00, 0x00, 0x00,
	0x81, 0x00, 0x05, 0x00, 0x5F, 0x00, 0x00, 0x00, 0xCB, 0x00, 0x00, 0x00, 0xC7, 0x00, 0x00, 0x00,
	0xCA, 0x00, 0x00, 0x00, 0x3D, 0x00, 0x04, 0x00, 0x5F, 0x00, 0x00, 0x00, 0xCC, 0x00, 0x00, 0x00,
	0x67, 0x00, 0x00, 0x00, 0x3D, 0x00, 0x04, 0x00, 0x5F, 0x00, 0x00, 0x00, 0xCD, 0x00, 0x00, 0x00,
	0x6D, 0x00, 0x00, 0x00, 0x85, 0x00, 0x05, 0x00, 0x5F, 0x00, 0x00, 0x00, 0xCE, 0x00, 0x00, 0x00,
	0xCC, 0x00, 0x00, 0x00, 0xCD, 0x00, 0x00, 0x00, 0x3D, 0x00, 0x04, 0x00, 0x14, 0x00, 0x00, 0x00,
	0xCF, 0x00, 0x00, 0x00, 0x87, 0x00, 0x00, 0x00, 0x8E, 0x00, 0x05, 0x00, 0x5F, 0x00, 0x00, 0x00,
	0xD0, 0x00, 0x00, 0x00, 0xCE, 0x00, 0x00, 0x00, 0xCF, 0x00, 0x00, 0x00, 0x81, 0x00, 0x05, 0x00,
	0x5F, 0x00, 0x00, 0x00, 0xD1, 0x00, 0x00, 0x00, 0xCB, 0x00, 0x00, 0x00, 0xD0, 0x00, 0x00, 0x00,
	0x3E, 0x00, 0x03, 0x00, 0x92, 0x00, 0x00, 0x00, 0xD1, 0x00, 0x00, 0x00, 0x3D, 0x00, 0x04, 0x00,
	0x14, 0x00, 0x00, 0x00, 0xD2, 0x00, 0x00, 0x00, 0x8F, 0x00, 0x00, 0x00, 0xBA, 0x00, 0x05, 0x00,
	0x0F, 0x00, 0x00, 0x00, 0xD3, 0x00, 0x00, 0x00, 0xD2, 0x00, 0x00, 0x00, 0x33, 0x00, 0x00, 0x00,
	0xF7, 0x00, 0x03, 0x00, 0xD5, 0x00, 0x00, 0x00, 0x00, 0x00, 0x00, 0x00, 0xFA, 0x00, 0x04, 0x00,
	0xD3, 0x00, 0x00, 0x00, 0xD4, 0x00, 0x00, 0x00, 0xD5, 0x00, 0x00, 0x00, 0xF8, 0x00, 0x02, 0x00,
	0xD4, 0x00, 0x00, 0x00, 0x3D, 0x00, 0x04, 0x00, 0x5F, 0x00, 0x00, 0x00, 0xD6, 0x00, 0x00, 0x00,
	0x6D, 0x00, 0x00, 0x00, 0x3D, 0x00, 0x04, 0x00, 0x5F, 0x00, 0x00, 0x00, 0xD7, 0x00, 0x00, 0x00,
	0x73, 0x00, 0x00, 0x00, 0x85, 0x00, 0x05, 0x00, 0x5F, 0x00, 0x00, 0x00, 0xD8, 0x00, 0x00, 0x00,
	0xD6, 0x00, 0x00, 0x00, 0xD7, 0x00, 0x00, 0x00, 0x3D, 0x00, 0x04, 0x00, 0x14, 0x00, 0x00, 0x00,
	0xD9, 0x00, 0x00, 0x00, 0x8B, 0x00, 0x00, 0x00, 0x8E, 0x00, 0x05, 0x00, 0x5F, 0x00, 0x00, 0x00,
	0xDA, 0x00, 0x00, 0x00, 0xD8, 0x00, 0x00, 0x00, 0xD9, 0x00, 0x00, 0x00, 0x3D, 0x00, 0x04, 0x00,
	0x5F, 0x00, 0x00, 0x00, 0xDB, 0x00, 0x00, 0x00, 0x92, 0x00, 0x00, 0x00, 0x81, 0x00, 0x05, 0x00,
	0x5F, 0x00, 0x00, 0x00, 0xDC, 0x00, 0x00, 0x00, 0xDB, 0x00, 0x00, 0x00, 0xDA, 0x00, 0x00, 0x00,
	0x3E, 0x00, 0x03, 0x00, 0x92, 0x00, 0x00, 0x00, 0xDC, 0x00, 0x00, 0x00, 0xF9, 0x00, 0x02, 0x00,
	0xD5, 0x00, 0x00, 0x00, 0xF8, 0x00, 0x02, 0x00, 0xD5, 0x00, 0x00, 0x00, 0xF9, 0x00, 0x02, 0x00,
	0xBC, 0x00, 0x00, 0x00, 0xF8, 0x00, 0x02, 0x00, 0xBC, 0x00, 0x00, 0x00, 0xF9, 0x00, 0x02, 0x00,
	0xB3, 0x00, 0x00, 0x00, 0xF8, 0x00, 0x02, 0x00, 0xB3, 0x00, 0x00, 0x00, 0xF9, 0x00, 0x02, 0x00,
	0xA6, 0x00, 0x00, 0x00, 0xF8, 0x00, 0x02, 0x00, 0xA6, 0x00, 0x00, 0x00, 0xF9, 0x00, 0x02, 0x00,
	0x9F, 0x00, 0x00, 0x00, 0xF8, 0x00, 0x02, 0x00, 0x9F, 0x00, 0x00, 0x00, 0xF9, 0x00, 0x02, 0x00,
	0x98, 0x00, 0x00, 0x00, 0xF8, 0x00, 0x02, 0x00, 0x98, 0x00, 0x00, 0x00, 0x3D, 0x00, 0x04, 0x00,
	0x48, 0x00, 0x00, 0x00, 0xDD, 0x00, 0x00, 0x00, 0x4A, 0x00, 0x00, 0x00, 0x3D, 0x00, 0x04, 0x00,
	0x07, 0x00, 0x00, 0x00, 0xDE, 0x00, 0x00, 0x00, 0x09, 0x00, 0x00, 0x00, 0x7C, 0x00, 0x04, 0x00,
	0x4D, 0x00, 0x00, 0x00, 0xDF, 0x00, 0x00, 0x00, 0xDE, 0x00, 0x00, 0x00, 0x3D, 0x00, 0x04, 0x00,
	0x5F, 0x00, 0x00, 0x00, 0xE0, 0x00, 0x00, 0x00, 0x92, 0x00, 0x00, 0x00, 0x41, 0x00, 0x05, 0x00,
	0x3B, 0x00, 0x00, 0x00, 0xE1, 0x00, 0x00, 0x00, 0x47, 0x00, 0x00, 0x00, 0x88, 0x00, 0x00, 0x00,
	0x3D, 0x00, 0x04, 0x00, 0x14, 0x00, 0x00, 0x00, 0xE2, 0x00, 0x00, 0x00, 0xE1, 0x00, 0x00, 0x00,
	0x51, 0x00, 0x05, 0x00, 0x14, 0x00, 0x00, 0x00, 0xE3, 0x00, 0x00, 0x00, 0xE0, 0x00, 0x00, 0x00,
	0x00, 0x00, 0x00, 0x00, 0x51, 0x00, 0x05, 0x00, 0x14, 0x00, 0x00, 0x00, 0xE4, 0x00, 0x00, 0x00,
	0xE0, 0x00, 0x00, 0x00, 0x01, 0x00, 0x00, 0x00, 0x51, 0x00, 0x05, 0x00, 0x14, 0x00, 0x00, 0x00,
	0xE5, 0x00, 0x00, 0x00, 0xE0, 0x00, 0x00, 0x00, 0x02, 0x00, 0x00, 0x00, 0x50, 0x00, 0x07, 0x00,
	0x15, 0x00, 0x00, 0x00, 0xE6, 0x00, 0x00, 0x00, 0xE3, 0x00, 0x00, 0x00, 0xE4, 0x00, 0x00, 0x00,
	0xE5, 0x00, 0x00, 0x00, 0xE2, 0x00, 0x00, 0x00, 0x63, 0x00, 0x04, 0x00, 0xDD, 0x00, 0x00, 0x00,
	0xDF, 0x00, 0x00, 0x00, 0xE6, 0x00, 0x00, 0x00, 0xFD, 0x00, 0x01, 0x00, 0x38, 0x00, 0x01, 0x00
};
#define VK_HYBRID1_COMPOSITE_CS_SPV_SIZE (5744u)

